customer_id,first_name,last_name,region,country,customer_type,signup_date,preferred_channel,email_opt_in
C100000,James,Williams,Europe,France,Individual,2022-01-08,Online,0
C100001,Lucas,Martin,Latin America,Chile,Small Business,2022-02-21,Online,1
C100002,Linda,Thompson,APAC,Singapore,Individual,2023-11-21,Marketplace,1
C100003,Thomas,Thompson,Europe,Netherlands,Small Business,2022-01-03,Online,0
C100004,James,Lee,North America,Mexico,Enterprise,2022-07-13,Online,1
C100005,Susan,Jones,North America,USA,Individual,2025-07-28,B2B Direct,1
C100006,Richard,Rodriguez,North America,Mexico,Individual,2021-04-18,Online,0
C100007,Diego,Perez,Middle East,Kuwait,Individual,2022-08-07,Online,0
C100008,Richard,Jackson,APAC,Singapore,Individual,2023-04-19,B2B Direct,0
C100009,Robert,Jones,APAC,South Korea,Small Business,2022-02-22,In-Store,1
C100010,Wei,Brown,North America,Mexico,Individual,2025-07-02,Online,0
C100011,Sofia,Lee,Latin America,Chile,Individual,2023-04-01,Marketplace,0
C100012,Susan,Moore,Middle East,Qatar,Individual,2024-11-22,Online,1
C100013,Lucas,Jones,North America,Mexico,Individual,2024-07-19,Online,1
C100014,Wei,Gonzalez,North America,Canada,Small Business,2022-11-14,Marketplace,1
C100015,Layla,Sanchez,North America,USA,Individual,2024-02-14,B2B Direct,1
C100016,Barbara,Thomas,North America,Mexico,Enterprise,2026-02-08,In-Store,0
C100017,Carlos,Hernandez,Europe,Italy,Individual,2025-05-29,In-Store,1
C100018,John,Williams,Europe,Italy,Individual,2021-09-13,Online,1
C100019,David,Brown,North America,USA,Individual,2024-01-10,In-Store,0
C100020,Mary,Rodriguez,APAC,Singapore,Individual,2023-02-19,Online,1
C100021,Elena,Robinson,North America,USA,Enterprise,2024-02-26,In-Store,1
C100022,Amara,Lopez,North America,Canada,Individual,2023-04-18,In-Store,1
C100023,Amara,Gonzalez,Europe,Germany,Small Business,2023-07-04,In-Store,0
C100024,Liam,Lee,Europe,UK,Individual,2021-08-23,Online,0
C100025,Diego,Lee,APAC,South Korea,Individual,2022-07-07,Online,0
C100026,Wei,Clark,North America,USA,Individual,2021-06-30,Online,1
C100027,Ananya,Jones,Europe,Germany,Individual,2021-06-06,Online,1
C100028,Barbara,Taylor,Europe,France,Individual,2025-01-17,Online,1
C100029,Michael,Lee,North America,Canada,Individual,2022-07-25,B2B Direct,0
C100030,Yuki,Smith,APAC,Japan,Small Business,2023-05-07,In-Store,1
C100031,Linda,Thomas,North America,USA,Individual,2025-11-20,B2B Direct,1
C100032,Layla,Perez,North America,Mexico,Individual,2025-09-24,In-Store,1
C100033,Jessica,Thompson,Latin America,Chile,Individual,2023-11-14,Online,0
C100034,Lucas,Martin,Latin America,Argentina,Individual,2025-02-05,Online,1
C100035,Elizabeth,Davis,Middle East,Saudi Arabia,Enterprise,2024-11-24,Online,0
C100036,Barbara,Robinson,North America,Canada,Individual,2023-08-06,Marketplace,1
C100037,Wei,Johnson,North America,Canada,Individual,2022-08-15,Online,1
C100038,Michael,Young,APAC,Australia,Individual,2021-05-14,Online,1
C100039,Ananya,Jackson,Europe,Netherlands,Individual,2022-02-25,Marketplace,1
C100040,Lucas,Gonzalez,North America,Mexico,Individual,2021-08-01,Online,1
C100041,Ethan,White,Europe,Netherlands,Individual,2023-06-19,In-Store,1
C100042,Wei,Martinez,North America,Canada,Individual,2022-04-27,Online,1
C100043,David,Jones,Latin America,Brazil,Individual,2021-12-14,Marketplace,1
C100044,Karen,Clark,North America,Canada,Small Business,2021-06-15,In-Store,1
C100045,Richard,Harris,APAC,Japan,Individual,2023-07-26,Online,0
C100046,Carlos,Miller,North America,USA,Small Business,2021-12-14,Marketplace,1
C100047,Diego,Clark,Europe,Germany,Individual,2023-04-29,In-Store,1
C100048,Sarah,Lee,Europe,France,Small Business,2022-02-02,Marketplace,1
C100049,Yuki,Ramirez,North America,Canada,Individual,2022-08-06,B2B Direct,1
C100050,Karen,Lee,Latin America,Chile,Individual,2022-12-27,Online,1
C100051,William,Lee,APAC,Singapore,Individual,2024-12-29,Online,1
C100052,Lucas,Clark,Latin America,Brazil,Individual,2025-05-20,In-Store,0
C100053,Noah,Anderson,Middle East,Qatar,Individual,2024-05-29,In-Store,1
C100054,Fatima,Jones,Europe,Spain,Individual,2021-11-04,Marketplace,1
C100055,Omar,Taylor,Latin America,Argentina,Individual,2023-09-18,Online,1
C100056,Fatima,Davis,North America,USA,Individual,2023-03-09,Online,0
C100057,Layla,White,North America,Canada,Individual,2025-09-17,In-Store,0
C100058,Yuki,Moore,North America,Canada,Small Business,2022-12-20,Online,1
C100059,Noah,Jones,North America,USA,Individual,2022-04-11,Online,1
C100060,Omar,Thomas,Europe,Netherlands,Individual,2021-04-09,Online,1
C100061,Ava,Lee,North America,USA,Individual,2024-06-19,Online,1
C100062,John,Lopez,Middle East,Qatar,Individual,2021-06-07,In-Store,1
C100063,Amara,Taylor,Europe,UK,Individual,2022-09-02,Online,1
C100064,Diego,King,North America,USA,Small Business,2022-07-08,Online,1
C100065,Priya,Hernandez,Europe,France,Individual,2022-10-13,In-Store,1
C100066,Mia,Hernandez,North America,Canada,Individual,2025-12-24,Marketplace,0
C100067,Yuki,Ramirez,Middle East,Qatar,Individual,2023-07-09,Online,0
C100068,Elizabeth,Robinson,North America,USA,Individual,2021-08-15,In-Store,1
C100069,Noah,Wilson,Latin America,Argentina,Small Business,2022-02-27,Online,1
C100070,Barbara,Lee,APAC,Japan,Small Business,2024-01-01,Marketplace,1
C100071,Amara,Young,North America,Canada,Individual,2021-08-31,B2B Direct,1
C100072,Ava,Clark,North America,USA,Individual,2022-06-14,Online,1
C100073,Charles,Davis,Middle East,Saudi Arabia,Individual,2025-06-01,Marketplace,1
C100074,Charles,King,APAC,Singapore,Individual,2023-12-05,Online,1
C100075,Amara,Lee,APAC,India,Individual,2025-02-04,B2B Direct,1
C100076,Mary,Lewis,APAC,Australia,Individual,2022-01-06,Online,1
C100077,Omar,Thomas,North America,USA,Individual,2026-02-22,In-Store,0
C100078,Mia,Brown,Europe,UK,Individual,2022-10-14,Marketplace,0
C100079,Noah,Harris,North America,Canada,Individual,2022-11-20,Online,1
C100080,Diego,Jones,Middle East,Saudi Arabia,Small Business,2023-01-04,Online,1
C100081,Barbara,Jackson,APAC,Australia,Individual,2026-05-05,Online,1
C100082,Karen,Garcia,North America,USA,Small Business,2021-04-02,In-Store,0
C100083,Layla,Robinson,North America,Canada,Individual,2023-11-12,Marketplace,1
C100084,David,Ramirez,North America,USA,Individual,2021-06-21,Marketplace,1
C100085,Mary,Gonzalez,North America,USA,Small Business,2025-06-16,In-Store,1
C100086,Chen,Williams,APAC,Japan,Small Business,2024-04-30,Marketplace,1
C100087,Noah,Brown,APAC,Australia,Individual,2024-01-06,Online,0
C100088,Ananya,Martinez,Middle East,Kuwait,Individual,2024-07-28,In-Store,1
C100089,Charles,Garcia,Europe,Netherlands,Small Business,2024-10-19,Online,1
C100090,Susan,Smith,North America,Canada,Individual,2021-06-28,Online,0
C100091,Thomas,Smith,APAC,Japan,Individual,2021-08-26,In-Store,1
C100092,John,Miller,APAC,South Korea,Small Business,2024-03-04,Online,0
C100093,Ananya,Thomas,Europe,Netherlands,Individual,2023-05-27,Online,0
C100094,Wei,White,APAC,South Korea,Individual,2023-06-21,Marketplace,1
C100095,Lucas,Brown,Europe,Spain,Individual,2021-10-07,In-Store,1
C100096,Karen,Thomas,Europe,UK,Individual,2023-11-09,Online,0
C100097,Chen,Miller,Europe,Netherlands,Individual,2025-06-07,Online,1
C100098,Hiroshi,Harris,North America,Mexico,Individual,2023-01-10,Marketplace,0
C100099,Charles,Anderson,North America,Mexico,Individual,2022-01-06,Online,0
C100100,Chen,Rodriguez,North America,Mexico,Individual,2025-12-06,Marketplace,0
C100101,Fatima,Hernandez,APAC,India,Individual,2024-02-10,Online,1
C100102,Layla,Miller,North America,USA,Individual,2025-11-22,In-Store,1
C100103,Sarah,Thompson,Europe,UK,Small Business,2025-08-27,Online,1
C100104,Sofia,Williams,Latin America,Argentina,Individual,2023-05-20,In-Store,1
C100105,Mia,Miller,North America,Canada,Enterprise,2025-08-31,In-Store,1
C100106,Liam,Williams,Europe,Netherlands,Individual,2023-10-16,In-Store,0
C100107,Charles,Lopez,APAC,South Korea,Small Business,2021-08-09,In-Store,0
C100108,Omar,Williams,North America,Canada,Individual,2023-07-09,Online,1
C100109,Liam,Miller,North America,Canada,Individual,2021-10-31,B2B Direct,1
C100110,Omar,Thompson,North America,Mexico,Small Business,2025-09-23,Online,1
C100111,Michael,Anderson,North America,Canada,Small Business,2024-09-10,Online,1
C100112,Fatima,Thompson,Latin America,Argentina,Individual,2024-12-31,Online,1
C100113,John,Jones,Middle East,UAE,Individual,2022-03-14,Online,0
C100114,Fatima,Lewis,APAC,India,Individual,2024-04-08,Online,1
C100115,Liam,Jackson,Middle East,Saudi Arabia,Small Business,2022-01-10,In-Store,1
C100116,Hiroshi,White,Middle East,UAE,Individual,2025-04-30,In-Store,1
C100117,Joseph,Thompson,North America,Canada,Individual,2022-01-16,Online,1
C100118,Priya,Ramirez,Middle East,Qatar,Individual,2023-09-13,B2B Direct,1
C100119,Thomas,Taylor,Europe,France,Individual,2021-01-14,Online,0
C100120,Karen,Rodriguez,Middle East,UAE,Small Business,2023-01-13,Marketplace,1
C100121,Jessica,Taylor,Middle East,Qatar,Individual,2022-10-31,Online,1
C100122,Chen,Smith,North America,USA,Individual,2022-05-15,Online,1
C100123,Elena,Rodriguez,North America,Canada,Individual,2025-07-28,In-Store,1
C100124,Jessica,Garcia,North America,USA,Individual,2024-11-15,In-Store,1
C100125,Susan,Anderson,Europe,Germany,Individual,2025-04-22,In-Store,1
C100126,Elizabeth,Garcia,Middle East,UAE,Individual,2022-07-19,Marketplace,1
C100127,Mary,Moore,Middle East,Saudi Arabia,Enterprise,2022-06-14,In-Store,1
C100128,Layla,White,North America,USA,Individual,2026-06-30,B2B Direct,1
C100129,Wei,Robinson,Europe,France,Individual,2022-05-07,Online,1
C100130,Mary,Jackson,Europe,UK,Individual,2025-04-23,Online,1
C100131,Michael,Ramirez,North America,USA,Individual,2025-09-19,B2B Direct,0
C100132,Diego,Thompson,North America,Canada,Enterprise,2024-11-09,Online,1
C100133,Ethan,White,North America,Mexico,Individual,2024-05-04,Online,1
C100134,Ava,Clark,Latin America,Argentina,Individual,2023-01-25,Online,1
C100135,Charles,Gonzalez,North America,Canada,Individual,2021-10-27,In-Store,1
C100136,Ethan,Hernandez,Europe,Germany,Individual,2023-03-26,In-Store,1
C100137,Thomas,Anderson,APAC,Australia,Individual,2022-07-01,Online,0
C100138,Mia,Robinson,Europe,UK,Small Business,2022-12-28,Online,1
C100139,Elizabeth,Garcia,Latin America,Argentina,Individual,2023-01-01,Online,1
C100140,Joseph,Harris,Latin America,Argentina,Individual,2023-04-08,Online,1
C100141,John,Walker,North America,USA,Individual,2022-08-25,Online,1
C100142,Ethan,Hernandez,Europe,France,Individual,2024-08-24,In-Store,1
C100143,Sofia,Brown,North America,Mexico,Individual,2026-08-09,Online,1
C100144,Patricia,Anderson,North America,Canada,Small Business,2024-06-29,Online,1
C100145,Sofia,White,North America,USA,Individual,2023-10-29,Online,0
C100146,James,Wilson,APAC,Australia,Individual,2023-02-07,B2B Direct,1
C100147,Thomas,White,Europe,Netherlands,Individual,2023-05-25,Online,1
C100148,Ananya,Thompson,North America,Mexico,Small Business,2024-05-16,Online,0
C100149,Wei,Jones,North America,USA,Individual,2023-07-26,Online,0
C100150,John,Sanchez,Latin America,Chile,Small Business,2021-05-11,Online,1
C100151,Liam,Robinson,North America,Mexico,Individual,2025-10-26,In-Store,1
C100152,Ethan,Williams,North America,USA,Small Business,2025-09-29,Marketplace,0
C100153,David,Moore,Europe,Italy,Individual,2026-06-27,Online,1
C100154,Karen,Perez,Latin America,Argentina,Individual,2025-08-05,In-Store,1
C100155,Susan,Ramirez,North America,Canada,Individual,2025-11-23,Marketplace,1
C100156,Karen,Robinson,APAC,India,Individual,2022-08-31,B2B Direct,0
C100157,Omar,Johnson,APAC,South Korea,Individual,2021-01-26,In-Store,1
C100158,Patricia,Rodriguez,North America,Canada,Individual,2025-07-05,Online,1
C100159,Ava,Smith,APAC,Australia,Individual,2025-01-17,In-Store,1
C100160,Karen,Lee,Europe,France,Individual,2022-09-27,In-Store,1
C100161,William,Ramirez,APAC,Singapore,Enterprise,2024-04-24,Marketplace,1
C100162,Michael,Young,APAC,Japan,Individual,2022-04-29,B2B Direct,1
C100163,Elena,Garcia,Europe,Italy,Small Business,2022-11-11,In-Store,1
C100164,Linda,Thompson,North America,Canada,Individual,2023-12-11,Online,0
C100165,Fatima,Garcia,Middle East,UAE,Individual,2026-03-30,In-Store,1
C100166,Joseph,Perez,North America,Canada,Individual,2021-01-05,Online,1
C100167,James,Walker,North America,Canada,Individual,2022-08-12,Online,1
C100168,Elizabeth,Jackson,North America,USA,Enterprise,2024-03-29,In-Store,0
C100169,Carlos,Davis,Europe,Netherlands,Individual,2021-07-27,Online,0
C100170,Joseph,Davis,APAC,Australia,Small Business,2021-09-14,Online,0
C100171,Ananya,Martin,North America,USA,Small Business,2024-05-13,Online,1
C100172,Wei,White,Europe,UK,Individual,2025-11-26,B2B Direct,1
C100173,Carlos,Gonzalez,North America,Mexico,Enterprise,2026-05-28,Online,1
C100174,Elizabeth,Miller,APAC,Australia,Individual,2021-01-11,Online,1
C100175,Fatima,Davis,North America,USA,Enterprise,2023-08-07,Marketplace,1
C100176,Jessica,Clark,APAC,Singapore,Individual,2021-01-08,In-Store,0
C100177,John,Williams,Europe,UK,Individual,2024-12-03,Online,1
C100178,Layla,Taylor,Latin America,Argentina,Small Business,2023-07-25,In-Store,1
C100179,Liam,Jones,North America,Canada,Individual,2021-02-01,Online,1
C100180,Yuki,Rodriguez,North America,USA,Individual,2026-07-01,In-Store,1
C100181,Lucas,Garcia,North America,Mexico,Individual,2022-06-24,Online,1
C100182,Omar,Davis,Latin America,Brazil,Individual,2025-10-08,Online,1
C100183,Mary,Sanchez,Middle East,Qatar,Individual,2023-10-02,Online,1
C100184,Noah,Martin,North America,USA,Small Business,2022-01-22,Online,1
C100185,Elena,Sanchez,APAC,Australia,Individual,2024-06-05,In-Store,1
C100186,Lucas,Williams,Middle East,UAE,Individual,2022-10-02,Marketplace,1
C100187,Charles,Harris,Europe,France,Individual,2025-11-26,B2B Direct,1
C100188,Mia,Anderson,Europe,UK,Individual,2025-02-07,Marketplace,0
C100189,Sarah,Hernandez,North America,USA,Individual,2025-10-14,Online,0
C100190,Robert,Young,North America,Canada,Small Business,2025-11-10,In-Store,1
C100191,Michael,Young,Middle East,Saudi Arabia,Enterprise,2021-07-26,In-Store,1
C100192,Fatima,Garcia,Latin America,Argentina,Individual,2024-09-03,B2B Direct,1
C100193,Mia,Johnson,APAC,Singapore,Individual,2025-12-24,In-Store,1
C100194,James,Thompson,North America,Canada,Small Business,2025-11-16,Online,1
C100195,Michael,Lewis,North America,USA,Small Business,2022-07-11,Online,1
C100196,Wei,Miller,APAC,Australia,Individual,2025-06-29,In-Store,1
C100197,Robert,Robinson,Middle East,Qatar,Individual,2021-12-14,Online,1
C100198,Charles,Thomas,Middle East,UAE,Small Business,2023-03-04,Online,0
C100199,Diego,Smith,APAC,South Korea,Individual,2021-08-22,Marketplace,1
C100200,David,Gonzalez,APAC,India,Individual,2025-09-21,Online,1
C100201,Sofia,Smith,North America,Canada,Individual,2023-12-04,Online,1
C100202,Sofia,Perez,North America,USA,Individual,2023-10-03,Online,0
C100203,Richard,Lewis,Middle East,Qatar,Individual,2023-01-07,In-Store,0
C100204,Omar,Thomas,APAC,South Korea,Individual,2023-07-31,In-Store,1
C100205,Chen,Rodriguez,North America,Canada,Individual,2024-03-11,Online,1
C100206,Yuki,Harris,North America,Canada,Individual,2025-07-30,Online,1
C100207,Ava,Perez,APAC,South Korea,Individual,2021-06-25,Online,1
C100208,Robert,Johnson,North America,Mexico,Individual,2025-08-05,B2B Direct,1
C100209,William,Smith,North America,USA,Small Business,2022-03-25,Online,1
C100210,Diego,Martinez,Europe,France,Enterprise,2022-08-15,B2B Direct,1
C100211,Layla,White,APAC,Japan,Individual,2021-03-23,Marketplace,1
C100212,Noah,White,APAC,Singapore,Individual,2021-05-15,Online,0
C100213,Robert,Martinez,North America,Canada,Enterprise,2025-10-09,In-Store,1
C100214,John,Martin,APAC,Japan,Individual,2023-05-06,Online,0
C100215,Elena,Lopez,North America,Mexico,Individual,2024-04-15,B2B Direct,1
C100216,Patricia,Thompson,North America,Canada,Small Business,2024-11-07,In-Store,0
C100217,Linda,Thompson,APAC,Singapore,Individual,2024-06-20,In-Store,1
C100218,Thomas,Rodriguez,APAC,Australia,Small Business,2025-05-10,In-Store,0
C100219,Wei,Brown,Middle East,Qatar,Small Business,2024-03-10,Online,0
C100220,Ethan,Lewis,APAC,Japan,Individual,2025-01-20,Online,1
C100221,Carlos,Clark,Europe,Italy,Individual,2022-03-16,In-Store,1
C100222,Elena,Lewis,North America,USA,Individual,2023-12-16,Online,1
C100223,Yuki,Brown,Europe,Netherlands,Individual,2025-03-31,Online,0
C100224,Ethan,Johnson,North America,Canada,Individual,2022-11-28,In-Store,1
C100225,Hiroshi,Miller,North America,Mexico,Individual,2026-01-24,B2B Direct,1
C100226,Omar,Lopez,Latin America,Brazil,Individual,2022-02-23,B2B Direct,0
C100227,Liam,Clark,Europe,UK,Small Business,2021-03-29,Marketplace,1
C100228,Priya,Perez,Middle East,UAE,Individual,2025-06-21,In-Store,0
C100229,Fatima,Anderson,APAC,Australia,Individual,2022-10-18,Marketplace,0
C100230,Karen,Martinez,APAC,Australia,Individual,2023-10-29,In-Store,1
C100231,Priya,Martin,Europe,Germany,Individual,2025-02-09,Online,0
C100232,Thomas,Young,Europe,Italy,Individual,2021-08-03,Online,1
C100233,Susan,Martin,Europe,Italy,Individual,2025-09-05,B2B Direct,1
C100234,Robert,Jones,North America,USA,Individual,2025-10-25,In-Store,1
C100235,Lucas,Lewis,APAC,Singapore,Small Business,2022-07-06,In-Store,0
C100236,Priya,Clark,North America,Canada,Enterprise,2025-03-01,Online,0
C100237,Susan,Sanchez,North America,USA,Individual,2025-09-14,Online,1
C100238,Chen,Hernandez,APAC,India,Individual,2022-05-18,B2B Direct,1
C100239,Yuki,Lewis,North America,USA,Individual,2025-12-11,Marketplace,0
C100240,Lucas,Martin,Latin America,Argentina,Individual,2022-11-30,Marketplace,1
C100241,William,Garcia,Latin America,Argentina,Individual,2021-09-02,Online,1
C100242,Barbara,Davis,Latin America,Chile,Small Business,2025-02-10,Online,1
C100243,Layla,Johnson,Europe,UK,Individual,2021-11-05,Online,1
C100244,Karen,Clark,North America,Mexico,Individual,2021-08-19,Online,0
C100245,Noah,Martin,Latin America,Chile,Individual,2024-11-07,Online,0
C100246,Fatima,Robinson,Europe,Spain,Enterprise,2021-06-04,In-Store,0
C100247,Charles,Lewis,Latin America,Chile,Small Business,2024-04-13,Online,1
C100248,Liam,Johnson,Latin America,Chile,Individual,2023-04-28,B2B Direct,1
C100249,James,Anderson,Middle East,Saudi Arabia,Individual,2021-04-25,B2B Direct,1
C100250,Elizabeth,King,North America,USA,Individual,2024-11-14,Online,0
C100251,James,Hernandez,Europe,Netherlands,Individual,2021-11-07,In-Store,1
C100252,John,White,Middle East,Kuwait,Individual,2023-09-20,In-Store,1
C100253,Wei,Anderson,North America,Mexico,Small Business,2021-10-27,Online,1
C100254,Mary,Jones,North America,Canada,Individual,2023-11-08,Marketplace,1
C100255,David,Rodriguez,Europe,Italy,Enterprise,2023-02-23,Online,1
C100256,Michael,Brown,Latin America,Brazil,Individual,2021-01-12,In-Store,1
C100257,Ananya,Clark,APAC,South Korea,Small Business,2024-11-28,Online,0
C100258,Michael,Brown,Europe,Italy,Small Business,2026-01-11,Marketplace,1
C100259,David,Gonzalez,North America,USA,Individual,2025-09-24,In-Store,1
C100260,Lucas,Lee,APAC,South Korea,Individual,2021-08-20,Marketplace,0
C100261,David,Hernandez,Latin America,Brazil,Individual,2023-08-13,Online,1
C100262,Barbara,Lopez,North America,Mexico,Small Business,2025-06-17,Online,0
C100263,Liam,Wilson,Europe,Italy,Individual,2026-07-07,Online,1
C100264,David,Gonzalez,Middle East,Saudi Arabia,Individual,2022-12-31,Marketplace,1
C100265,Elizabeth,Jones,APAC,Singapore,Individual,2024-07-25,Online,1
C100266,Elizabeth,Lee,APAC,South Korea,Individual,2024-10-08,Online,1
C100267,Thomas,Rodriguez,APAC,Australia,Individual,2023-10-15,Online,1
C100268,Ethan,King,Europe,Italy,Individual,2026-07-30,Online,1
C100269,Patricia,Taylor,North America,Canada,Individual,2023-09-26,Marketplace,1
C100270,Jessica,Clark,Middle East,Kuwait,Individual,2021-10-30,Online,0
C100271,Liam,Smith,Middle East,Qatar,Small Business,2022-06-25,In-Store,1
C100272,Priya,Jones,Middle East,Qatar,Small Business,2022-04-15,Online,1
C100273,Jennifer,Lopez,Latin America,Argentina,Individual,2023-03-24,Online,1
C100274,Lucas,Harris,Europe,Italy,Small Business,2021-03-18,Online,0
C100275,David,Harris,Europe,Germany,Individual,2023-10-17,In-Store,1
C100276,Hiroshi,Lopez,APAC,Australia,Individual,2025-03-25,Online,1
C100277,Ethan,Hernandez,APAC,India,Individual,2021-01-24,Online,1
C100278,Diego,Robinson,APAC,Australia,Individual,2023-11-05,Online,1
C100279,Susan,Clark,APAC,South Korea,Individual,2022-11-07,Marketplace,1
C100280,Amara,Taylor,Middle East,UAE,Individual,2022-06-09,Online,1
C100281,Chen,Robinson,North America,Canada,Individual,2021-12-13,Marketplace,0
C100282,Wei,Williams,Europe,Spain,Small Business,2021-06-21,Online,1
C100283,Elena,Hernandez,North America,Mexico,Individual,2026-03-08,Marketplace,1
C100284,Thomas,King,Europe,Italy,Individual,2024-09-12,In-Store,1
C100285,Thomas,Rodriguez,North America,Canada,Small Business,2022-12-13,In-Store,1
C100286,Joseph,Moore,Europe,Netherlands,Small Business,2025-02-17,Online,0
C100287,Hiroshi,Smith,Europe,UK,Individual,2022-05-04,Online,1
C100288,Chen,Garcia,North America,USA,Individual,2025-01-25,In-Store,1
C100289,William,Jones,Europe,UK,Individual,2022-01-13,In-Store,0
C100290,Ava,Williams,North America,USA,Individual,2025-05-31,In-Store,0
C100291,Thomas,Sanchez,North America,Canada,Individual,2024-04-02,Online,1
C100292,Barbara,Garcia,Middle East,UAE,Individual,2022-01-07,Online,0
C100293,Ava,Hernandez,Europe,France,Small Business,2025-05-16,In-Store,1
C100294,David,Hernandez,North America,Canada,Individual,2023-09-27,Online,1
C100295,Yuki,Thomas,Europe,Netherlands,Enterprise,2023-09-04,B2B Direct,1
C100296,Omar,Martin,APAC,Australia,Small Business,2024-12-18,Marketplace,1
C100297,Patricia,Martin,North America,USA,Enterprise,2023-01-27,Online,1
C100298,Charles,Sanchez,APAC,India,Individual,2022-04-22,In-Store,0
C100299,Richard,Harris,North America,Mexico,Small Business,2022-01-17,In-Store,1
C100300,Amara,Robinson,North America,USA,Individual,2021-06-04,Online,1
C100301,David,Harris,Europe,Italy,Individual,2021-09-14,Online,1
C100302,Lucas,Martinez,Europe,France,Individual,2025-11-15,Online,0
C100303,Michael,Clark,APAC,Japan,Individual,2022-11-05,Online,1
C100304,Michael,Brown,APAC,Singapore,Small Business,2021-03-09,B2B Direct,1
C100305,Ananya,Thomas,Latin America,Brazil,Small Business,2021-12-10,In-Store,0
C100306,David,Lewis,Europe,Netherlands,Individual,2024-07-24,Online,1
C100307,Priya,Lee,North America,Mexico,Individual,2022-11-04,In-Store,0
C100308,Ananya,Walker,APAC,South Korea,Individual,2022-01-26,B2B Direct,1
C100309,John,Jackson,North America,USA,Individual,2025-01-12,Online,1
C100310,John,Young,Europe,France,Small Business,2026-07-18,In-Store,1
C100311,Linda,Brown,North America,Canada,Individual,2021-09-16,Marketplace,0
C100312,Joseph,Wilson,North America,Mexico,Enterprise,2026-07-21,Marketplace,1
C100313,Richard,Smith,Latin America,Argentina,Individual,2021-11-03,In-Store,1
C100314,Layla,Jackson,Middle East,Qatar,Individual,2026-02-14,B2B Direct,1
C100315,Hiroshi,Young,APAC,Australia,Individual,2024-01-24,Online,1
C100316,Liam,Davis,Europe,UK,Individual,2023-08-08,Online,0
C100317,Fatima,Jones,North America,USA,Individual,2025-01-27,Online,0
C100318,Noah,Davis,North America,Mexico,Small Business,2023-08-28,Online,0
C100319,Sarah,Garcia,North America,Canada,Small Business,2021-09-03,Online,1
C100320,Barbara,Hernandez,Europe,Spain,Individual,2023-01-03,Marketplace,0
C100321,Fatima,Gonzalez,APAC,South Korea,Individual,2025-07-17,Marketplace,1
C100322,Mary,Harris,APAC,Singapore,Individual,2021-07-06,Online,1
C100323,Priya,Lewis,North America,USA,Individual,2025-12-03,B2B Direct,1
C100324,Elena,Martin,Latin America,Brazil,Individual,2023-07-14,Online,0
C100325,Wei,Sanchez,APAC,South Korea,Individual,2023-02-24,Online,1
C100326,John,Martin,Europe,UK,Small Business,2024-10-28,In-Store,1
C100327,Thomas,Garcia,APAC,Singapore,Individual,2025-05-15,Online,1
C100328,Michael,Taylor,Europe,France,Enterprise,2024-11-30,Online,0
C100329,Sarah,Clark,North America,Canada,Individual,2022-02-12,B2B Direct,1
C100330,Mary,Jackson,Europe,Germany,Enterprise,2024-02-23,In-Store,1
C100331,Elena,Young,APAC,Japan,Individual,2024-09-22,In-Store,1
C100332,Chen,Thompson,North America,USA,Individual,2021-12-07,B2B Direct,1
C100333,Robert,Walker,North America,Canada,Enterprise,2022-07-17,Marketplace,1
C100334,David,Thomas,North America,USA,Individual,2024-04-16,Online,1
C100335,Layla,Williams,North America,USA,Individual,2022-10-13,Online,1
C100336,Chen,Thomas,Middle East,Saudi Arabia,Individual,2023-08-10,Online,1
C100337,Chen,Thomas,APAC,South Korea,Small Business,2026-02-06,Online,1
C100338,Sarah,Brown,Europe,UK,Small Business,2024-04-08,B2B Direct,1
C100339,Joseph,Jones,North America,Mexico,Individual,2023-11-29,Marketplace,1
C100340,William,Ramirez,Europe,Spain,Individual,2021-03-10,Online,1
C100341,Yuki,Thompson,Europe,UK,Enterprise,2024-06-13,B2B Direct,1
C100342,John,Jackson,North America,USA,Individual,2025-05-03,Online,1
C100343,Priya,Harris,Europe,UK,Individual,2022-01-16,Marketplace,1
C100344,Barbara,Jackson,Europe,UK,Individual,2021-02-26,Online,1
C100345,Elizabeth,Williams,APAC,India,Individual,2024-07-24,Online,1
C100346,David,Davis,APAC,Japan,Individual,2023-04-30,In-Store,1
C100347,Mary,Sanchez,North America,USA,Individual,2024-01-28,In-Store,1
C100348,David,Walker,Europe,France,Individual,2023-07-05,Online,1
C100349,Jessica,Jackson,APAC,Singapore,Individual,2025-03-31,Marketplace,1
C100350,James,Taylor,Europe,France,Individual,2021-11-21,B2B Direct,1
C100351,Ananya,Smith,Middle East,UAE,Individual,2022-04-06,Online,0
C100352,Mia,Gonzalez,APAC,Japan,Small Business,2021-06-28,In-Store,1
C100353,Ava,Lopez,North America,Canada,Individual,2023-04-24,Online,0
C100354,James,Young,North America,Mexico,Individual,2022-07-28,Online,1
C100355,Lucas,White,APAC,Japan,Enterprise,2021-04-29,Marketplace,1
C100356,Susan,White,North America,USA,Individual,2025-02-01,Online,1
C100357,Lucas,Rodriguez,Europe,Netherlands,Individual,2022-07-03,B2B Direct,0
C100358,Hiroshi,Brown,Latin America,Argentina,Individual,2022-10-08,Online,1
C100359,Carlos,Harris,Europe,Netherlands,Small Business,2025-01-18,Online,1
C100360,Ava,White,Europe,Spain,Small Business,2021-01-26,B2B Direct,1
C100361,Mia,Thompson,APAC,India,Small Business,2025-02-22,Online,0
C100362,Layla,Anderson,Europe,France,Small Business,2026-07-25,In-Store,0
C100363,Diego,Harris,Europe,Germany,Individual,2023-10-29,In-Store,1
C100364,Omar,Martinez,Latin America,Chile,Individual,2023-08-27,Online,1
C100365,Susan,Martinez,Europe,UK,Individual,2026-07-04,In-Store,1
C100366,Barbara,Garcia,Latin America,Brazil,Individual,2025-03-20,Online,0
C100367,Robert,Jones,Latin America,Chile,Individual,2022-06-17,In-Store,1
C100368,Michael,Lewis,North America,Canada,Individual,2026-05-05,In-Store,1
C100369,Ananya,Martin,North America,Mexico,Individual,2021-05-29,Online,1
C100370,Priya,Smith,North America,Mexico,Small Business,2025-02-20,Marketplace,0
C100371,Elizabeth,Perez,North America,Mexico,Individual,2023-11-15,Marketplace,1
C100372,Elizabeth,Thompson,North America,Mexico,Individual,2026-07-16,In-Store,1
C100373,Liam,Sanchez,APAC,Singapore,Individual,2022-10-17,Online,1
C100374,Thomas,Wilson,North America,Mexico,Individual,2025-11-16,In-Store,0
C100375,Noah,Lopez,North America,Canada,Individual,2026-05-09,In-Store,1
C100376,Sarah,Anderson,Middle East,Saudi Arabia,Individual,2023-08-03,In-Store,0
C100377,Omar,Thomas,North America,USA,Individual,2022-07-09,In-Store,1
C100378,Mary,Anderson,Middle East,Qatar,Small Business,2022-03-01,In-Store,0
C100379,David,Davis,North America,Canada,Small Business,2021-10-20,Marketplace,0
C100380,John,Wilson,North America,USA,Individual,2024-04-23,B2B Direct,1
C100381,Omar,Johnson,APAC,South Korea,Individual,2022-07-08,In-Store,1
C100382,Joseph,Lopez,APAC,Singapore,Individual,2022-03-07,Online,1
C100383,Yuki,White,Middle East,Qatar,Enterprise,2022-08-27,Online,0
C100384,Omar,Johnson,APAC,Australia,Individual,2021-11-13,Online,1
C100385,Chen,Moore,Middle East,UAE,Individual,2022-02-02,Online,1
C100386,Fatima,Brown,North America,Mexico,Small Business,2024-09-09,Online,1
C100387,Ananya,Ramirez,North America,Canada,Individual,2025-05-08,B2B Direct,1
C100388,Wei,Harris,APAC,India,Individual,2022-08-19,Marketplace,0
C100389,Charles,Miller,Middle East,UAE,Individual,2022-06-30,Online,1
C100390,Elizabeth,Lopez,Latin America,Argentina,Individual,2021-03-17,Online,0
C100391,Liam,Jackson,Europe,Germany,Individual,2023-05-15,Online,0
C100392,Elena,Brown,Europe,UK,Individual,2026-04-28,Online,1
C100393,Elena,Johnson,APAC,Australia,Small Business,2023-07-05,In-Store,1
C100394,Sofia,White,North America,USA,Individual,2022-12-10,In-Store,1
C100395,William,Hernandez,Latin America,Chile,Individual,2022-05-01,Marketplace,1
C100396,Thomas,White,Middle East,Kuwait,Individual,2025-12-27,Online,1
C100397,Layla,Rodriguez,Europe,Spain,Small Business,2024-01-17,Online,1
C100398,Wei,Miller,APAC,Australia,Individual,2023-01-17,In-Store,1
C100399,Omar,Lewis,APAC,Japan,Individual,2024-06-09,B2B Direct,1
C100400,Liam,White,North America,Mexico,Individual,2023-10-28,In-Store,1
C100401,Mary,Williams,Latin America,Argentina,Small Business,2026-01-02,Online,0
C100402,Hiroshi,Smith,Europe,Italy,Individual,2022-07-04,Online,1
C100403,Robert,King,Middle East,Qatar,Individual,2023-09-03,Online,1
C100404,Ethan,Martinez,North America,Mexico,Individual,2023-12-12,B2B Direct,0
C100405,Fatima,Anderson,Middle East,Saudi Arabia,Small Business,2025-08-06,In-Store,1
C100406,James,Hernandez,Europe,Spain,Individual,2023-07-31,Online,0
C100407,John,King,North America,USA,Individual,2023-07-08,In-Store,1
C100408,Mia,Young,Latin America,Brazil,Small Business,2024-11-20,Online,1
C100409,James,Martin,North America,Mexico,Small Business,2024-05-29,In-Store,1
C100410,Sarah,Young,North America,USA,Individual,2024-12-22,Online,0
C100411,John,Davis,Latin America,Argentina,Enterprise,2025-11-11,Marketplace,1
C100412,Sarah,Taylor,Latin America,Brazil,Individual,2024-03-12,B2B Direct,1
C100413,Sofia,Johnson,Europe,Italy,Individual,2026-02-28,Marketplace,1
C100414,Hiroshi,Hernandez,APAC,Singapore,Small Business,2026-07-22,Online,0
C100415,Omar,Wilson,Europe,Netherlands,Individual,2021-12-29,Marketplace,1
C100416,Layla,Moore,North America,USA,Individual,2022-01-17,Online,1
C100417,Carlos,Martinez,North America,Canada,Individual,2025-05-04,B2B Direct,0
C100418,Priya,Thompson,APAC,Australia,Individual,2024-07-24,Online,1
C100419,Charles,White,APAC,Australia,Individual,2021-09-28,Online,1
C100420,Sarah,Hernandez,APAC,Australia,Individual,2023-11-04,Marketplace,1
C100421,Joseph,Ramirez,APAC,Australia,Small Business,2021-10-25,Online,0
C100422,Priya,Clark,North America,Mexico,Individual,2023-10-01,In-Store,1
C100423,William,Davis,Europe,Italy,Individual,2025-01-27,Online,1
C100424,Carlos,Johnson,North America,Mexico,Enterprise,2025-03-31,Marketplace,1
C100425,Robert,Smith,Europe,Germany,Individual,2021-08-22,In-Store,1
C100426,Ava,Brown,Europe,Spain,Individual,2022-07-29,Marketplace,0
C100427,Michael,Williams,Middle East,Kuwait,Individual,2025-09-28,Online,0
C100428,Barbara,Sanchez,Europe,Spain,Individual,2021-01-27,Marketplace,1
C100429,Layla,Miller,North America,Mexico,Individual,2025-02-03,Online,0
C100430,Wei,Perez,North America,Canada,Individual,2021-04-03,Online,1
C100431,Sofia,Martinez,APAC,Japan,Individual,2022-09-09,Online,1
C100432,Susan,Martinez,APAC,South Korea,Individual,2021-11-05,B2B Direct,1
C100433,Omar,Smith,North America,Mexico,Individual,2021-02-21,Online,1
C100434,Charles,Hernandez,North America,Canada,Small Business,2021-11-15,Marketplace,0
C100435,Ananya,Martinez,APAC,Japan,Small Business,2026-06-16,B2B Direct,1
C100436,Elena,Wilson,North America,USA,Individual,2021-06-30,Online,1
C100437,John,Johnson,Middle East,Kuwait,Individual,2025-05-12,Marketplace,0
C100438,Sofia,Martinez,APAC,South Korea,Enterprise,2024-02-18,Online,1
C100439,Thomas,Young,North America,Canada,Individual,2026-01-18,Online,1
C100440,Hiroshi,Lewis,North America,Canada,Small Business,2023-05-25,In-Store,1
C100441,Patricia,Smith,Latin America,Argentina,Individual,2023-12-03,In-Store,1
C100442,Elizabeth,Brown,Europe,Netherlands,Enterprise,2022-10-09,Online,0
C100443,Diego,King,Europe,France,Individual,2026-03-24,In-Store,1
C100444,Mia,White,Middle East,Qatar,Individual,2026-05-16,Online,1
C100445,David,Perez,Latin America,Chile,Individual,2024-07-07,Online,1
C100446,Omar,Martinez,Latin America,Brazil,Individual,2021-07-16,In-Store,1
C100447,Wei,Sanchez,APAC,India,Individual,2022-10-07,In-Store,0
C100448,Ananya,Wilson,Europe,Spain,Individual,2023-08-29,Online,0
C100449,Fatima,Lopez,North America,USA,Individual,2021-09-12,In-Store,1
C100450,Barbara,Martin,APAC,South Korea,Individual,2026-07-18,Online,1
C100451,Elena,Perez,Europe,Netherlands,Individual,2023-01-02,In-Store,1
C100452,Thomas,Taylor,Europe,Italy,Individual,2021-12-02,Online,0
C100453,Lucas,Ramirez,Latin America,Brazil,Individual,2025-04-26,Online,1
C100454,Ananya,Thompson,North America,USA,Individual,2025-03-06,Marketplace,1
C100455,Layla,Thomas,Europe,Germany,Individual,2023-09-17,In-Store,0
C100456,Joseph,Thompson,North America,USA,Individual,2023-06-19,Online,0
C100457,Hiroshi,Thompson,Europe,UK,Individual,2024-07-02,Marketplace,1
C100458,Sofia,Walker,North America,USA,Individual,2022-05-29,Online,1
C100459,Joseph,Anderson,North America,Canada,Individual,2026-07-23,Online,0
C100460,Amara,Gonzalez,North America,Mexico,Individual,2025-09-27,In-Store,0
C100461,William,Wilson,APAC,Australia,Individual,2021-08-30,Online,1
C100462,Amara,Perez,APAC,South Korea,Enterprise,2021-05-29,B2B Direct,1
C100463,Wei,Rodriguez,Europe,Netherlands,Individual,2025-09-30,Online,1
C100464,Omar,Davis,Latin America,Chile,Individual,2024-08-15,Online,1
C100465,Sarah,Wilson,Europe,France,Individual,2023-01-27,Online,1
C100466,Yuki,Miller,North America,Canada,Individual,2026-02-17,Marketplace,0
C100467,Ananya,Williams,Middle East,Kuwait,Individual,2022-09-12,B2B Direct,1
C100468,Carlos,Thompson,North America,USA,Individual,2022-03-29,Marketplace,1
C100469,Chen,Taylor,Latin America,Argentina,Enterprise,2024-11-17,Online,1
C100470,Robert,Harris,North America,USA,Enterprise,2021-07-31,Marketplace,1
C100471,Richard,Thompson,Latin America,Argentina,Small Business,2022-10-30,Online,1
C100472,Ethan,Hernandez,North America,USA,Individual,2025-04-11,Online,0
C100473,Jennifer,Young,Middle East,Saudi Arabia,Individual,2022-08-17,Online,1
C100474,William,Smith,Europe,Germany,Individual,2025-06-07,In-Store,1
C100475,Fatima,Clark,Latin America,Argentina,Enterprise,2021-05-11,Online,1
C100476,David,Ramirez,North America,Canada,Individual,2024-09-14,In-Store,1
C100477,Thomas,Sanchez,Europe,Netherlands,Individual,2022-09-04,Marketplace,0
C100478,David,Rodriguez,Latin America,Brazil,Individual,2021-09-13,Online,1
C100479,Charles,Robinson,Europe,Germany,Individual,2025-02-11,Online,1
C100480,Sofia,Williams,APAC,Japan,Enterprise,2022-07-15,Online,1
C100481,Hiroshi,Walker,APAC,Singapore,Individual,2026-04-21,Marketplace,1
C100482,Chen,Martinez,Europe,Italy,Individual,2021-03-04,Marketplace,1
C100483,Chen,Young,APAC,Australia,Individual,2024-08-27,Marketplace,1
C100484,Joseph,Smith,Europe,Netherlands,Small Business,2022-02-11,In-Store,1
C100485,Charles,Davis,Latin America,Chile,Individual,2023-03-13,In-Store,1
C100486,Layla,Martinez,North America,Canada,Small Business,2024-02-03,In-Store,1
C100487,Fatima,White,North America,Canada,Individual,2025-06-29,Online,1
C100488,Chen,Jackson,Latin America,Brazil,Small Business,2026-02-04,In-Store,0
C100489,Patricia,Miller,Middle East,Qatar,Individual,2021-01-15,Marketplace,1
C100490,Elena,Rodriguez,Europe,Italy,Individual,2025-09-07,In-Store,1
C100491,Sofia,Young,APAC,South Korea,Individual,2021-09-16,B2B Direct,1
C100492,John,Jackson,North America,Canada,Individual,2022-12-24,Online,1
C100493,Layla,Lewis,North America,Mexico,Individual,2024-12-06,Online,1
C100494,Hiroshi,Thomas,Europe,Netherlands,Small Business,2024-07-06,Online,1
C100495,Joseph,Williams,Europe,Germany,Individual,2022-09-06,Online,0
C100496,Mia,Jones,Europe,Italy,Individual,2024-07-07,Marketplace,1
C100497,Noah,Garcia,North America,Mexico,Individual,2026-02-23,Marketplace,1
C100498,Lucas,Taylor,Latin America,Brazil,Individual,2025-08-22,Online,1
C100499,David,Taylor,Latin America,Brazil,Small Business,2023-12-05,B2B Direct,1
C100500,Sofia,Young,APAC,South Korea,Individual,2026-06-02,Marketplace,0
C100501,Carlos,Wilson,Europe,France,Enterprise,2023-03-24,B2B Direct,0
C100502,Sarah,Young,North America,Canada,Enterprise,2025-11-22,Online,0
C100503,Thomas,Gonzalez,Middle East,Kuwait,Individual,2021-11-27,Online,1
C100504,James,Thompson,APAC,Singapore,Individual,2021-06-14,Online,1
C100505,William,Lopez,North America,USA,Small Business,2024-05-01,Online,1
C100506,Layla,Perez,Latin America,Chile,Individual,2025-03-25,Online,1
C100507,Jennifer,Robinson,Middle East,Kuwait,Individual,2024-11-25,Marketplace,1
C100508,Amara,Perez,Latin America,Chile,Individual,2024-10-29,In-Store,1
C100509,Karen,Martinez,APAC,South Korea,Individual,2023-12-25,Online,1
C100510,Sarah,Lopez,APAC,South Korea,Small Business,2022-01-22,Marketplace,1
C100511,Susan,Ramirez,Europe,Spain,Individual,2025-02-27,Online,0
C100512,Karen,Thompson,Latin America,Brazil,Individual,2025-12-23,B2B Direct,1
C100513,Sarah,White,Middle East,UAE,Small Business,2025-09-13,Online,1
C100514,Priya,Ramirez,North America,USA,Small Business,2024-12-09,In-Store,1
C100515,Sarah,Davis,North America,Mexico,Individual,2025-12-23,In-Store,1
C100516,Thomas,Martin,Europe,Netherlands,Small Business,2025-12-20,Marketplace,0
C100517,Yuki,Williams,Middle East,Saudi Arabia,Individual,2023-11-20,In-Store,1
C100518,John,Miller,Latin America,Brazil,Small Business,2024-07-13,Online,1
C100519,Jennifer,Thompson,North America,USA,Individual,2021-11-24,Online,1
C100520,Lucas,King,Europe,Germany,Individual,2025-02-24,B2B Direct,1
C100521,Liam,Perez,Europe,Germany,Individual,2024-05-25,Online,1
C100522,Layla,Sanchez,Latin America,Brazil,Individual,2021-11-16,Marketplace,1
C100523,Joseph,Martinez,Middle East,Kuwait,Enterprise,2026-04-26,In-Store,0
C100524,Ava,Miller,Middle East,UAE,Individual,2022-02-03,In-Store,1
C100525,Jessica,Hernandez,Europe,France,Small Business,2026-03-30,B2B Direct,0
C100526,Ethan,Taylor,Europe,France,Enterprise,2021-04-15,In-Store,1
C100527,Ava,Davis,North America,Mexico,Individual,2022-11-27,In-Store,1
C100528,Carlos,Miller,North America,Canada,Small Business,2023-10-14,Marketplace,1
C100529,Ananya,Davis,Middle East,Saudi Arabia,Individual,2021-11-26,Online,1
C100530,Ethan,King,Middle East,UAE,Small Business,2022-10-22,B2B Direct,1
C100531,Richard,Garcia,Latin America,Argentina,Individual,2025-06-29,Online,1
C100532,Amara,Jones,Latin America,Chile,Individual,2023-12-07,In-Store,1
C100533,Noah,Thomas,Europe,Spain,Individual,2022-08-22,B2B Direct,1
C100534,John,Wilson,APAC,India,Individual,2023-04-01,Marketplace,1
C100535,Robert,Harris,Latin America,Brazil,Individual,2026-05-27,Online,1
C100536,Ananya,Perez,Middle East,Saudi Arabia,Individual,2022-10-03,Online,0
C100537,David,Williams,North America,Mexico,Small Business,2025-11-29,Online,0
C100538,Robert,Moore,Europe,UK,Individual,2021-11-10,In-Store,0
C100539,Diego,Martin,North America,Mexico,Individual,2024-03-16,In-Store,1
C100540,Robert,Gonzalez,Latin America,Argentina,Individual,2026-06-05,Marketplace,0
C100541,Ava,Lee,APAC,Australia,Individual,2022-04-07,Marketplace,1
C100542,Noah,Lewis,North America,Mexico,Individual,2025-05-27,Online,1
C100543,Thomas,Rodriguez,APAC,India,Small Business,2022-05-01,Online,0
C100544,Susan,Perez,APAC,South Korea,Enterprise,2025-08-03,Online,1
C100545,William,Walker,Europe,UK,Individual,2022-02-14,Online,1
C100546,James,Walker,North America,USA,Individual,2021-01-27,Online,0
C100547,James,Garcia,APAC,Singapore,Individual,2023-11-19,Online,1
C100548,Joseph,Johnson,Europe,Germany,Individual,2021-09-28,In-Store,1
C100549,Mary,Miller,APAC,Australia,Individual,2022-11-17,Online,1
C100550,Barbara,Lopez,Europe,Italy,Small Business,2022-05-16,Online,1
C100551,Mary,Jackson,Middle East,Qatar,Individual,2024-06-30,In-Store,0
C100552,Fatima,Martin,Europe,Netherlands,Small Business,2022-01-20,Marketplace,1
C100553,Noah,Gonzalez,Europe,Germany,Individual,2021-03-01,Marketplace,0
C100554,Thomas,Lee,Middle East,Kuwait,Individual,2024-02-05,Online,1
C100555,Susan,Sanchez,Europe,Netherlands,Individual,2021-08-08,Online,0
C100556,William,King,North America,USA,Individual,2025-01-04,Online,0
C100557,Karen,Perez,North America,USA,Individual,2023-02-10,Online,1
C100558,Michael,Hernandez,APAC,Australia,Small Business,2026-03-22,Marketplace,1
C100559,James,Anderson,APAC,Singapore,Individual,2025-08-09,Marketplace,0
C100560,Joseph,Moore,APAC,South Korea,Small Business,2022-07-18,Online,1
C100561,Ethan,Walker,North America,Canada,Individual,2025-05-15,Marketplace,0
C100562,Noah,Lewis,North America,Canada,Individual,2022-06-30,In-Store,1
C100563,David,Taylor,North America,USA,Individual,2021-04-06,Marketplace,1
C100564,James,Moore,Europe,France,Individual,2023-09-16,In-Store,1
C100565,David,Young,Europe,Spain,Individual,2024-01-18,Online,1
C100566,Mary,Martinez,Europe,UK,Individual,2023-04-08,Online,1
C100567,Wei,Rodriguez,Europe,Germany,Individual,2026-04-30,Online,1
C100568,Yuki,Clark,Latin America,Argentina,Individual,2021-08-19,Marketplace,0
C100569,Susan,Sanchez,North America,Mexico,Individual,2023-08-26,Marketplace,1
C100570,Sofia,Lee,Europe,France,Individual,2021-10-02,In-Store,1
C100571,Jessica,Lewis,APAC,India,Individual,2021-09-03,Online,1
C100572,Charles,Martin,Europe,Germany,Small Business,2021-04-21,In-Store,0
C100573,Elena,Rodriguez,APAC,Australia,Individual,2021-08-22,Online,0
C100574,Mary,Brown,Middle East,Kuwait,Small Business,2024-07-25,B2B Direct,1
C100575,Hiroshi,Anderson,Latin America,Chile,Individual,2025-02-09,Online,0
C100576,Liam,Thompson,North America,USA,Individual,2022-02-21,In-Store,0
C100577,William,Thomas,Latin America,Chile,Individual,2022-11-09,Online,1
C100578,Linda,Smith,Europe,Netherlands,Enterprise,2024-02-26,Online,0
C100579,John,Jackson,North America,Mexico,Individual,2024-06-14,In-Store,1
C100580,Noah,Sanchez,Europe,France,Small Business,2026-07-23,In-Store,1
C100581,Hiroshi,Brown,Latin America,Brazil,Individual,2023-03-14,Online,1
C100582,Jennifer,Ramirez,Europe,Spain,Individual,2022-09-11,In-Store,1
C100583,Linda,Lee,North America,USA,Individual,2024-02-26,Online,1
C100584,Noah,Clark,APAC,South Korea,Individual,2022-12-08,B2B Direct,1
C100585,Patricia,Gonzalez,North America,USA,Individual,2023-05-01,In-Store,0
C100586,Liam,Garcia,North America,USA,Individual,2024-11-18,Online,1
C100587,Yuki,Walker,North America,USA,Individual,2022-04-20,Online,1
C100588,Omar,Thompson,North America,Canada,Enterprise,2022-10-17,Online,1
C100589,Layla,King,North America,Mexico,Individual,2022-01-30,Online,0
C100590,David,Rodriguez,North America,Mexico,Small Business,2021-04-21,In-Store,1
C100591,Linda,Jones,APAC,Singapore,Individual,2021-03-31,Online,1
C100592,Thomas,Brown,North America,Canada,Individual,2023-02-02,Online,1
C100593,Joseph,Young,North America,Mexico,Enterprise,2024-07-27,Online,1
C100594,Richard,Williams,Middle East,Qatar,Small Business,2024-09-18,In-Store,1
C100595,Robert,Lopez,Europe,Netherlands,Small Business,2024-06-01,In-Store,0
C100596,Barbara,Young,APAC,Japan,Individual,2024-01-30,In-Store,1
C100597,Amara,Walker,North America,Canada,Individual,2021-05-12,B2B Direct,1
C100598,James,Gonzalez,North America,Mexico,Individual,2023-11-03,Online,0
C100599,Hiroshi,Perez,North America,Canada,Individual,2022-04-02,Online,1
C100600,Mia,Clark,North America,Mexico,Individual,2025-01-04,B2B Direct,1
C100601,Karen,Jones,North America,Mexico,Small Business,2026-07-26,Online,1
C100602,Linda,Sanchez,North America,USA,Small Business,2021-04-08,Marketplace,0
C100603,Mia,Jackson,North America,USA,Individual,2024-02-18,Online,1
C100604,Elena,Thompson,North America,Canada,Individual,2021-10-20,In-Store,0
C100605,Elena,Ramirez,Europe,Spain,Small Business,2026-01-14,Online,1
C100606,Yuki,Johnson,North America,Canada,Individual,2025-10-01,Marketplace,1
C100607,Lucas,Williams,Europe,Netherlands,Individual,2023-10-22,In-Store,1
C100608,Linda,Gonzalez,Europe,UK,Individual,2022-07-26,Online,0
C100609,Diego,Lee,APAC,Australia,Individual,2021-09-07,In-Store,0
C100610,Diego,Wilson,North America,Canada,Enterprise,2022-10-14,Online,0
C100611,Priya,Ramirez,APAC,Australia,Individual,2021-05-29,Online,0
C100612,Sofia,Jones,APAC,Singapore,Individual,2024-11-19,Online,0
C100613,Richard,Taylor,North America,Mexico,Individual,2021-02-13,Online,1
C100614,Ananya,Moore,Middle East,Kuwait,Small Business,2026-03-22,In-Store,0
C100615,David,Lee,Latin America,Chile,Small Business,2025-09-18,B2B Direct,1
C100616,Carlos,Harris,North America,USA,Individual,2025-07-02,In-Store,1
C100617,Layla,Walker,North America,Canada,Individual,2023-12-04,In-Store,1
C100618,James,Anderson,Middle East,Qatar,Individual,2024-01-07,Marketplace,1
C100619,Linda,Jackson,APAC,Singapore,Individual,2024-06-03,Marketplace,1
C100620,Robert,Gonzalez,North America,Mexico,Individual,2021-06-11,Online,1
C100621,Susan,Young,North America,Canada,Individual,2025-12-22,In-Store,1
C100622,Susan,Walker,Europe,Italy,Individual,2021-09-10,Online,1
C100623,Layla,Wilson,Europe,Netherlands,Individual,2021-05-12,In-Store,1
C100624,Patricia,Harris,APAC,Australia,Individual,2025-01-11,Online,0
C100625,Ethan,Jackson,Europe,Netherlands,Small Business,2026-03-23,Online,0
C100626,Yuki,Thompson,Europe,Spain,Individual,2026-03-26,Online,1
C100627,Richard,Jackson,APAC,Australia,Individual,2022-04-19,B2B Direct,1
C100628,Ava,Taylor,North America,USA,Enterprise,2025-08-07,Online,1
C100629,Yuki,Thomas,North America,Canada,Individual,2025-12-07,In-Store,1
C100630,Ethan,Young,APAC,Singapore,Individual,2024-02-07,Marketplace,1
C100631,David,Walker,Middle East,UAE,Individual,2022-12-07,Online,0
C100632,Ethan,Martinez,Europe,Netherlands,Individual,2023-11-25,In-Store,1
C100633,Ethan,Davis,Europe,Spain,Individual,2025-01-30,Online,1
C100634,Sofia,Johnson,North America,USA,Individual,2026-04-10,In-Store,1
C100635,Amara,Harris,Europe,Netherlands,Small Business,2021-10-02,B2B Direct,1
C100636,Susan,Clark,Europe,Spain,Individual,2021-07-06,Online,1
C100637,Ethan,White,North America,Mexico,Individual,2023-08-07,Online,0
C100638,Noah,White,North America,USA,Individual,2026-07-29,Online,1
C100639,Yuki,Martin,Europe,Germany,Individual,2021-08-31,Online,1
C100640,Chen,Young,North America,Mexico,Individual,2021-09-21,Marketplace,0
C100641,Diego,Lewis,North America,USA,Individual,2026-06-21,B2B Direct,1
C100642,Ava,Wilson,North America,Mexico,Individual,2022-06-06,Online,1
C100643,Mia,White,North America,Canada,Individual,2023-08-21,Online,1
C100644,Mary,Jackson,North America,USA,Small Business,2025-08-29,Online,1
C100645,Ananya,Davis,Middle East,Qatar,Individual,2025-04-14,B2B Direct,1
C100646,Noah,Davis,Europe,UK,Enterprise,2023-02-22,Online,1
C100647,Charles,Garcia,APAC,Japan,Individual,2024-01-16,Online,1
C100648,Lucas,Hernandez,APAC,Australia,Individual,2022-06-19,In-Store,0
C100649,Ethan,Gonzalez,Europe,Spain,Small Business,2021-07-29,Online,1
C100650,Elena,Clark,North America,Mexico,Individual,2021-02-15,Online,1
C100651,Omar,White,Europe,UK,Individual,2025-01-30,Online,0
C100652,Barbara,Ramirez,Europe,UK,Individual,2025-04-13,B2B Direct,1
C100653,Diego,Williams,APAC,Japan,Individual,2021-01-26,Online,0
C100654,Omar,Garcia,Europe,Netherlands,Individual,2024-07-13,Online,1
C100655,Elena,Johnson,North America,Canada,Enterprise,2021-06-24,In-Store,0
C100656,Joseph,King,North America,USA,Individual,2025-03-20,Online,1
C100657,Elizabeth,Thomas,Europe,Spain,Small Business,2024-08-27,In-Store,0
C100658,Liam,Clark,APAC,India,Individual,2021-11-18,Online,1
C100659,Lucas,Lee,Europe,France,Individual,2025-05-22,Online,1
C100660,Omar,Smith,Europe,Spain,Individual,2024-03-04,Online,1
C100661,David,Moore,Latin America,Chile,Small Business,2021-02-24,B2B Direct,0
C100662,Thomas,Thomas,APAC,Japan,Small Business,2026-06-23,Marketplace,1
C100663,Jennifer,Moore,North America,Canada,Individual,2025-04-16,B2B Direct,1
C100664,Wei,Wilson,North America,Canada,Individual,2025-05-29,B2B Direct,1
C100665,Jessica,Sanchez,North America,Canada,Individual,2025-04-04,Marketplace,1
C100666,Wei,Garcia,North America,USA,Individual,2024-03-25,Online,1
C100667,Ava,Hernandez,North America,Canada,Individual,2026-02-16,In-Store,1
C100668,Patricia,Johnson,North America,Mexico,Small Business,2022-10-30,Online,1
C100669,Patricia,Harris,North America,Canada,Individual,2021-05-27,Online,1
C100670,David,Williams,North America,Canada,Individual,2025-02-17,Marketplace,1
C100671,Susan,Robinson,Middle East,Qatar,Individual,2022-08-22,Online,0
C100672,Omar,Rodriguez,North America,Mexico,Individual,2021-01-20,Online,0
C100673,Robert,Robinson,Europe,Netherlands,Individual,2024-07-16,B2B Direct,0
C100674,Hiroshi,Lee,Europe,Netherlands,Individual,2021-11-29,In-Store,1
C100675,William,Perez,Latin America,Argentina,Small Business,2025-04-28,Online,1
C100676,Robert,Lopez,North America,USA,Individual,2023-06-26,Online,1
C100677,Richard,Robinson,Europe,UK,Individual,2023-08-02,In-Store,0
C100678,Richard,Garcia,Latin America,Chile,Individual,2023-06-30,Marketplace,1
C100679,Carlos,Clark,Middle East,Saudi Arabia,Individual,2022-02-05,Marketplace,1
C100680,Karen,Anderson,Middle East,UAE,Individual,2023-08-08,Online,0
C100681,Elizabeth,Robinson,North America,Canada,Small Business,2024-08-22,Online,0
C100682,Fatima,Anderson,North America,Canada,Individual,2021-01-28,Marketplace,1
C100683,Layla,Lewis,APAC,Singapore,Small Business,2022-04-12,B2B Direct,1
C100684,Sofia,Miller,Latin America,Chile,Individual,2024-07-07,Online,1
C100685,Susan,Anderson,Europe,Italy,Individual,2025-04-07,Online,1
C100686,Jessica,Lewis,Europe,Spain,Enterprise,2023-09-09,In-Store,1
C100687,Diego,Wilson,North America,USA,Individual,2026-03-26,Online,0
C100688,Charles,Martinez,APAC,India,Small Business,2021-04-11,In-Store,1
C100689,Layla,White,North America,Mexico,Individual,2022-07-05,Online,1
C100690,Mary,Johnson,North America,USA,Individual,2023-03-13,In-Store,1
C100691,Ethan,Miller,Europe,UK,Small Business,2021-12-19,In-Store,1
C100692,Linda,Ramirez,Europe,Spain,Small Business,2024-08-16,Online,1
C100693,Karen,Sanchez,North America,Canada,Individual,2025-09-02,Marketplace,1
C100694,Robert,Young,North America,Mexico,Individual,2021-10-23,Online,1
C100695,Ananya,Anderson,APAC,India,Individual,2021-12-19,Online,1
C100696,James,Perez,North America,Canada,Small Business,2023-06-27,Online,1
C100697,Ananya,Thompson,Europe,France,Individual,2024-02-28,B2B Direct,1
C100698,Linda,Martinez,North America,USA,Small Business,2023-10-16,Marketplace,1
C100699,Mary,Harris,Europe,UK,Individual,2024-03-25,Online,0
C100700,Fatima,Clark,Europe,Germany,Individual,2024-01-03,Online,1
C100701,William,Sanchez,North America,Mexico,Individual,2024-09-27,Online,1
C100702,Jessica,Moore,North America,USA,Individual,2025-01-28,In-Store,1
C100703,David,Smith,North America,Mexico,Enterprise,2024-01-19,B2B Direct,1
C100704,Hiroshi,Johnson,North America,USA,Individual,2025-05-22,In-Store,1
C100705,Ava,Young,Latin America,Argentina,Enterprise,2022-03-31,Marketplace,1
C100706,Liam,Walker,North America,Mexico,Individual,2025-11-07,In-Store,1
C100707,Fatima,Lopez,Middle East,Saudi Arabia,Individual,2022-12-13,Online,1
C100708,Diego,Gonzalez,North America,Mexico,Small Business,2023-09-07,Marketplace,1
C100709,Elizabeth,Lewis,APAC,Australia,Individual,2024-09-17,Online,1
C100710,Elena,Williams,APAC,India,Individual,2023-01-09,Online,1
C100711,Omar,Brown,Europe,Italy,Individual,2023-09-04,Marketplace,1
C100712,Ava,Thomas,Europe,Netherlands,Small Business,2024-10-03,B2B Direct,1
C100713,Diego,Martinez,Europe,France,Small Business,2021-08-21,Online,1
C100714,Mary,Wilson,North America,Mexico,Individual,2025-12-07,Online,1
C100715,Amara,Jackson,Latin America,Brazil,Small Business,2025-06-10,Online,0
C100716,Hiroshi,Robinson,Middle East,Qatar,Individual,2023-10-21,Online,1
C100717,Ethan,Brown,Latin America,Brazil,Individual,2021-04-12,Marketplace,1
C100718,Ananya,Young,North America,Canada,Small Business,2023-08-11,Marketplace,1
C100719,Priya,Clark,APAC,South Korea,Individual,2022-04-26,B2B Direct,0
C100720,Carlos,Thompson,Latin America,Chile,Small Business,2024-05-22,Marketplace,0
C100721,Noah,Jackson,North America,Canada,Individual,2021-04-18,Online,1
C100722,Fatima,Hernandez,North America,USA,Individual,2024-04-03,Online,1
C100723,Susan,Jackson,APAC,Australia,Individual,2023-08-31,In-Store,1
C100724,Ava,Thompson,Europe,Germany,Individual,2025-06-15,In-Store,1
C100725,John,Davis,Middle East,Saudi Arabia,Small Business,2022-12-05,Online,0
C100726,David,Rodriguez,North America,USA,Individual,2021-12-01,Online,1
C100727,Mia,Wilson,APAC,India,Individual,2021-03-27,Online,0
C100728,Linda,Smith,North America,Canada,Individual,2023-01-04,In-Store,1
C100729,Michael,Young,North America,USA,Individual,2023-05-25,Online,1
C100730,Diego,Davis,North America,USA,Small Business,2024-12-18,In-Store,1
C100731,Barbara,Thompson,Middle East,Qatar,Individual,2025-06-25,Online,1
C100732,Karen,Young,APAC,Japan,Individual,2025-10-28,Online,1
C100733,Amara,Perez,Europe,Spain,Small Business,2021-12-30,In-Store,0
C100734,Barbara,Clark,Europe,Spain,Individual,2021-03-01,Online,1
C100735,Karen,Lee,Middle East,Saudi Arabia,Small Business,2025-02-14,Online,1
C100736,Wei,Lewis,Europe,France,Individual,2024-06-27,In-Store,0
C100737,Fatima,Gonzalez,Middle East,UAE,Individual,2022-07-14,Online,1
C100738,Omar,Martinez,Europe,Netherlands,Small Business,2021-04-27,Online,1
C100739,Chen,Anderson,Europe,France,Individual,2025-10-29,Online,0
C100740,Lucas,Clark,Europe,France,Individual,2023-05-24,Online,1
C100741,David,Thomas,North America,Mexico,Individual,2023-07-04,Online,1
C100742,John,Sanchez,APAC,Australia,Individual,2023-08-26,Online,1
C100743,Mary,Clark,Europe,UK,Individual,2023-09-26,Online,0
C100744,Chen,Brown,North America,USA,Small Business,2025-04-18,In-Store,1
C100745,Richard,Hernandez,Middle East,Qatar,Individual,2021-02-13,Marketplace,1
C100746,Joseph,Williams,Europe,Italy,Individual,2022-05-24,In-Store,1
C100747,Susan,Harris,Europe,Germany,Small Business,2026-07-05,In-Store,1
C100748,Ava,Harris,Latin America,Brazil,Individual,2024-04-03,Online,1
C100749,Susan,Smith,APAC,South Korea,Individual,2024-10-23,Online,0
C100750,Robert,Lopez,North America,USA,Small Business,2026-02-24,In-Store,1
C100751,Elizabeth,Moore,Latin America,Brazil,Small Business,2024-08-08,Online,1
C100752,Ethan,Gonzalez,APAC,Japan,Individual,2023-04-29,In-Store,0
C100753,Jennifer,Moore,North America,USA,Individual,2026-02-23,In-Store,0
C100754,Karen,Anderson,North America,USA,Individual,2023-07-06,Online,1
C100755,Sofia,Garcia,APAC,South Korea,Individual,2023-06-17,In-Store,1
C100756,Karen,Gonzalez,APAC,Singapore,Individual,2023-03-10,Online,1
C100757,Robert,Lopez,Europe,France,Small Business,2023-05-26,In-Store,1
C100758,Patricia,Martinez,Middle East,Qatar,Enterprise,2025-10-27,Online,1
C100759,William,Sanchez,APAC,South Korea,Small Business,2021-10-13,Online,0
C100760,Elena,Clark,North America,Canada,Individual,2024-05-12,Marketplace,1
C100761,Amara,Perez,North America,Mexico,Small Business,2022-11-15,In-Store,1
C100762,Ethan,King,North America,Canada,Individual,2025-03-28,Online,1
C100763,Karen,Thomas,APAC,South Korea,Individual,2023-03-30,In-Store,0
C100764,Carlos,Smith,North America,Canada,Individual,2021-05-01,Online,0
C100765,Fatima,Smith,Europe,UK,Individual,2023-08-03,Online,1
C100766,Wei,Hernandez,APAC,Australia,Small Business,2025-11-15,Marketplace,1
C100767,Wei,Perez,Middle East,UAE,Individual,2025-08-15,Online,1
C100768,Karen,Lewis,North America,Mexico,Individual,2025-08-15,Online,1
C100769,Ethan,Williams,Middle East,Qatar,Enterprise,2023-10-15,B2B Direct,0
C100770,Michael,Walker,North America,Mexico,Individual,2024-04-26,Online,1
C100771,Carlos,Gonzalez,Middle East,Saudi Arabia,Small Business,2023-06-26,Online,1
C100772,Mia,Hernandez,North America,USA,Individual,2021-01-13,Online,1
C100773,Yuki,Davis,Europe,Italy,Individual,2022-08-26,Online,0
C100774,Susan,Martinez,APAC,Japan,Small Business,2021-07-19,Online,1
C100775,Amara,Anderson,North America,Canada,Individual,2022-08-09,In-Store,1
C100776,Robert,Davis,North America,USA,Individual,2025-11-27,In-Store,1
C100777,Ava,Robinson,APAC,Australia,Individual,2025-01-19,Marketplace,1
C100778,Amara,Robinson,APAC,India,Individual,2022-03-24,In-Store,1
C100779,Jessica,Walker,APAC,Japan,Individual,2025-12-17,Online,0
C100780,Ananya,Jones,APAC,Japan,Individual,2026-02-07,Online,1
C100781,Wei,Jackson,Europe,Germany,Individual,2023-04-21,Marketplace,1
C100782,Ananya,Gonzalez,North America,Mexico,Small Business,2023-12-31,Online,1
C100783,Wei,Harris,North America,Mexico,Individual,2022-08-13,Marketplace,1
C100784,David,Wilson,North America,USA,Individual,2025-12-25,Online,0
C100785,Fatima,Hernandez,Latin America,Brazil,Individual,2024-02-28,Online,0
C100786,David,Robinson,Europe,France,Small Business,2023-06-08,Online,1
C100787,Hiroshi,Miller,Europe,Netherlands,Small Business,2021-02-12,Online,1
C100788,Liam,Johnson,Europe,Italy,Individual,2022-06-04,B2B Direct,1
C100789,Liam,Williams,Latin America,Chile,Small Business,2023-11-03,Online,1
C100790,John,King,North America,Mexico,Individual,2022-12-26,In-Store,1
C100791,Omar,Young,Europe,Netherlands,Individual,2022-09-15,Online,1
C100792,Patricia,Taylor,Europe,Netherlands,Individual,2023-09-15,In-Store,1
C100793,Carlos,Ramirez,APAC,Japan,Individual,2023-03-14,Online,0
C100794,Susan,Lee,North America,Canada,Individual,2022-06-19,In-Store,1
C100795,Priya,Jackson,Middle East,Qatar,Individual,2021-10-29,Marketplace,1
C100796,Barbara,King,Latin America,Brazil,Enterprise,2025-11-25,Online,0
C100797,Sarah,Hernandez,Europe,Spain,Small Business,2022-06-11,B2B Direct,1
C100798,David,King,APAC,India,Individual,2025-07-24,Online,1
C100799,Mary,Thompson,Latin America,Brazil,Individual,2025-05-16,B2B Direct,1
C100800,Ethan,Miller,APAC,South Korea,Individual,2024-02-13,Online,1
C100801,Hiroshi,Davis,North America,USA,Individual,2022-04-05,Marketplace,1
C100802,Richard,Robinson,Europe,Spain,Individual,2023-04-12,Online,1
C100803,Carlos,Miller,APAC,India,Individual,2022-05-20,Marketplace,1
C100804,Mary,Perez,Europe,Netherlands,Individual,2024-08-24,B2B Direct,1
C100805,Ethan,Clark,APAC,Japan,Small Business,2023-07-21,B2B Direct,0
C100806,Charles,Jackson,Latin America,Chile,Individual,2026-06-10,Online,1
C100807,Sarah,Clark,Latin America,Brazil,Individual,2021-11-21,Online,1
C100808,Mary,Garcia,Europe,UK,Individual,2022-08-02,In-Store,1
C100809,Omar,Thomas,North America,Canada,Individual,2023-01-31,In-Store,0
C100810,Carlos,White,Latin America,Argentina,Small Business,2024-04-13,In-Store,1
C100811,Priya,White,Middle East,Kuwait,Individual,2023-05-01,Marketplace,0
C100812,Amara,Robinson,North America,USA,Enterprise,2025-03-18,Online,0
C100813,Linda,Martin,Latin America,Argentina,Enterprise,2024-04-10,In-Store,1
C100814,Elena,Hernandez,Middle East,Saudi Arabia,Individual,2026-07-14,In-Store,1
C100815,Noah,Jackson,Europe,UK,Individual,2023-08-18,Online,1
C100816,Susan,Harris,Europe,UK,Small Business,2022-05-17,Online,1
C100817,Patricia,Perez,Europe,France,Enterprise,2026-06-24,In-Store,0
C100818,Amara,Smith,North America,Canada,Individual,2021-11-30,Online,0
C100819,Ava,Martin,North America,Mexico,Small Business,2021-10-11,Marketplace,1
C100820,Layla,Thompson,Middle East,Kuwait,Small Business,2022-04-20,B2B Direct,0
C100821,Ananya,White,North America,Canada,Individual,2023-12-14,Online,0
C100822,James,Thompson,North America,Canada,Individual,2025-01-21,Marketplace,1
C100823,Priya,Miller,Europe,France,Small Business,2025-05-22,In-Store,1
C100824,Mary,Rodriguez,Europe,UK,Individual,2024-12-14,Online,1
C100825,Elizabeth,Lewis,Latin America,Argentina,Individual,2025-06-26,In-Store,1
C100826,Elizabeth,Martinez,North America,Canada,Individual,2022-09-24,Marketplace,1
C100827,Diego,Anderson,North America,USA,Individual,2022-12-04,B2B Direct,1
C100828,James,Davis,APAC,India,Individual,2022-02-13,In-Store,1
C100829,Elena,Perez,Europe,France,Small Business,2023-09-09,In-Store,1
C100830,Sofia,Martin,North America,USA,Individual,2024-08-20,In-Store,1
C100831,Amara,Moore,Europe,Spain,Individual,2026-05-13,In-Store,0
C100832,Richard,Thompson,North America,USA,Individual,2022-07-13,Online,1
C100833,David,Ramirez,North America,Mexico,Individual,2021-08-10,Online,1
C100834,Lucas,Martinez,Europe,Italy,Individual,2025-04-06,Online,1
C100835,William,Thompson,Europe,Spain,Individual,2021-06-07,In-Store,1
C100836,Carlos,Martinez,Latin America,Brazil,Individual,2021-12-14,Online,0
C100837,Yuki,Smith,Europe,France,Individual,2024-03-28,In-Store,0
C100838,Richard,Lewis,Europe,Netherlands,Individual,2023-06-08,Online,1
C100839,Susan,Jones,APAC,Japan,Individual,2026-03-23,Marketplace,0
C100840,Robert,Lewis,North America,USA,Enterprise,2023-07-11,In-Store,0
C100841,Jennifer,Martin,APAC,Singapore,Individual,2024-06-12,In-Store,1
C100842,Richard,Davis,North America,Canada,Individual,2022-10-24,In-Store,1
C100843,James,Harris,Latin America,Chile,Individual,2022-02-09,B2B Direct,0
C100844,Amara,Smith,North America,Canada,Individual,2024-07-04,B2B Direct,1
C100845,Susan,Thomas,Europe,Italy,Individual,2022-11-08,Marketplace,0
C100846,Barbara,Jones,North America,Mexico,Individual,2022-08-12,Online,1
C100847,Omar,Gonzalez,Latin America,Argentina,Individual,2025-06-09,Online,1
C100848,Fatima,Smith,Europe,Italy,Small Business,2022-07-12,Online,1
C100849,Robert,Davis,Europe,Spain,Small Business,2023-06-24,Marketplace,1
C100850,Susan,Smith,North America,Canada,Individual,2026-04-21,In-Store,1
C100851,Noah,Martin,APAC,South Korea,Individual,2023-12-07,In-Store,1
C100852,Fatima,Harris,North America,Mexico,Individual,2024-05-21,Online,1
C100853,Elizabeth,Lewis,Middle East,Qatar,Small Business,2022-04-24,Online,0
C100854,Patricia,Williams,North America,Canada,Small Business,2022-05-02,In-Store,1
C100855,Ava,Lewis,North America,Mexico,Individual,2025-05-14,Online,1
C100856,Elizabeth,Moore,North America,Mexico,Individual,2022-07-20,Online,1
C100857,Carlos,Moore,Europe,Germany,Individual,2024-09-27,Online,1
C100858,Noah,White,Europe,Italy,Individual,2022-06-08,Marketplace,1
C100859,Carlos,Garcia,North America,Canada,Individual,2022-12-05,In-Store,0
C100860,Yuki,Ramirez,APAC,South Korea,Individual,2025-03-07,Online,0
C100861,Joseph,Wilson,Europe,UK,Individual,2023-10-27,Online,1
C100862,Barbara,Sanchez,Europe,France,Enterprise,2023-04-01,In-Store,0
C100863,James,Miller,Europe,Spain,Enterprise,2024-03-13,B2B Direct,1
C100864,David,Hernandez,Europe,Netherlands,Individual,2023-05-08,B2B Direct,1
C100865,Susan,Lee,Europe,France,Individual,2024-07-08,Online,0
C100866,Elena,Jones,North America,USA,Small Business,2022-08-08,Online,1
C100867,Carlos,Walker,North America,Mexico,Individual,2022-11-17,In-Store,0
C100868,Elizabeth,Clark,Middle East,Kuwait,Individual,2021-08-20,Online,0
C100869,Sarah,King,Latin America,Argentina,Individual,2021-09-27,Online,0
C100870,Robert,Jones,Europe,UK,Individual,2023-07-29,In-Store,0
C100871,Barbara,Sanchez,North America,Mexico,Individual,2025-01-10,Online,0
C100872,Sofia,Martin,APAC,Singapore,Individual,2023-05-24,Online,1
C100873,Fatima,Wilson,Europe,Germany,Individual,2024-05-30,Marketplace,1
C100874,Wei,Jones,North America,USA,Individual,2021-02-21,In-Store,1
C100875,William,Lopez,North America,Mexico,Individual,2021-04-26,In-Store,1
C100876,Fatima,Gonzalez,APAC,Japan,Individual,2022-06-22,B2B Direct,0
C100877,Barbara,Clark,APAC,Singapore,Small Business,2025-05-08,Online,0
C100878,Amara,Clark,North America,Mexico,Individual,2026-03-16,In-Store,1
C100879,Yuki,Thomas,North America,Mexico,Individual,2022-06-25,Online,1
C100880,Carlos,Brown,North America,Canada,Individual,2023-11-09,Online,1
C100881,Patricia,Gonzalez,APAC,Singapore,Individual,2023-03-26,In-Store,0
C100882,Mia,Moore,North America,USA,Individual,2024-11-16,Online,1
C100883,Amara,Lopez,North America,Mexico,Individual,2023-03-02,In-Store,1
C100884,Robert,Jackson,APAC,Singapore,Individual,2025-07-11,Online,0
C100885,Elena,Taylor,North America,Mexico,Individual,2022-09-10,In-Store,0
C100886,Yuki,Miller,APAC,Australia,Individual,2022-02-23,Online,1
C100887,Mia,Lee,North America,Mexico,Individual,2026-07-08,Online,1
C100888,Fatima,Smith,North America,USA,Individual,2021-11-05,Marketplace,1
C100889,Wei,Wilson,North America,USA,Individual,2025-10-29,Online,0
C100890,Amara,Williams,APAC,Singapore,Individual,2023-05-14,Online,1
C100891,Liam,Young,Middle East,UAE,Individual,2021-07-05,Online,0
C100892,Richard,Rodriguez,Middle East,Qatar,Individual,2021-09-18,Online,1
C100893,Robert,Hernandez,Europe,France,Individual,2025-04-01,Online,0
C100894,Wei,Thompson,APAC,Singapore,Individual,2024-07-20,In-Store,1
C100895,Liam,Robinson,North America,Canada,Individual,2021-06-09,B2B Direct,1
C100896,Elizabeth,Jones,North America,Canada,Individual,2023-05-20,Marketplace,1
C100897,David,Robinson,Middle East,UAE,Individual,2023-02-01,Online,1
C100898,Charles,Sanchez,North America,USA,Individual,2021-08-12,Online,1
C100899,Linda,Brown,North America,Canada,Enterprise,2024-07-03,Online,1
C100900,Layla,Clark,North America,USA,Small Business,2021-06-29,Online,1
C100901,Karen,Lewis,North America,USA,Individual,2021-01-20,Online,0
C100902,Diego,Miller,North America,Canada,Individual,2025-07-06,Online,1
C100903,Sofia,Thomas,Europe,UK,Individual,2022-09-24,In-Store,1
C100904,Elena,Davis,Europe,Spain,Individual,2025-09-26,Online,1
C100905,Charles,Harris,Middle East,UAE,Individual,2025-01-31,Marketplace,0
C100906,Susan,White,Middle East,Kuwait,Individual,2025-07-05,In-Store,1
C100907,Elizabeth,Lee,North America,Mexico,Small Business,2024-05-18,B2B Direct,1
C100908,Robert,Thomas,North America,Canada,Individual,2025-03-17,B2B Direct,0
C100909,Noah,Hernandez,Europe,UK,Individual,2021-02-27,In-Store,1
C100910,Chen,Davis,Europe,Spain,Individual,2024-01-22,Online,1
C100911,Charles,Garcia,North America,Canada,Individual,2024-05-29,Online,1
C100912,Ava,Hernandez,APAC,South Korea,Small Business,2022-12-24,Online,1
C100913,Omar,Ramirez,Europe,Germany,Small Business,2026-05-18,Online,1
C100914,Patricia,Hernandez,Europe,Netherlands,Small Business,2024-06-09,In-Store,1
C100915,Barbara,Garcia,Europe,Germany,Individual,2025-12-03,In-Store,1
C100916,Omar,Robinson,North America,Mexico,Individual,2024-10-19,Online,0
C100917,Michael,Wilson,Latin America,Argentina,Individual,2022-09-07,In-Store,1
C100918,Robert,Gonzalez,APAC,South Korea,Individual,2022-07-16,Online,1
C100919,Omar,Garcia,North America,Canada,Individual,2022-01-09,Marketplace,1
C100920,Mary,King,Middle East,UAE,Individual,2022-09-14,Online,1
C100921,Barbara,Hernandez,Europe,Italy,Individual,2025-01-19,Online,1
C100922,Hiroshi,Smith,Middle East,Kuwait,Individual,2021-03-29,Online,1
C100923,Ethan,Clark,APAC,South Korea,Individual,2023-11-10,In-Store,1
C100924,William,Robinson,Europe,UK,Individual,2023-10-11,Online,1
C100925,Hiroshi,Sanchez,North America,Canada,Individual,2021-01-14,B2B Direct,0
C100926,Joseph,Ramirez,North America,Mexico,Individual,2021-05-13,Online,1
C100927,Jennifer,Young,Europe,Spain,Individual,2026-05-15,Online,1
C100928,Omar,Martinez,APAC,Japan,Individual,2026-01-06,Online,1
C100929,Linda,Lopez,North America,USA,Individual,2023-11-24,Marketplace,0
C100930,Linda,Perez,North America,Canada,Enterprise,2023-06-11,Online,1
C100931,Ethan,Thomas,Middle East,Saudi Arabia,Individual,2024-05-16,Online,1
C100932,Linda,Moore,Latin America,Chile,Individual,2026-01-11,Online,1
C100933,Thomas,Miller,Europe,Germany,Individual,2024-05-07,B2B Direct,1
C100934,Ava,Johnson,North America,USA,Small Business,2022-08-15,Online,1
C100935,Charles,Rodriguez,North America,Mexico,Individual,2022-08-06,Online,0
C100936,Robert,Robinson,North America,Mexico,Individual,2024-03-24,In-Store,1
C100937,David,Ramirez,Latin America,Chile,Individual,2025-06-02,In-Store,1
C100938,Layla,Lewis,North America,USA,Individual,2024-01-07,Marketplace,1
C100939,Hiroshi,Jackson,Europe,France,Individual,2024-04-10,In-Store,1
C100940,Hiroshi,Ramirez,North America,USA,Individual,2021-10-16,Online,0
C100941,Jennifer,Harris,Europe,UK,Small Business,2025-04-18,Online,1
C100942,Amara,Lewis,APAC,Singapore,Small Business,2026-01-10,Online,0
C100943,Mia,Thompson,Middle East,UAE,Individual,2025-12-17,B2B Direct,1
C100944,Thomas,Martinez,North America,Canada,Individual,2023-10-10,Online,1
C100945,Charles,Jones,North America,Canada,Individual,2023-05-29,Online,1
C100946,Elena,King,North America,Canada,Small Business,2024-12-14,Online,1
C100947,Charles,Jones,Latin America,Chile,Individual,2021-01-07,B2B Direct,1
C100948,Fatima,Brown,Middle East,UAE,Enterprise,2024-03-29,Online,1
C100949,Sofia,Brown,Europe,Netherlands,Individual,2021-08-28,Online,1
C100950,Susan,Harris,APAC,India,Individual,2026-06-10,Online,0
C100951,James,Young,APAC,Singapore,Small Business,2024-12-17,Online,1
C100952,Layla,Wilson,North America,USA,Individual,2026-07-06,In-Store,1
C100953,Liam,Clark,Latin America,Brazil,Individual,2022-06-20,In-Store,1
C100954,James,Sanchez,Europe,Netherlands,Individual,2025-10-16,Online,1
C100955,Karen,Davis,Europe,Italy,Individual,2021-03-11,Marketplace,1
C100956,Wei,Robinson,Europe,France,Individual,2026-03-19,In-Store,1
C100957,Sofia,Gonzalez,North America,Canada,Individual,2021-08-04,In-Store,0
C100958,Robert,Young,North America,Mexico,Individual,2024-02-02,In-Store,1
C100959,Barbara,Lewis,APAC,South Korea,Enterprise,2025-10-17,Marketplace,1
C100960,Mia,Thompson,North America,Canada,Enterprise,2023-12-14,In-Store,1
C100961,Richard,Ramirez,APAC,Japan,Individual,2023-03-17,Online,1
C100962,Barbara,Wilson,North America,USA,Individual,2021-11-26,Online,0
C100963,Mary,Martinez,Europe,Italy,Individual,2023-04-28,Online,0
C100964,Karen,Miller,North America,USA,Individual,2024-05-11,In-Store,0
C100965,James,Sanchez,Europe,Netherlands,Individual,2024-08-04,B2B Direct,1
C100966,Sofia,Clark,APAC,Japan,Enterprise,2021-02-14,Online,1
C100967,Carlos,Ramirez,North America,Canada,Enterprise,2023-04-09,Marketplace,1
C100968,Ethan,Robinson,Europe,Italy,Individual,2021-07-17,Online,1
C100969,Omar,White,Europe,Netherlands,Individual,2024-05-24,B2B Direct,0
C100970,William,Smith,APAC,Australia,Individual,2025-02-13,In-Store,1
C100971,Joseph,Clark,Latin America,Brazil,Individual,2024-08-25,Online,0
C100972,Jennifer,Smith,APAC,South Korea,Individual,2023-06-15,Online,0
C100973,Lucas,Martinez,North America,Canada,Individual,2024-12-29,Online,1
C100974,David,Jones,North America,Mexico,Small Business,2021-11-28,In-Store,1
C100975,Jennifer,Rodriguez,North America,Mexico,Individual,2022-11-27,In-Store,1
C100976,Thomas,Williams,Europe,Germany,Small Business,2021-01-27,Marketplace,1
C100977,Fatima,Lewis,North America,USA,Individual,2024-04-04,In-Store,1
C100978,Elena,Johnson,Europe,Netherlands,Individual,2021-11-14,Online,1
C100979,Jessica,Moore,Europe,Spain,Small Business,2024-07-21,In-Store,1
C100980,Wei,Wilson,North America,Canada,Small Business,2024-11-07,Marketplace,1
C100981,Jessica,Lewis,APAC,South Korea,Individual,2021-12-31,B2B Direct,1
C100982,Barbara,Jones,North America,USA,Individual,2024-02-01,In-Store,1
C100983,David,Jones,North America,USA,Enterprise,2023-08-18,Online,1
C100984,Jennifer,Johnson,APAC,India,Individual,2025-03-07,In-Store,1
C100985,Patricia,Thompson,Europe,Germany,Individual,2026-02-12,In-Store,0
C100986,Ethan,Walker,APAC,Singapore,Individual,2022-01-08,In-Store,1
C100987,Thomas,Thomas,Europe,Italy,Small Business,2025-06-28,Online,1
C100988,Elizabeth,Perez,North America,Canada,Small Business,2026-05-04,Online,1
C100989,Lucas,Clark,Middle East,Kuwait,Small Business,2021-09-02,In-Store,0
C100990,Sofia,Lewis,APAC,Singapore,Individual,2026-01-15,Marketplace,1
C100991,Ananya,Jones,APAC,India,Individual,2024-04-07,Online,1
C100992,Charles,Lopez,North America,Mexico,Individual,2025-07-10,Online,0
C100993,Priya,Gonzalez,Europe,Spain,Small Business,2025-08-04,Marketplace,1
C100994,William,Davis,Europe,Spain,Individual,2024-12-12,In-Store,1
C100995,Jennifer,White,North America,Mexico,Individual,2024-10-11,Online,0
C100996,Chen,Ramirez,Latin America,Brazil,Individual,2022-04-23,Online,1
C100997,Robert,Clark,North America,USA,Individual,2021-05-05,Online,1
C100998,Carlos,Rodriguez,Latin America,Argentina,Small Business,2022-06-21,Marketplace,0
C100999,Mia,Anderson,Europe,UK,Individual,2022-12-07,Online,0
C101000,Richard,Jones,North America,USA,Enterprise,2026-04-04,Online,1
C101001,Joseph,Ramirez,Europe,France,Individual,2025-06-24,Marketplace,1
C101002,David,Anderson,Middle East,UAE,Small Business,2024-11-26,In-Store,0
C101003,Ava,Moore,APAC,Japan,Small Business,2025-03-21,In-Store,1
C101004,Sofia,Perez,Middle East,Kuwait,Individual,2022-06-15,In-Store,1
C101005,Sarah,Jones,APAC,India,Enterprise,2025-09-02,Online,1
C101006,Robert,Perez,APAC,South Korea,Individual,2023-02-25,Online,0
C101007,Chen,Taylor,Middle East,Saudi Arabia,Small Business,2021-09-11,Online,1
C101008,Jessica,Perez,North America,USA,Small Business,2021-05-01,Online,1
C101009,Fatima,Lee,Europe,UK,Small Business,2023-11-22,Online,0
C101010,Hiroshi,Thompson,North America,Canada,Individual,2022-10-23,B2B Direct,1
C101011,Elizabeth,Ramirez,Latin America,Brazil,Individual,2025-12-07,Online,0
C101012,Ethan,Ramirez,Latin America,Argentina,Individual,2023-11-27,Online,0
C101013,Ethan,Taylor,North America,USA,Individual,2025-09-09,Online,1
C101014,Richard,Jackson,APAC,Singapore,Small Business,2024-09-27,Online,1
C101015,Joseph,Gonzalez,Latin America,Argentina,Small Business,2023-11-03,Online,1
C101016,Chen,King,North America,USA,Small Business,2024-04-21,Online,1
C101017,Richard,Thomas,Europe,UK,Individual,2025-08-08,In-Store,0
C101018,Sofia,Robinson,Latin America,Argentina,Small Business,2024-07-12,In-Store,0
C101019,Mary,Williams,North America,USA,Enterprise,2021-03-29,Online,1
C101020,James,Clark,APAC,Japan,Small Business,2026-05-18,In-Store,1
C101021,Hiroshi,Martin,North America,Canada,Individual,2025-01-25,Online,1
C101022,Diego,Young,Latin America,Argentina,Individual,2021-02-15,In-Store,1
C101023,Wei,Lee,Latin America,Argentina,Individual,2024-11-16,Online,0
C101024,Patricia,Jones,Latin America,Chile,Individual,2024-02-17,In-Store,1
C101025,Carlos,Johnson,Europe,UK,Individual,2023-07-22,Online,1
C101026,Susan,Perez,Middle East,Qatar,Enterprise,2025-04-04,Online,1
C101027,Thomas,Miller,Middle East,UAE,Individual,2025-01-10,Online,1
C101028,Susan,Martinez,North America,USA,Individual,2025-10-22,Online,1
C101029,Lucas,Smith,Middle East,Qatar,Individual,2026-05-20,In-Store,1
C101030,Ava,Thomas,North America,Mexico,Small Business,2023-01-15,Marketplace,1
C101031,Priya,Ramirez,Europe,Spain,Enterprise,2025-06-18,Marketplace,1
C101032,Ananya,Martin,North America,USA,Small Business,2023-08-25,In-Store,1
C101033,Lucas,Sanchez,North America,USA,Individual,2023-02-02,Marketplace,1
C101034,Sofia,Anderson,North America,USA,Individual,2023-02-01,Marketplace,0
C101035,Omar,Robinson,APAC,Singapore,Small Business,2023-03-05,In-Store,0
C101036,Elena,Lopez,North America,USA,Individual,2023-01-14,Online,1
C101037,Layla,Johnson,APAC,South Korea,Individual,2023-12-06,Marketplace,0
C101038,William,Martinez,North America,USA,Individual,2026-03-25,Online,1
C101039,Jessica,Clark,North America,Canada,Individual,2025-03-12,Online,1
C101040,Jennifer,Lee,Europe,Germany,Individual,2022-07-12,In-Store,1
C101041,Noah,Thomas,APAC,Singapore,Individual,2026-06-18,B2B Direct,0
C101042,Hiroshi,Perez,North America,Canada,Individual,2022-06-10,In-Store,1
C101043,Ananya,Perez,APAC,Singapore,Individual,2022-08-20,Online,1
C101044,Amara,Taylor,Middle East,Qatar,Individual,2026-01-29,Online,0
C101045,William,Taylor,APAC,Australia,Individual,2023-04-20,Online,1
C101046,John,Sanchez,North America,USA,Individual,2021-01-03,Online,1
C101047,Priya,Williams,North America,Canada,Individual,2023-11-18,Online,1
C101048,Chen,Rodriguez,Middle East,Kuwait,Individual,2024-11-05,In-Store,1
C101049,Elena,Smith,North America,USA,Individual,2021-06-06,In-Store,1
C101050,William,Jackson,Middle East,Qatar,Individual,2023-05-05,Online,0
C101051,Richard,Wilson,Europe,UK,Individual,2026-04-22,Online,0
C101052,Jennifer,Johnson,Latin America,Chile,Individual,2026-05-09,In-Store,1
C101053,Priya,Miller,APAC,Australia,Small Business,2022-05-26,In-Store,1
C101054,Diego,Ramirez,Latin America,Chile,Individual,2024-09-18,Marketplace,1
C101055,Charles,Martinez,Europe,Germany,Individual,2026-02-11,B2B Direct,1
C101056,Susan,Harris,APAC,Singapore,Individual,2022-11-18,Online,0
C101057,David,Perez,Europe,Netherlands,Enterprise,2024-02-12,Online,1
C101058,Chen,Hernandez,Europe,Germany,Individual,2024-11-13,In-Store,1
C101059,Chen,Martinez,APAC,Japan,Individual,2025-02-19,B2B Direct,1
C101060,Yuki,Moore,Middle East,Saudi Arabia,Individual,2026-02-10,Online,1
C101061,Omar,Jones,Latin America,Brazil,Small Business,2024-06-27,Marketplace,1
C101062,Patricia,Hernandez,APAC,Japan,Small Business,2022-07-25,Online,1
C101063,Robert,Clark,Europe,France,Individual,2022-12-16,Online,1
C101064,Noah,Clark,Europe,Spain,Individual,2024-08-31,B2B Direct,0
C101065,Ananya,Gonzalez,APAC,Singapore,Individual,2021-08-27,Online,1
C101066,Thomas,Ramirez,North America,USA,Small Business,2024-06-11,In-Store,1
C101067,Ethan,Johnson,North America,Mexico,Individual,2021-10-30,In-Store,1
C101068,Noah,Miller,Europe,Italy,Individual,2022-08-30,Marketplace,1
C101069,Barbara,Young,North America,Canada,Small Business,2023-09-18,Online,1
C101070,Yuki,Garcia,North America,Mexico,Small Business,2025-08-04,Marketplace,0
C101071,Ananya,Jackson,North America,Canada,Enterprise,2021-11-30,In-Store,1
C101072,Sarah,Anderson,North America,Canada,Small Business,2021-04-23,Online,0
C101073,Liam,Thompson,North America,Mexico,Enterprise,2025-07-03,Online,0
C101074,Jennifer,White,Latin America,Brazil,Individual,2021-12-28,Online,1
C101075,Karen,Ramirez,Europe,UK,Small Business,2026-02-24,Online,1
C101076,Karen,White,Europe,UK,Small Business,2023-03-12,Online,1
C101077,Hiroshi,Perez,APAC,Singapore,Individual,2021-04-07,Online,1
C101078,Elena,Garcia,North America,Mexico,Individual,2026-06-05,In-Store,0
C101079,Karen,Brown,Latin America,Chile,Enterprise,2026-02-14,B2B Direct,1
C101080,Diego,Clark,APAC,Australia,Individual,2021-01-16,Online,0
C101081,Robert,Perez,North America,Mexico,Small Business,2022-07-10,In-Store,1
C101082,Karen,Thomas,Europe,Germany,Individual,2026-06-01,Online,1
C101083,Linda,Young,Middle East,UAE,Individual,2022-01-11,Online,1
C101084,Ananya,Jones,Latin America,Brazil,Individual,2023-01-12,Online,1
C101085,Fatima,King,Europe,Italy,Individual,2022-01-25,Marketplace,1
C101086,James,Jones,APAC,Japan,Individual,2022-09-12,B2B Direct,1
C101087,Mary,Thompson,North America,USA,Individual,2024-05-25,In-Store,0
C101088,Elizabeth,Young,Latin America,Chile,Individual,2024-11-23,Online,1
C101089,Mia,Wilson,North America,Mexico,Individual,2024-07-07,Online,0
C101090,Diego,King,Latin America,Argentina,Individual,2023-04-04,Online,1
C101091,Carlos,Jones,APAC,South Korea,Individual,2021-11-16,B2B Direct,0
C101092,Hiroshi,Perez,APAC,Australia,Small Business,2021-07-15,In-Store,1
C101093,Diego,Garcia,Europe,Spain,Individual,2025-02-10,In-Store,1
C101094,Ethan,Brown,North America,USA,Individual,2022-02-22,In-Store,1
C101095,Susan,Johnson,North America,USA,Individual,2025-02-07,In-Store,1
C101096,Robert,Rodriguez,North America,Mexico,Individual,2022-08-30,In-Store,0
C101097,Yuki,Robinson,North America,Canada,Individual,2022-07-22,In-Store,1
C101098,Michael,Jackson,APAC,Australia,Individual,2022-06-28,Marketplace,1
C101099,Thomas,Rodriguez,Europe,Germany,Small Business,2026-07-21,Online,0
C101100,Priya,Jones,North America,Mexico,Small Business,2021-08-19,B2B Direct,1
C101101,Ethan,Thomas,Latin America,Brazil,Small Business,2023-06-03,Marketplace,1
C101102,Ethan,Sanchez,Middle East,Qatar,Individual,2022-06-05,In-Store,0
C101103,Fatima,Miller,Latin America,Argentina,Individual,2022-12-04,Marketplace,1
C101104,Hiroshi,Johnson,Latin America,Chile,Individual,2026-03-12,Marketplace,1
C101105,Mary,Wilson,North America,USA,Individual,2024-05-08,Online,0
C101106,William,Walker,Europe,Italy,Enterprise,2023-04-26,Marketplace,1
C101107,Noah,Perez,APAC,Singapore,Individual,2022-11-04,Online,1
C101108,Noah,King,APAC,Singapore,Individual,2025-06-11,Online,0
C101109,Michael,Walker,North America,USA,Individual,2021-01-21,Online,0
C101110,Elizabeth,Jackson,Middle East,Qatar,Small Business,2024-08-27,Online,1
C101111,Yuki,Garcia,North America,USA,Small Business,2022-08-11,Marketplace,1
C101112,Mary,Martinez,North America,USA,Individual,2026-05-31,Online,0
C101113,Diego,Lopez,Europe,Spain,Enterprise,2023-06-17,In-Store,1
C101114,Thomas,Sanchez,Europe,Spain,Individual,2025-08-04,Online,0
C101115,Amara,Brown,Europe,Spain,Small Business,2025-07-20,In-Store,0
C101116,Sarah,Jones,North America,USA,Enterprise,2025-11-22,Online,1
C101117,Sofia,Robinson,Middle East,UAE,Small Business,2026-04-08,In-Store,0
C101118,Thomas,White,North America,Canada,Individual,2025-06-08,Marketplace,1
C101119,Wei,Jones,North America,USA,Individual,2024-12-28,Online,0
C101120,Yuki,Jones,Middle East,UAE,Individual,2022-01-06,Marketplace,1
C101121,Karen,Davis,Latin America,Argentina,Individual,2025-05-03,Online,1
C101122,Jessica,Smith,Middle East,UAE,Small Business,2026-03-30,Marketplace,1
C101123,Yuki,Johnson,Middle East,Kuwait,Individual,2021-03-19,In-Store,1
C101124,Joseph,Miller,APAC,Australia,Individual,2025-04-15,Online,0
C101125,Mia,Anderson,Europe,Spain,Small Business,2024-08-01,Marketplace,1
C101126,Joseph,Wilson,North America,Mexico,Individual,2022-10-10,In-Store,1
C101127,Joseph,Gonzalez,Europe,Italy,Individual,2021-05-20,Marketplace,1
C101128,Sarah,Lewis,Europe,Netherlands,Individual,2022-07-07,In-Store,1
C101129,Mia,Johnson,North America,Canada,Individual,2023-09-25,In-Store,0
C101130,James,Miller,APAC,South Korea,Individual,2021-10-09,Online,1
C101131,Layla,Martinez,Europe,Germany,Small Business,2025-05-05,B2B Direct,0
C101132,Robert,Martin,North America,Mexico,Individual,2024-07-05,Online,1
C101133,Wei,Harris,North America,Mexico,Small Business,2026-01-21,Marketplace,1
C101134,Ananya,Sanchez,APAC,India,Individual,2024-10-15,In-Store,1
C101135,Priya,Garcia,North America,Mexico,Individual,2022-03-16,In-Store,1
C101136,Patricia,Brown,Middle East,UAE,Individual,2021-09-27,Online,1
C101137,Sofia,Davis,Europe,Germany,Individual,2024-03-03,Online,1
C101138,James,Gonzalez,Europe,Italy,Individual,2023-01-16,Online,1
C101139,Patricia,Davis,Europe,UK,Individual,2025-07-22,B2B Direct,1
C101140,Carlos,Lewis,Middle East,Qatar,Individual,2021-04-14,Online,1
C101141,Amara,Clark,North America,Canada,Individual,2023-02-05,Online,0
C101142,Wei,Rodriguez,APAC,Singapore,Individual,2021-04-05,Online,1
C101143,Fatima,Wilson,Europe,Germany,Individual,2026-02-16,Marketplace,0
C101144,Ananya,Hernandez,North America,Mexico,Small Business,2022-12-30,In-Store,1
C101145,Susan,Harris,Middle East,UAE,Enterprise,2025-05-16,Online,1
C101146,Linda,Thompson,APAC,Japan,Individual,2022-04-25,In-Store,1
C101147,Jessica,Martinez,APAC,Singapore,Individual,2023-02-19,Online,1
C101148,Sofia,Miller,Middle East,Qatar,Enterprise,2024-06-18,Online,1
C101149,Carlos,Gonzalez,Middle East,UAE,Individual,2021-01-13,In-Store,1
C101150,Omar,Perez,APAC,Singapore,Enterprise,2024-03-16,Online,1
C101151,Michael,Moore,Middle East,Kuwait,Individual,2026-05-18,Online,1
C101152,Yuki,Rodriguez,APAC,Singapore,Small Business,2025-11-11,Online,1
C101153,Ethan,Perez,APAC,Singapore,Individual,2022-08-24,Online,0
C101154,Omar,Rodriguez,APAC,South Korea,Enterprise,2021-04-05,Marketplace,1
C101155,Omar,Wilson,APAC,Japan,Individual,2026-01-25,Marketplace,1
C101156,Diego,Lopez,North America,USA,Individual,2021-10-20,Online,1
C101157,Mary,Taylor,Middle East,Saudi Arabia,Individual,2021-01-25,In-Store,1
C101158,David,Taylor,Middle East,UAE,Individual,2024-07-19,Online,1
C101159,Ava,White,North America,Mexico,Small Business,2025-03-09,In-Store,1
C101160,William,Gonzalez,Middle East,Qatar,Individual,2024-04-04,Marketplace,1
C101161,Joseph,Moore,North America,Mexico,Small Business,2023-07-28,Online,1
C101162,Barbara,Robinson,North America,USA,Individual,2026-07-26,Online,1
C101163,Sofia,Smith,APAC,India,Small Business,2023-02-01,B2B Direct,0
C101164,Lucas,Wilson,North America,Canada,Individual,2024-01-16,Online,1
C101165,Jessica,Martinez,Middle East,UAE,Enterprise,2022-10-16,Online,1
C101166,Hiroshi,Jones,Middle East,Qatar,Enterprise,2025-07-28,Marketplace,0
C101167,Sarah,Perez,Europe,UK,Individual,2023-09-12,Marketplace,1
C101168,Ananya,Lewis,North America,Mexico,Small Business,2025-12-20,Online,1
C101169,Jessica,Young,North America,USA,Small Business,2022-09-30,In-Store,1
C101170,Michael,Walker,APAC,South Korea,Individual,2026-01-26,Online,0
C101171,John,King,Latin America,Brazil,Individual,2022-05-06,Marketplace,1
C101172,Layla,Robinson,APAC,Japan,Individual,2026-04-16,Online,1
C101173,Elena,King,North America,USA,Small Business,2024-03-10,In-Store,1
C101174,Ananya,Martinez,APAC,India,Individual,2026-03-07,Online,1
C101175,Robert,Ramirez,Europe,Germany,Individual,2024-02-01,In-Store,1
C101176,Elizabeth,Rodriguez,APAC,Australia,Individual,2024-06-03,In-Store,0
C101177,William,Hernandez,North America,Canada,Individual,2026-04-10,Online,1
C101178,Wei,Clark,APAC,India,Small Business,2022-07-29,Marketplace,1
C101179,Thomas,Young,Europe,Netherlands,Enterprise,2021-10-21,Online,1
C101180,Yuki,Lee,Latin America,Brazil,Individual,2023-06-15,Marketplace,1
C101181,Chen,Lopez,North America,USA,Individual,2024-08-22,In-Store,1
C101182,Karen,Miller,APAC,South Korea,Individual,2024-07-01,Marketplace,1
C101183,Diego,Perez,Latin America,Argentina,Individual,2024-04-18,In-Store,0
C101184,Elena,Young,North America,Canada,Individual,2021-02-09,Online,0
C101185,Richard,Williams,Latin America,Brazil,Individual,2023-02-15,Online,1
C101186,Elizabeth,Lopez,APAC,Japan,Individual,2025-09-21,In-Store,1
C101187,Layla,Gonzalez,North America,USA,Individual,2022-06-04,Online,0
C101188,Karen,Perez,North America,Mexico,Small Business,2025-06-28,Online,1
C101189,Susan,Ramirez,APAC,South Korea,Individual,2025-10-27,Online,1
C101190,Linda,Jones,North America,Canada,Small Business,2022-06-30,Marketplace,0
C101191,Linda,Robinson,Europe,UK,Individual,2021-08-24,Marketplace,1
C101192,Ethan,Young,North America,USA,Individual,2022-04-08,Online,1
C101193,Chen,Martin,APAC,India,Small Business,2024-06-05,Online,1
C101194,Elizabeth,Martin,North America,Mexico,Individual,2025-09-20,In-Store,1
C101195,Lucas,Rodriguez,Middle East,Qatar,Individual,2026-01-23,Online,0
C101196,Susan,Miller,Latin America,Chile,Individual,2022-04-28,In-Store,0
C101197,Susan,Miller,Latin America,Argentina,Individual,2022-03-06,Online,1
C101198,Jennifer,Sanchez,APAC,Singapore,Small Business,2023-11-12,Online,0
C101199,Noah,King,North America,Mexico,Individual,2021-12-09,Online,1
C101200,Thomas,Walker,APAC,Japan,Individual,2023-11-30,Online,0
C101201,Ananya,Wilson,North America,Canada,Individual,2024-04-11,Online,1
C101202,Ava,Robinson,North America,Canada,Individual,2025-01-02,B2B Direct,1
C101203,Chen,Jackson,North America,Canada,Enterprise,2024-04-17,In-Store,1
C101204,Ethan,Rodriguez,Europe,Italy,Small Business,2025-06-10,Online,0
C101205,Joseph,Moore,APAC,Japan,Individual,2021-05-13,Online,0
C101206,Liam,Smith,APAC,Japan,Individual,2021-12-17,Online,1
C101207,Liam,Taylor,Europe,UK,Individual,2025-03-29,In-Store,1
C101208,David,Perez,North America,Mexico,Individual,2025-04-13,Marketplace,1
C101209,Sofia,Lopez,Latin America,Argentina,Small Business,2022-05-21,Online,1
C101210,Sarah,Moore,Europe,Germany,Individual,2021-03-25,Online,1
C101211,Thomas,Johnson,Europe,Germany,Individual,2023-09-20,Online,0
C101212,Sarah,White,North America,Canada,Small Business,2025-01-27,Online,0
C101213,Patricia,Brown,APAC,South Korea,Individual,2023-04-10,Online,1
C101214,Karen,Thompson,APAC,Australia,Individual,2023-05-11,In-Store,0
C101215,Richard,Brown,North America,Mexico,Individual,2021-12-09,B2B Direct,1
C101216,William,Lee,North America,Canada,Enterprise,2024-07-27,Marketplace,0
C101217,Layla,Clark,APAC,India,Small Business,2023-05-16,Marketplace,0
C101218,Chen,Hernandez,APAC,Australia,Individual,2024-07-10,Online,1
C101219,Linda,White,North America,USA,Individual,2024-04-04,In-Store,1
C101220,Karen,Clark,Latin America,Argentina,Enterprise,2021-10-20,Marketplace,1
C101221,Sarah,Clark,North America,USA,Individual,2025-03-13,Online,1
C101222,Michael,Ramirez,Europe,Netherlands,Individual,2025-05-23,Marketplace,0
C101223,Layla,Johnson,Latin America,Brazil,Enterprise,2024-06-03,Online,1
C101224,William,Sanchez,Europe,Italy,Small Business,2024-04-08,B2B Direct,1
C101225,Diego,Anderson,APAC,India,Individual,2022-08-21,Online,1
C101226,Sofia,White,Europe,UK,Individual,2022-10-07,Online,1
C101227,Karen,Jackson,North America,USA,Individual,2022-03-24,Online,1
C101228,Mia,Miller,Latin America,Argentina,Individual,2022-11-21,Online,1
C101229,Elizabeth,Taylor,Europe,France,Enterprise,2023-09-29,Marketplace,0
C101230,Diego,Brown,Middle East,UAE,Individual,2023-05-05,Online,0
C101231,Sarah,Robinson,North America,Canada,Small Business,2022-05-17,Marketplace,1
C101232,Yuki,Wilson,North America,USA,Individual,2023-02-03,B2B Direct,1
C101233,Hiroshi,Martin,North America,Mexico,Individual,2025-03-31,B2B Direct,1
C101234,Ava,Lewis,APAC,Japan,Individual,2023-01-05,Marketplace,0
C101235,Noah,Sanchez,Europe,Germany,Small Business,2024-11-03,B2B Direct,0
C101236,Ava,Jackson,Middle East,Kuwait,Individual,2024-05-09,Online,1
C101237,Elena,Davis,Europe,Netherlands,Individual,2025-07-01,B2B Direct,1
C101238,Chen,Martin,Latin America,Brazil,Individual,2021-09-07,Online,1
C101239,Omar,Smith,North America,Canada,Individual,2026-05-27,Online,1
C101240,Patricia,Thomas,Middle East,UAE,Individual,2024-12-03,Online,0
C101241,Karen,Smith,APAC,Singapore,Individual,2022-08-24,In-Store,0
C101242,Linda,Davis,APAC,Australia,Individual,2021-05-05,Online,0
C101243,Mary,Davis,Middle East,Kuwait,Individual,2021-04-23,Online,1
C101244,Priya,Johnson,APAC,Singapore,Individual,2023-09-08,In-Store,1
C101245,Noah,Ramirez,APAC,South Korea,Individual,2024-03-06,Online,0
C101246,Liam,Walker,North America,Mexico,Individual,2025-11-18,Online,1
C101247,Ananya,Thomas,North America,Mexico,Individual,2025-02-28,In-Store,1
C101248,Linda,Hernandez,Latin America,Chile,Individual,2025-08-29,Online,1
C101249,Fatima,Wilson,APAC,India,Small Business,2021-05-30,In-Store,1
C101250,Linda,King,APAC,Japan,Individual,2023-05-25,In-Store,1
C101251,John,Davis,Europe,Italy,Individual,2021-12-09,B2B Direct,1
C101252,Lucas,Gonzalez,North America,Canada,Individual,2026-05-23,Marketplace,1
C101253,James,Thomas,North America,USA,Small Business,2022-08-03,Online,0
C101254,Ananya,Lee,APAC,Australia,Individual,2025-10-23,Online,1
C101255,Elizabeth,Taylor,Europe,Spain,Individual,2023-02-22,B2B Direct,0
C101256,Mary,Moore,North America,Mexico,Individual,2021-11-17,In-Store,0
C101257,Ananya,Jones,Europe,UK,Individual,2023-04-02,Marketplace,1
C101258,Richard,Ramirez,North America,Canada,Enterprise,2026-05-04,In-Store,1
C101259,Chen,Jones,Europe,Italy,Small Business,2026-02-28,Marketplace,0
C101260,Diego,Brown,North America,Canada,Individual,2022-06-16,Online,0
C101261,Sarah,Williams,APAC,South Korea,Small Business,2024-08-05,In-Store,1
C101262,Mary,King,North America,Canada,Small Business,2025-02-21,Marketplace,0
C101263,Charles,Williams,Europe,UK,Individual,2022-05-07,Online,1
C101264,Ananya,Davis,North America,Canada,Individual,2022-09-04,Online,1
C101265,Omar,Thompson,North America,Mexico,Individual,2021-09-09,In-Store,0
C101266,Yuki,Garcia,Europe,Germany,Individual,2026-06-29,Marketplace,1
C101267,Charles,Clark,Europe,UK,Individual,2024-01-06,B2B Direct,1
C101268,Yuki,Perez,APAC,South Korea,Individual,2025-07-29,In-Store,1
C101269,Karen,Smith,North America,Canada,Small Business,2024-11-16,In-Store,1
C101270,Jennifer,Clark,APAC,Singapore,Enterprise,2024-12-06,Marketplace,1
C101271,Sarah,Rodriguez,Middle East,Kuwait,Individual,2021-06-22,Online,1
C101272,Sarah,Harris,APAC,Singapore,Individual,2023-05-25,Marketplace,1
C101273,Karen,Wilson,North America,Canada,Small Business,2021-07-20,Online,1
C101274,Ava,Moore,Europe,Germany,Small Business,2021-08-05,In-Store,1
C101275,Noah,Moore,North America,Canada,Small Business,2022-01-11,B2B Direct,1
C101276,Elizabeth,Clark,North America,USA,Individual,2025-10-10,In-Store,1
C101277,Layla,Rodriguez,Latin America,Argentina,Individual,2025-05-29,Online,1
C101278,Charles,Lopez,North America,Mexico,Individual,2021-01-11,Marketplace,1
C101279,Mary,Moore,Europe,Spain,Enterprise,2025-12-28,In-Store,1
C101280,Robert,Wilson,APAC,Japan,Individual,2025-11-27,Online,1
C101281,Diego,Martinez,APAC,India,Small Business,2023-11-02,Online,1
C101282,Ava,Martin,Europe,UK,Individual,2023-06-11,Online,1
C101283,Charles,Perez,North America,USA,Enterprise,2026-07-08,Online,1
C101284,Ananya,Jones,North America,Canada,Individual,2025-06-02,In-Store,1
C101285,Susan,Robinson,Europe,France,Individual,2022-03-11,In-Store,1
C101286,Elena,Smith,North America,Mexico,Individual,2025-09-04,Marketplace,1
C101287,Ananya,Sanchez,Europe,UK,Individual,2025-06-20,In-Store,1
C101288,Thomas,Miller,North America,Canada,Individual,2023-03-29,Online,0
C101289,Carlos,Miller,North America,Canada,Individual,2024-10-28,Online,1
C101290,Mia,Jones,Europe,Italy,Individual,2024-07-20,Online,1
C101291,Lucas,Martin,North America,Canada,Individual,2023-07-20,B2B Direct,1
C101292,Noah,Ramirez,Europe,Spain,Small Business,2026-04-05,Online,0
C101293,Karen,Thompson,APAC,South Korea,Individual,2026-05-03,Online,1
C101294,Jessica,Davis,Middle East,Saudi Arabia,Individual,2022-11-22,Marketplace,0
C101295,Barbara,Thomas,North America,Canada,Small Business,2025-05-19,B2B Direct,1
C101296,Carlos,Garcia,North America,Canada,Individual,2025-03-13,Online,0
C101297,Richard,Hernandez,North America,Mexico,Enterprise,2024-03-01,Online,1
C101298,Noah,Gonzalez,APAC,South Korea,Individual,2023-05-05,Online,1
C101299,Priya,Johnson,APAC,Australia,Individual,2026-05-02,Online,1
C101300,Ethan,Johnson,North America,Canada,Individual,2023-02-23,Online,0
C101301,Ananya,Gonzalez,Latin America,Argentina,Individual,2021-11-15,In-Store,1
C101302,Robert,Jackson,North America,USA,Individual,2023-04-24,In-Store,1
C101303,Susan,King,Europe,Germany,Individual,2026-05-27,Online,1
C101304,Ethan,Harris,APAC,Singapore,Individual,2026-02-20,In-Store,1
C101305,Mia,Moore,Middle East,Qatar,Individual,2022-09-13,Online,0
C101306,Diego,Lewis,APAC,India,Individual,2023-02-24,Marketplace,1
C101307,Elizabeth,Hernandez,Middle East,Saudi Arabia,Individual,2024-04-06,Marketplace,1
C101308,James,Thompson,North America,USA,Individual,2022-02-01,In-Store,1
C101309,Ava,Thompson,Middle East,Saudi Arabia,Individual,2024-04-18,Online,1
C101310,Chen,Williams,North America,Mexico,Individual,2023-12-18,B2B Direct,0
C101311,Charles,Moore,Middle East,Qatar,Individual,2025-02-12,Marketplace,1
C101312,Diego,Rodriguez,Europe,France,Individual,2026-05-11,Online,1
C101313,Karen,Martin,Middle East,Saudi Arabia,Individual,2026-07-27,Online,1
C101314,Karen,White,Europe,France,Individual,2025-06-03,Online,1
C101315,Fatima,Taylor,APAC,Japan,Individual,2022-04-05,Online,1
C101316,Elena,Lopez,Europe,France,Individual,2021-03-02,Online,1
C101317,Hiroshi,King,APAC,Singapore,Individual,2022-01-04,In-Store,0
C101318,Omar,Garcia,North America,Canada,Individual,2024-02-19,Online,0
C101319,Susan,Robinson,North America,Canada,Individual,2022-12-20,Online,1
C101320,Jennifer,Garcia,North America,USA,Individual,2022-06-30,Online,1
C101321,Layla,Thompson,North America,Mexico,Individual,2025-05-25,Online,0
C101322,Linda,Miller,Middle East,Qatar,Small Business,2023-11-07,Marketplace,1
C101323,Patricia,Sanchez,North America,USA,Small Business,2022-05-11,In-Store,1
C101324,Richard,Williams,Latin America,Brazil,Individual,2022-05-12,Online,1
C101325,Sofia,Harris,North America,Mexico,Individual,2022-05-20,Online,1
C101326,Amara,Williams,North America,USA,Individual,2025-04-05,Marketplace,1
C101327,Yuki,Anderson,APAC,Singapore,Small Business,2023-08-27,B2B Direct,1
C101328,Noah,Brown,APAC,India,Individual,2024-08-31,In-Store,1
C101329,William,Lee,Europe,UK,Enterprise,2023-12-29,Online,1
C101330,Ethan,Robinson,Europe,Spain,Individual,2025-10-17,In-Store,1
C101331,Amara,Miller,APAC,South Korea,Individual,2021-06-10,Online,1
C101332,Wei,Gonzalez,North America,Canada,Individual,2025-06-26,Online,1
C101333,Noah,Miller,Latin America,Brazil,Individual,2026-03-27,Online,1
C101334,William,Thompson,Latin America,Brazil,Individual,2022-12-19,Online,1
C101335,Chen,Miller,APAC,India,Individual,2024-03-14,B2B Direct,1
C101336,Linda,Martinez,North America,Canada,Individual,2025-05-12,Marketplace,1
C101337,Carlos,Wilson,APAC,South Korea,Small Business,2025-06-07,Online,1
C101338,Elizabeth,Jones,North America,Canada,Individual,2023-09-20,B2B Direct,1
C101339,Joseph,Jackson,North America,Mexico,Individual,2024-11-09,Online,1
C101340,Ava,King,North America,USA,Individual,2021-09-26,In-Store,1
C101341,Ava,Wilson,Europe,Spain,Individual,2026-07-23,In-Store,0
C101342,Ananya,Williams,Middle East,Kuwait,Individual,2026-05-01,In-Store,1
C101343,Liam,Miller,APAC,Singapore,Individual,2025-01-17,Online,1
C101344,Liam,Robinson,APAC,India,Individual,2022-11-30,B2B Direct,1
C101345,Karen,Clark,Europe,France,Individual,2025-03-22,Online,0
C101346,Richard,Hernandez,North America,Canada,Individual,2023-05-15,In-Store,0
C101347,Mary,Thomas,Europe,UK,Individual,2021-12-16,Marketplace,1
C101348,Priya,Taylor,Latin America,Brazil,Enterprise,2021-04-20,Marketplace,0
C101349,Michael,Jackson,North America,Canada,Individual,2025-02-15,Online,1
C101350,Omar,Johnson,Middle East,UAE,Individual,2022-02-11,In-Store,1
C101351,Diego,Clark,Europe,Italy,Individual,2022-10-12,Online,0
C101352,Charles,Smith,Europe,Germany,Small Business,2021-02-20,Marketplace,0
C101353,Lucas,Johnson,APAC,Japan,Individual,2024-11-27,Marketplace,1
C101354,Ananya,Anderson,Europe,Germany,Individual,2025-05-06,Online,0
C101355,Omar,Smith,Middle East,Kuwait,Individual,2025-02-08,Online,1
C101356,Elizabeth,Garcia,Latin America,Argentina,Individual,2024-01-16,Online,0
C101357,Liam,Robinson,Europe,UK,Small Business,2023-12-28,Online,0
C101358,Priya,Clark,North America,USA,Individual,2022-08-19,In-Store,0
C101359,Linda,Taylor,Europe,Netherlands,Small Business,2023-09-06,B2B Direct,1
C101360,Omar,White,Latin America,Argentina,Individual,2023-12-02,In-Store,0
C101361,James,Perez,North America,Canada,Individual,2023-01-01,In-Store,0
C101362,Fatima,Anderson,APAC,Japan,Small Business,2021-02-26,B2B Direct,1
C101363,David,Lee,APAC,Japan,Individual,2023-01-08,In-Store,1
C101364,Elena,Clark,APAC,Singapore,Individual,2021-07-15,Online,1
C101365,Michael,Thomas,North America,USA,Individual,2025-11-19,In-Store,1
C101366,David,Wilson,APAC,Australia,Individual,2025-08-29,In-Store,1
C101367,Michael,Brown,Latin America,Argentina,Individual,2023-12-22,B2B Direct,1
C101368,Chen,White,North America,USA,Enterprise,2024-07-10,Marketplace,1
C101369,Noah,Gonzalez,North America,Mexico,Enterprise,2021-04-22,B2B Direct,1
C101370,Jessica,Jones,Latin America,Argentina,Individual,2023-02-04,Online,1
C101371,Elizabeth,King,North America,USA,Individual,2022-12-12,Online,1
C101372,Carlos,Davis,Middle East,UAE,Individual,2024-04-16,In-Store,1
C101373,Elizabeth,Jackson,Europe,Netherlands,Individual,2023-08-06,Online,1
C101374,Amara,Martinez,North America,Canada,Individual,2021-01-26,In-Store,1
C101375,Yuki,Jackson,Middle East,UAE,Individual,2022-02-14,In-Store,1
C101376,Diego,Walker,Europe,Netherlands,Individual,2023-01-28,In-Store,1
C101377,Charles,Wilson,Europe,Netherlands,Individual,2022-06-15,Online,1
C101378,Elena,Harris,Europe,UK,Individual,2025-12-06,In-Store,1
C101379,Diego,Davis,Europe,Spain,Individual,2024-09-02,Marketplace,1
C101380,Noah,Brown,North America,Mexico,Small Business,2025-04-05,In-Store,0
C101381,Chen,Jones,Europe,Netherlands,Individual,2024-02-04,Marketplace,1
C101382,Charles,Garcia,Latin America,Argentina,Individual,2023-01-19,B2B Direct,1
C101383,William,Robinson,North America,Mexico,Individual,2026-01-16,Online,1
C101384,Chen,Jackson,APAC,Japan,Individual,2025-01-27,B2B Direct,1
C101385,Jennifer,Moore,North America,USA,Individual,2021-09-03,Online,1
C101386,Thomas,Lee,APAC,South Korea,Individual,2024-01-10,In-Store,1
C101387,Mia,Taylor,North America,USA,Enterprise,2022-10-24,B2B Direct,1
C101388,Priya,Walker,Latin America,Brazil,Individual,2023-06-28,In-Store,1
C101389,Liam,Lee,Europe,UK,Individual,2022-01-31,Online,0
C101390,James,Hernandez,North America,USA,Individual,2022-06-06,Online,0
C101391,Jessica,Thomas,North America,Mexico,Enterprise,2026-01-31,Marketplace,1
C101392,Patricia,Rodriguez,North America,Mexico,Small Business,2025-10-26,Online,0
C101393,Fatima,Thompson,Europe,Germany,Small Business,2023-07-15,Marketplace,1
C101394,Hiroshi,Thompson,North America,Mexico,Individual,2021-09-21,Marketplace,1
C101395,Robert,Williams,Middle East,Qatar,Enterprise,2025-08-12,B2B Direct,0
C101396,Ananya,Garcia,Europe,UK,Individual,2023-03-01,Online,0
C101397,Carlos,Martin,North America,USA,Individual,2024-07-21,Online,0
C101398,Joseph,Anderson,APAC,South Korea,Small Business,2025-09-26,Online,0
C101399,William,Robinson,APAC,Japan,Small Business,2026-05-22,In-Store,1
C101400,Robert,Young,North America,Mexico,Individual,2021-06-21,Online,1
C101401,Charles,Garcia,North America,Canada,Individual,2021-09-22,Online,1
C101402,Linda,Walker,North America,Canada,Individual,2026-06-10,B2B Direct,0
C101403,Noah,Thomas,APAC,Singapore,Individual,2026-01-20,In-Store,1
C101404,Noah,Lewis,APAC,Singapore,Individual,2023-11-16,Online,1
C101405,Lucas,Perez,Europe,UK,Enterprise,2025-02-01,In-Store,1
C101406,Ethan,Ramirez,Middle East,Qatar,Individual,2026-03-01,In-Store,0
C101407,Omar,Anderson,Middle East,Saudi Arabia,Small Business,2022-04-21,In-Store,1
C101408,Robert,Lee,Europe,Netherlands,Small Business,2021-12-22,In-Store,1
C101409,Hiroshi,Davis,Middle East,Saudi Arabia,Individual,2023-11-16,In-Store,0
C101410,Elizabeth,Smith,North America,USA,Small Business,2021-02-03,Online,1
C101411,Elizabeth,Robinson,North America,Mexico,Individual,2021-09-21,Online,0
C101412,William,Johnson,North America,Mexico,Individual,2024-03-07,Marketplace,1
C101413,Susan,White,North America,Canada,Individual,2023-03-27,In-Store,0
C101414,Elena,Jones,Europe,Germany,Individual,2025-09-15,B2B Direct,0
C101415,David,Lopez,Latin America,Brazil,Small Business,2023-05-25,Online,0
C101416,Jennifer,Jones,North America,Mexico,Enterprise,2023-01-24,Online,1
C101417,Sofia,Wilson,North America,Mexico,Individual,2022-07-20,Online,1
C101418,Noah,Lopez,Europe,Germany,Small Business,2022-04-07,Online,0
C101419,Sarah,Clark,Latin America,Argentina,Individual,2024-04-06,Online,0
C101420,Fatima,Johnson,North America,USA,Small Business,2025-07-13,Online,1
C101421,Diego,Williams,Europe,Germany,Individual,2022-10-17,In-Store,1
C101422,Robert,Davis,North America,Mexico,Individual,2021-03-22,Online,0
C101423,Joseph,Johnson,North America,Mexico,Individual,2023-01-27,Online,1
C101424,Mia,Lewis,Latin America,Brazil,Individual,2026-04-22,In-Store,0
C101425,Robert,Harris,Latin America,Argentina,Individual,2026-03-03,B2B Direct,1
C101426,Joseph,Brown,North America,USA,Small Business,2023-05-20,Online,1
C101427,Robert,Martinez,Latin America,Brazil,Individual,2024-12-01,Online,0
C101428,Amara,Taylor,APAC,Japan,Enterprise,2025-05-17,In-Store,1
C101429,Elena,Smith,Middle East,Kuwait,Individual,2023-12-06,Online,1
C101430,Michael,Williams,Europe,Italy,Individual,2022-08-22,Online,0
C101431,Michael,Robinson,Europe,France,Individual,2025-06-23,B2B Direct,1
C101432,William,Jones,Europe,Netherlands,Individual,2023-03-18,Marketplace,1
C101433,Chen,Hernandez,APAC,Australia,Individual,2026-04-19,In-Store,1
C101434,Liam,Rodriguez,North America,Mexico,Individual,2023-12-13,Online,1
C101435,Lucas,Wilson,North America,Mexico,Individual,2023-09-11,Online,0
C101436,Yuki,Jackson,North America,Canada,Individual,2022-12-05,In-Store,1
C101437,Thomas,Gonzalez,APAC,South Korea,Enterprise,2026-06-06,In-Store,0
C101438,Ethan,Lee,North America,Mexico,Individual,2022-04-21,In-Store,1
C101439,Ananya,Johnson,APAC,Australia,Individual,2022-08-15,Online,1
C101440,Karen,Robinson,Latin America,Chile,Individual,2021-01-16,Online,1
C101441,Elizabeth,Thompson,North America,Canada,Small Business,2024-10-15,Online,1
C101442,Jennifer,Clark,APAC,India,Small Business,2022-05-02,B2B Direct,0
C101443,Barbara,Smith,Europe,France,Individual,2026-02-05,In-Store,1
C101444,Thomas,Miller,Middle East,Qatar,Individual,2022-12-07,Online,1
C101445,Layla,Johnson,North America,Canada,Individual,2025-03-06,B2B Direct,1
C101446,Liam,Thompson,APAC,India,Individual,2024-03-10,B2B Direct,1
C101447,Charles,Walker,Middle East,Qatar,Individual,2022-09-12,In-Store,1
C101448,John,Lewis,Latin America,Chile,Enterprise,2026-01-13,In-Store,1
C101449,Amara,Wilson,APAC,Japan,Individual,2023-10-16,Online,1
C101450,Mia,Jones,Europe,UK,Individual,2023-02-16,Online,1
C101451,Diego,Hernandez,APAC,Singapore,Small Business,2022-03-23,In-Store,1
C101452,James,King,Middle East,Qatar,Individual,2021-10-17,Marketplace,0
C101453,Barbara,Lewis,Europe,UK,Individual,2021-07-28,In-Store,1
C101454,Joseph,Garcia,North America,USA,Individual,2025-02-07,Online,1
C101455,John,Miller,Latin America,Chile,Individual,2022-02-17,In-Store,1
C101456,Ethan,Martinez,APAC,Japan,Enterprise,2022-11-08,Marketplace,1
C101457,William,Martin,APAC,India,Individual,2024-12-21,Marketplace,1
C101458,Karen,Rodriguez,North America,USA,Individual,2026-02-21,Online,1
C101459,Amara,Taylor,APAC,South Korea,Individual,2024-10-26,B2B Direct,0
C101460,Susan,Garcia,Europe,France,Small Business,2026-01-30,Online,1
C101461,Omar,Smith,APAC,Japan,Individual,2022-10-26,Online,0
C101462,Noah,Hernandez,North America,Canada,Individual,2026-06-14,B2B Direct,1
C101463,Elizabeth,Taylor,APAC,India,Enterprise,2021-10-17,In-Store,1
C101464,Priya,Rodriguez,Latin America,Argentina,Individual,2024-12-26,In-Store,0
C101465,Yuki,Thomas,North America,Mexico,Individual,2024-07-15,Online,1
C101466,Elizabeth,Clark,Latin America,Brazil,Individual,2021-05-31,In-Store,1
C101467,Ava,Jones,Europe,Germany,Individual,2025-10-09,B2B Direct,1
C101468,Hiroshi,Davis,Middle East,Kuwait,Individual,2024-07-02,Online,0
C101469,Noah,Rodriguez,APAC,South Korea,Individual,2024-10-08,Online,1
C101470,Fatima,Gonzalez,Europe,France,Individual,2024-11-01,Online,0
C101471,Layla,Williams,APAC,Japan,Individual,2025-08-04,Online,1
C101472,Hiroshi,Clark,Middle East,Saudi Arabia,Individual,2023-05-05,In-Store,1
C101473,Wei,Martin,Europe,Netherlands,Individual,2024-10-13,Online,1
C101474,Wei,King,North America,Mexico,Individual,2022-08-31,In-Store,1
C101475,Fatima,Gonzalez,APAC,Australia,Enterprise,2026-05-19,Online,1
C101476,Charles,White,Middle East,Qatar,Individual,2022-01-05,In-Store,1
C101477,Fatima,White,APAC,Australia,Enterprise,2024-06-04,Online,1
C101478,Wei,Martin,APAC,South Korea,Individual,2022-12-06,In-Store,1
C101479,Diego,Clark,Europe,Germany,Individual,2024-08-19,In-Store,1
C101480,Charles,Moore,Middle East,Saudi Arabia,Individual,2023-04-06,In-Store,1
C101481,Wei,Ramirez,North America,Mexico,Small Business,2023-10-02,Marketplace,1
C101482,James,King,Europe,UK,Small Business,2024-11-13,B2B Direct,1
C101483,Noah,Young,North America,Mexico,Individual,2022-01-12,Marketplace,0
C101484,Omar,Miller,North America,Mexico,Small Business,2023-08-31,B2B Direct,1
C101485,Patricia,Anderson,Europe,Spain,Individual,2021-04-28,Online,1
C101486,Barbara,Wilson,Europe,UK,Individual,2023-10-26,In-Store,1
C101487,Chen,Walker,APAC,South Korea,Enterprise,2022-03-20,Online,1
C101488,Mia,Walker,Europe,Germany,Small Business,2024-10-07,Marketplace,1
C101489,Robert,Sanchez,Europe,Italy,Enterprise,2023-01-25,Marketplace,1
C101490,Chen,Harris,North America,Mexico,Individual,2025-04-06,Online,0
C101491,Amara,Garcia,Europe,Italy,Individual,2025-08-15,In-Store,1
C101492,Karen,Clark,North America,Mexico,Individual,2022-10-02,Marketplace,0
C101493,Mary,Young,North America,Mexico,Individual,2021-05-04,In-Store,1
C101494,Mia,Lopez,APAC,India,Small Business,2022-10-20,Online,0
C101495,James,Robinson,APAC,Japan,Individual,2024-07-24,Online,1
C101496,Liam,White,APAC,India,Individual,2023-04-02,In-Store,1
C101497,Sarah,White,Europe,Netherlands,Individual,2024-11-18,Online,1
C101498,David,Perez,Europe,Netherlands,Individual,2022-10-26,In-Store,1
C101499,Mia,Brown,Middle East,Kuwait,Individual,2021-12-26,B2B Direct,1
C101500,Yuki,Jackson,Europe,France,Individual,2022-09-15,Online,1
C101501,Charles,Harris,Europe,Spain,Small Business,2025-02-01,Marketplace,1
C101502,Yuki,Jones,North America,Mexico,Individual,2026-07-02,Marketplace,1
C101503,Joseph,Brown,North America,Mexico,Small Business,2025-07-10,Online,1
C101504,Omar,Lewis,Europe,Germany,Individual,2025-09-20,B2B Direct,0
C101505,Karen,Rodriguez,Europe,UK,Individual,2023-12-17,Online,1
C101506,Robert,Davis,Europe,Germany,Individual,2024-06-28,Online,1
C101507,Yuki,Hernandez,Europe,France,Small Business,2026-04-04,Marketplace,0
C101508,Ananya,Young,APAC,Singapore,Individual,2023-07-08,In-Store,1
C101509,Noah,Young,APAC,Japan,Individual,2024-03-19,Online,1
C101510,Ethan,Jones,Middle East,Saudi Arabia,Individual,2022-03-28,Online,1
C101511,Carlos,Young,APAC,South Korea,Individual,2024-03-31,Online,1
C101512,Yuki,Jones,Latin America,Brazil,Small Business,2021-04-30,B2B Direct,1
C101513,James,Young,North America,Canada,Small Business,2022-08-05,Online,1
C101514,Amara,Smith,North America,USA,Individual,2026-05-02,Marketplace,1
C101515,Hiroshi,Garcia,North America,USA,Individual,2024-10-06,Online,1
C101516,James,Harris,APAC,South Korea,Small Business,2021-04-09,In-Store,0
C101517,Sofia,Clark,Middle East,Kuwait,Individual,2024-04-05,In-Store,0
C101518,Jessica,Wilson,North America,Mexico,Individual,2026-01-08,Online,0
C101519,Hiroshi,Rodriguez,Latin America,Brazil,Individual,2025-08-14,Online,1
C101520,Joseph,Ramirez,North America,Canada,Individual,2026-02-05,Online,1
C101521,John,White,Latin America,Argentina,Individual,2026-06-23,In-Store,1
C101522,Elizabeth,Rodriguez,Europe,Germany,Small Business,2022-05-29,B2B Direct,0
C101523,Wei,Williams,North America,Canada,Individual,2022-10-26,B2B Direct,1
C101524,Linda,Lee,Europe,Germany,Individual,2022-02-05,Online,0
C101525,Joseph,Johnson,North America,Canada,Small Business,2021-12-31,Marketplace,1
C101526,Karen,Taylor,North America,Canada,Individual,2025-05-20,Online,1
C101527,Yuki,Lewis,North America,USA,Individual,2024-09-11,B2B Direct,1
C101528,Barbara,Harris,Middle East,Kuwait,Individual,2022-08-04,Marketplace,1
C101529,Omar,Lee,Europe,France,Individual,2025-07-15,B2B Direct,1
C101530,Patricia,Jackson,North America,USA,Small Business,2022-09-13,Online,1
C101531,Omar,Lewis,APAC,India,Small Business,2023-04-08,In-Store,1
C101532,Elizabeth,Williams,APAC,Singapore,Individual,2021-09-04,In-Store,1
C101533,Joseph,Lopez,North America,USA,Individual,2022-03-10,Online,1
C101534,John,Sanchez,Europe,Italy,Individual,2024-01-22,B2B Direct,0
C101535,Hiroshi,Walker,North America,Mexico,Small Business,2024-07-15,Online,1
C101536,Hiroshi,Davis,North America,USA,Individual,2022-09-07,B2B Direct,1
C101537,Wei,Jones,APAC,India,Individual,2023-08-01,Marketplace,1
C101538,Wei,Clark,North America,Mexico,Individual,2023-08-21,In-Store,1
C101539,Barbara,Sanchez,Europe,France,Individual,2022-09-16,Online,1
C101540,William,Clark,APAC,Australia,Individual,2021-11-17,Online,1
C101541,Carlos,Gonzalez,North America,Canada,Individual,2026-05-01,Marketplace,1
C101542,Jessica,Thompson,Europe,Italy,Small Business,2026-01-14,In-Store,1
C101543,Jessica,Smith,North America,Canada,Individual,2023-05-06,B2B Direct,0
C101544,James,Ramirez,Latin America,Argentina,Enterprise,2021-03-03,Online,1
C101545,Fatima,Anderson,Europe,Italy,Individual,2021-10-27,Marketplace,1
C101546,Chen,Gonzalez,Middle East,Kuwait,Individual,2022-02-07,Marketplace,1
C101547,Hiroshi,Jones,Europe,Netherlands,Enterprise,2023-08-13,B2B Direct,1
C101548,Liam,Sanchez,North America,Mexico,Individual,2025-07-30,Online,0
C101549,Mia,Miller,APAC,Australia,Small Business,2025-05-10,Online,1
C101550,Robert,Perez,Latin America,Brazil,Small Business,2025-07-02,Online,0
C101551,Richard,Rodriguez,APAC,Australia,Individual,2024-08-19,In-Store,1
C101552,Chen,Smith,Middle East,Saudi Arabia,Individual,2025-11-29,In-Store,0
C101553,Chen,Anderson,Middle East,Kuwait,Individual,2021-09-10,Online,1
C101554,Carlos,Robinson,North America,Canada,Individual,2025-10-24,Online,1
C101555,Richard,Williams,North America,USA,Individual,2022-04-23,In-Store,1
C101556,Carlos,Garcia,APAC,Japan,Individual,2024-10-24,Online,1
C101557,John,Walker,Europe,Spain,Individual,2025-08-30,Online,0
C101558,Thomas,Jones,Middle East,Qatar,Individual,2026-05-19,Online,1
C101559,Barbara,Brown,Latin America,Argentina,Individual,2021-06-09,In-Store,1
C101560,Sarah,Harris,Europe,Spain,Enterprise,2023-08-19,Online,1
C101561,Layla,Hernandez,North America,USA,Individual,2024-04-04,In-Store,1
C101562,Elena,Wilson,APAC,South Korea,Individual,2021-07-24,Online,1
C101563,Noah,Harris,North America,Canada,Individual,2024-07-14,Online,1
C101564,Diego,Clark,Middle East,Saudi Arabia,Enterprise,2024-03-07,In-Store,0
C101565,Hiroshi,Lewis,Europe,Germany,Enterprise,2024-10-23,In-Store,1
C101566,Elizabeth,Smith,APAC,Australia,Individual,2025-01-06,Online,0
C101567,Elena,Jones,North America,USA,Small Business,2023-05-08,Online,1
C101568,Sofia,Lee,APAC,Japan,Individual,2023-01-30,Online,1
C101569,Joseph,Johnson,Europe,UK,Enterprise,2025-05-10,Online,1
C101570,Priya,Moore,Europe,Italy,Individual,2026-04-24,In-Store,1
C101571,Priya,Anderson,North America,Mexico,Individual,2022-12-22,Marketplace,1
C101572,James,King,APAC,Japan,Individual,2023-11-07,Online,1
C101573,Barbara,Hernandez,Middle East,Saudi Arabia,Individual,2021-03-09,Online,0
C101574,Patricia,Lewis,North America,USA,Small Business,2021-05-13,Online,0
C101575,Fatima,Lewis,North America,Mexico,Individual,2025-09-20,Marketplace,1
C101576,Noah,Davis,North America,USA,Enterprise,2023-07-08,Online,1
C101577,Fatima,Smith,APAC,India,Individual,2022-03-06,Online,0
C101578,Charles,Robinson,APAC,Japan,Individual,2021-11-04,Online,1
C101579,Karen,Martinez,Europe,UK,Individual,2022-10-12,In-Store,0
C101580,Karen,Garcia,North America,USA,Individual,2024-04-12,Marketplace,1
C101581,Amara,Smith,Europe,UK,Small Business,2022-02-16,Online,0
C101582,Richard,Rodriguez,Europe,Spain,Individual,2021-04-07,Online,1
C101583,Chen,Thomas,Europe,UK,Individual,2025-09-03,Online,1
C101584,Carlos,Williams,Latin America,Brazil,Individual,2024-03-23,Online,1
C101585,Wei,Johnson,North America,Mexico,Individual,2025-09-15,B2B Direct,1
C101586,Wei,Davis,APAC,Singapore,Enterprise,2024-06-19,In-Store,1
C101587,Lucas,Robinson,Europe,UK,Individual,2024-08-20,Online,1
C101588,William,Moore,Europe,UK,Small Business,2024-08-01,Online,0
C101589,Linda,Williams,APAC,South Korea,Individual,2023-11-17,Marketplace,0
C101590,Hiroshi,Garcia,APAC,South Korea,Individual,2024-11-26,In-Store,0
C101591,Carlos,Gonzalez,Latin America,Argentina,Enterprise,2024-10-15,In-Store,1
C101592,Barbara,Anderson,North America,Mexico,Individual,2023-12-20,In-Store,1
C101593,Lucas,Perez,North America,USA,Individual,2021-07-21,Marketplace,1
C101594,Ananya,Jackson,APAC,India,Individual,2023-02-01,Online,0
C101595,Robert,Davis,Europe,Germany,Individual,2023-05-24,Online,1
C101596,Ava,Wilson,North America,USA,Small Business,2022-08-04,B2B Direct,1
C101597,Sarah,Thompson,North America,USA,Individual,2026-06-17,Online,0
C101598,Jennifer,Harris,North America,Mexico,Small Business,2022-01-05,Online,1
C101599,Liam,King,Middle East,Kuwait,Individual,2022-06-17,B2B Direct,1
C101600,Joseph,Smith,North America,Mexico,Individual,2024-03-21,Online,1
C101601,Joseph,Smith,North America,USA,Individual,2024-01-31,In-Store,0
C101602,Ethan,Taylor,North America,Canada,Individual,2023-06-18,Marketplace,0
C101603,Carlos,Moore,Europe,Netherlands,Enterprise,2026-07-17,Online,1
C101604,Michael,Harris,North America,USA,Individual,2022-08-30,Online,1
C101605,David,Anderson,Europe,Spain,Individual,2025-01-09,Online,0
C101606,William,Clark,North America,Canada,Small Business,2023-05-23,Online,1
C101607,Jessica,Robinson,Middle East,Saudi Arabia,Small Business,2024-06-06,Online,1
C101608,Michael,Rodriguez,North America,USA,Individual,2024-02-23,In-Store,1
C101609,Yuki,Harris,Europe,Italy,Small Business,2023-02-09,Marketplace,1
C101610,Susan,Hernandez,Middle East,UAE,Individual,2023-04-14,Online,0
C101611,James,Anderson,APAC,India,Individual,2023-09-26,Online,1
C101612,Karen,Lewis,Europe,UK,Individual,2026-03-20,B2B Direct,1
C101613,Chen,Robinson,North America,USA,Individual,2023-07-27,Online,0
C101614,Ethan,Hernandez,North America,USA,Individual,2021-08-24,Marketplace,1
C101615,Noah,Smith,APAC,South Korea,Individual,2021-06-11,In-Store,0
C101616,David,Taylor,Latin America,Argentina,Individual,2022-07-08,Online,0
C101617,Karen,Hernandez,APAC,India,Small Business,2023-02-27,Online,1
C101618,Ethan,Lewis,Europe,France,Enterprise,2024-10-08,In-Store,1
C101619,Elena,Lopez,APAC,Singapore,Small Business,2023-12-28,Marketplace,1
C101620,Ananya,Robinson,Europe,Netherlands,Individual,2024-04-11,In-Store,1
C101621,Wei,Clark,North America,Mexico,Individual,2026-07-21,In-Store,1
C101622,Richard,Anderson,Europe,Italy,Individual,2026-02-10,In-Store,1
C101623,Yuki,Rodriguez,Latin America,Argentina,Individual,2025-07-19,Online,1
C101624,Wei,Walker,North America,USA,Individual,2025-09-02,In-Store,1
C101625,Ethan,Harris,APAC,Australia,Individual,2022-07-13,Online,1
C101626,Karen,Anderson,North America,Canada,Individual,2021-09-18,B2B Direct,1
C101627,Hiroshi,Thomas,Europe,UK,Individual,2021-08-05,In-Store,0
C101628,Jessica,Thompson,North America,USA,Individual,2026-01-15,Online,0
C101629,Karen,King,Europe,France,Individual,2024-02-22,Online,0
C101630,Wei,Lewis,APAC,Singapore,Individual,2023-03-16,Online,1
C101631,Ethan,Young,North America,Canada,Individual,2024-03-31,Online,1
C101632,Mia,Young,APAC,South Korea,Individual,2021-07-20,Online,1
C101633,Joseph,Thomas,APAC,South Korea,Individual,2025-01-17,In-Store,1
C101634,Barbara,Anderson,Latin America,Argentina,Individual,2022-02-06,Online,0
C101635,David,Lee,North America,Mexico,Individual,2025-01-25,Marketplace,1
C101636,Mia,Ramirez,Europe,Germany,Small Business,2021-10-02,Online,1
C101637,Joseph,Wilson,North America,Mexico,Small Business,2021-07-25,In-Store,1
C101638,Wei,Lee,Latin America,Chile,Individual,2023-11-30,Marketplace,1
C101639,Barbara,White,Latin America,Argentina,Individual,2024-07-20,Online,0
C101640,Priya,Miller,Europe,Netherlands,Individual,2025-09-20,Online,1
C101641,Charles,Walker,Middle East,Qatar,Individual,2023-05-17,Online,1
C101642,Yuki,Perez,Europe,France,Individual,2021-04-03,Marketplace,1
C101643,Elizabeth,Harris,APAC,India,Individual,2023-12-02,B2B Direct,0
C101644,Sofia,Brown,North America,USA,Individual,2025-01-28,Online,0
C101645,Barbara,King,APAC,Japan,Small Business,2022-01-14,In-Store,1
C101646,Linda,Sanchez,North America,Mexico,Small Business,2024-02-05,In-Store,1
C101647,William,Lewis,Middle East,Qatar,Individual,2024-09-13,Online,1
C101648,Ava,Garcia,APAC,India,Individual,2021-03-06,Online,0
C101649,Charles,Jackson,APAC,India,Individual,2021-12-31,Online,1
C101650,Fatima,Harris,North America,Canada,Individual,2023-04-01,Online,0
C101651,Carlos,Martinez,North America,Mexico,Enterprise,2025-02-16,Online,1
C101652,Joseph,Martinez,North America,USA,Individual,2025-07-29,Online,1
C101653,Karen,Thomas,Europe,UK,Individual,2026-07-23,In-Store,1
C101654,Yuki,Anderson,North America,USA,Small Business,2026-04-09,Marketplace,1
C101655,Susan,Anderson,Latin America,Brazil,Small Business,2023-11-14,Online,0
C101656,Elizabeth,Smith,Europe,Italy,Small Business,2022-06-24,Online,1
C101657,Amara,Garcia,North America,Canada,Individual,2023-12-22,Online,0
C101658,Barbara,Jackson,Europe,France,Individual,2022-05-06,Marketplace,0
C101659,Layla,Garcia,Europe,Spain,Individual,2024-07-20,Marketplace,1
C101660,Fatima,Brown,APAC,India,Individual,2021-08-17,Online,1
C101661,Susan,Martinez,Europe,Germany,Enterprise,2023-11-10,Online,1
C101662,Fatima,Rodriguez,Latin America,Brazil,Individual,2021-01-03,Marketplace,0
C101663,Mia,Smith,Europe,Netherlands,Enterprise,2024-12-15,In-Store,0
C101664,Wei,Taylor,Latin America,Brazil,Individual,2025-10-20,In-Store,1
C101665,Amara,Ramirez,Middle East,UAE,Small Business,2023-06-30,In-Store,1
C101666,Liam,Lopez,North America,Mexico,Individual,2021-11-03,Marketplace,1
C101667,Mary,Thomas,Latin America,Chile,Enterprise,2022-03-08,Online,0
C101668,Karen,Wilson,North America,USA,Individual,2021-05-16,Online,0
C101669,John,Garcia,Middle East,UAE,Individual,2026-04-17,Online,1
C101670,Priya,Robinson,Europe,Germany,Small Business,2026-05-22,In-Store,0
C101671,Robert,Sanchez,Middle East,UAE,Individual,2022-05-30,B2B Direct,0
C101672,Sarah,Martin,Middle East,UAE,Individual,2021-07-12,Online,1
C101673,Richard,Jones,Middle East,UAE,Enterprise,2025-05-28,B2B Direct,1
C101674,Wei,Anderson,APAC,Japan,Individual,2024-12-09,In-Store,0
C101675,Richard,Walker,North America,Mexico,Individual,2023-05-23,Online,0
C101676,Barbara,Moore,North America,Mexico,Individual,2024-02-16,In-Store,1
C101677,Hiroshi,Gonzalez,Europe,Italy,Small Business,2022-10-28,Online,1
C101678,Liam,Hernandez,North America,Canada,Individual,2021-07-28,Online,1
C101679,Michael,Lopez,APAC,India,Individual,2023-08-10,Online,1
C101680,Jennifer,Jackson,North America,Canada,Individual,2023-11-24,Online,0
C101681,Lucas,Jackson,Latin America,Argentina,Individual,2022-10-11,Marketplace,1
C101682,Mia,Smith,APAC,South Korea,Individual,2024-09-03,Marketplace,0
C101683,Jennifer,Wilson,Middle East,Saudi Arabia,Individual,2021-04-30,Online,1
C101684,Yuki,Taylor,North America,Canada,Individual,2022-09-19,In-Store,1
C101685,Priya,Johnson,Middle East,Saudi Arabia,Individual,2022-06-09,In-Store,1
C101686,John,Lee,Latin America,Brazil,Individual,2025-05-24,In-Store,1
C101687,Charles,Martin,Europe,France,Individual,2026-05-15,Online,0
C101688,David,Thompson,APAC,Australia,Individual,2026-02-12,Online,1
C101689,Lucas,Robinson,APAC,Japan,Individual,2023-02-08,Online,0
C101690,James,Smith,North America,Canada,Individual,2024-01-18,In-Store,1
C101691,David,Garcia,Europe,UK,Individual,2022-05-27,Marketplace,1
C101692,Ava,Anderson,Europe,Italy,Individual,2021-02-16,Online,1
C101693,Elizabeth,Taylor,North America,Canada,Individual,2023-02-11,In-Store,1
C101694,Susan,Sanchez,Europe,Germany,Individual,2023-01-10,Online,0
C101695,Lucas,Johnson,North America,Mexico,Individual,2026-06-06,Marketplace,1
C101696,Yuki,Hernandez,North America,Canada,Individual,2025-09-12,In-Store,1
C101697,Charles,Martinez,North America,Canada,Individual,2022-06-06,In-Store,0
C101698,Thomas,Brown,Latin America,Argentina,Enterprise,2024-07-31,Marketplace,1
C101699,Sarah,Jackson,Europe,France,Individual,2024-11-01,Online,1
C101700,Lucas,Sanchez,Latin America,Argentina,Individual,2025-07-20,Online,0
C101701,David,Moore,Europe,Italy,Individual,2021-05-14,Marketplace,1
C101702,James,Perez,North America,Mexico,Individual,2025-08-18,Marketplace,1
C101703,Jennifer,Lewis,Europe,France,Individual,2021-09-05,Online,1
C101704,Ethan,Anderson,Europe,France,Individual,2025-08-03,B2B Direct,1
C101705,Ethan,King,North America,Mexico,Small Business,2024-09-03,Online,1
C101706,Ava,Hernandez,APAC,India,Individual,2022-03-12,Online,1
C101707,Thomas,Martin,North America,Mexico,Individual,2024-04-14,Online,1
C101708,David,Clark,APAC,Australia,Individual,2026-02-02,B2B Direct,1
C101709,William,Anderson,APAC,Singapore,Individual,2022-11-17,Online,1
C101710,Sarah,Williams,North America,Mexico,Individual,2026-07-10,B2B Direct,1
C101711,Mia,Thomas,North America,Mexico,Individual,2022-08-09,In-Store,1
C101712,Michael,Ramirez,APAC,Singapore,Individual,2021-12-17,Online,1
C101713,Sofia,Anderson,Europe,Italy,Individual,2021-05-23,In-Store,0
C101714,Michael,Sanchez,North America,USA,Small Business,2023-08-25,Marketplace,0
C101715,Ava,Clark,Latin America,Chile,Individual,2023-03-15,In-Store,0
C101716,William,Wilson,North America,USA,Small Business,2024-11-22,Online,1
C101717,Elizabeth,Williams,APAC,Japan,Individual,2026-08-02,Online,0
C101718,Noah,Williams,Latin America,Chile,Individual,2025-07-06,Online,0
C101719,Carlos,Thompson,North America,Canada,Small Business,2022-12-19,Online,1
C101720,Barbara,Jones,North America,Canada,Individual,2022-10-05,Online,1
C101721,David,Johnson,North America,Mexico,Small Business,2024-10-24,In-Store,1
C101722,Wei,Johnson,North America,Canada,Individual,2022-05-16,Online,1
C101723,Ethan,Anderson,North America,Canada,Individual,2025-07-04,Online,1
C101724,Hiroshi,Johnson,APAC,Singapore,Individual,2022-01-05,Online,0
C101725,Linda,Ramirez,North America,Canada,Individual,2025-05-22,B2B Direct,0
C101726,Ananya,Wilson,Europe,France,Enterprise,2024-11-06,In-Store,1
C101727,Jessica,Lopez,Latin America,Chile,Small Business,2024-01-15,Marketplace,1
C101728,Layla,Robinson,Middle East,Qatar,Individual,2023-02-26,Online,0
C101729,Yuki,Davis,APAC,Japan,Individual,2023-01-09,Online,1
C101730,Ava,Young,North America,Mexico,Individual,2025-01-23,Marketplace,0
C101731,Jennifer,Martin,APAC,South Korea,Individual,2023-08-08,Marketplace,1
C101732,Patricia,Anderson,Europe,France,Individual,2024-09-10,Online,1
C101733,Fatima,Wilson,Europe,Italy,Individual,2022-06-06,In-Store,0
C101734,David,Sanchez,North America,Canada,Individual,2022-05-04,Online,1
C101735,Liam,Harris,Middle East,Saudi Arabia,Individual,2026-05-07,Online,1
C101736,William,Jackson,Europe,Netherlands,Small Business,2022-02-01,Marketplace,1
C101737,Sofia,Martin,North America,Canada,Small Business,2023-06-15,B2B Direct,1
C101738,Barbara,Sanchez,Europe,Netherlands,Small Business,2021-12-21,Online,1
C101739,Sofia,Young,Europe,Netherlands,Small Business,2023-08-05,In-Store,1
C101740,Michael,Thompson,Middle East,UAE,Individual,2021-10-15,In-Store,0
C101741,Amara,Wilson,APAC,Singapore,Individual,2025-01-22,In-Store,1
C101742,Ananya,Perez,APAC,India,Individual,2025-07-06,Online,1
C101743,Robert,Robinson,North America,Mexico,Small Business,2023-09-25,In-Store,1
C101744,Carlos,Ramirez,Europe,France,Enterprise,2022-06-20,In-Store,1
C101745,Diego,Robinson,Europe,Spain,Individual,2024-08-07,Online,1
C101746,Priya,Williams,North America,Mexico,Small Business,2023-05-01,In-Store,1
C101747,Amara,Brown,North America,USA,Individual,2023-04-18,In-Store,1
C101748,Diego,Hernandez,APAC,Australia,Individual,2021-06-17,Online,0
C101749,Liam,Gonzalez,North America,Mexico,Individual,2023-08-08,Online,1
C101750,Fatima,Johnson,Europe,Germany,Individual,2022-09-13,In-Store,0
C101751,Mia,Robinson,North America,USA,Individual,2022-03-04,Online,0
C101752,Omar,Thomas,North America,Canada,Individual,2025-09-22,Marketplace,1
C101753,Liam,Young,North America,Mexico,Individual,2022-05-05,Online,1
C101754,Chen,Anderson,Latin America,Chile,Individual,2021-12-21,Marketplace,0
C101755,Mia,Thompson,Middle East,Saudi Arabia,Individual,2021-07-15,Marketplace,0
C101756,Patricia,Taylor,Latin America,Argentina,Individual,2022-06-29,B2B Direct,1
C101757,Amara,Moore,Europe,Italy,Individual,2022-12-18,Online,1
C101758,Susan,Young,North America,Canada,Individual,2023-04-04,Online,1
C101759,Mia,Thomas,Europe,Italy,Individual,2023-07-21,In-Store,0
C101760,Layla,Smith,Europe,Italy,Small Business,2025-09-14,Online,1
C101761,Elena,Wilson,Middle East,Qatar,Individual,2023-09-30,Online,0
C101762,Susan,Johnson,North America,Canada,Individual,2022-10-21,Marketplace,0
C101763,Yuki,Garcia,Europe,Germany,Small Business,2023-07-28,Online,1
C101764,David,Sanchez,North America,USA,Small Business,2023-02-19,In-Store,1
C101765,Yuki,Davis,North America,Mexico,Small Business,2021-01-11,Marketplace,1
C101766,Yuki,White,APAC,Singapore,Individual,2025-05-25,Online,1
C101767,Diego,Walker,Europe,Italy,Individual,2024-07-03,Marketplace,1
C101768,Karen,Lee,Europe,Italy,Individual,2022-01-31,Online,1
C101769,Fatima,Martin,Europe,UK,Individual,2023-01-01,Online,1
C101770,James,Johnson,Europe,UK,Small Business,2026-01-07,Online,1
C101771,Joseph,Martin,APAC,India,Individual,2022-02-13,In-Store,0
C101772,Ananya,Perez,Middle East,Qatar,Individual,2021-12-28,Online,1
C101773,Diego,Gonzalez,Latin America,Chile,Individual,2024-07-06,B2B Direct,1
C101774,William,Martin,APAC,India,Individual,2023-10-24,In-Store,1
C101775,Omar,Walker,North America,USA,Individual,2021-03-25,Marketplace,1
C101776,Diego,Thompson,APAC,Singapore,Individual,2021-06-05,Online,0
C101777,David,Sanchez,Europe,UK,Small Business,2025-08-14,In-Store,1
C101778,John,Robinson,North America,Canada,Enterprise,2024-04-14,In-Store,1
C101779,Noah,Rodriguez,Middle East,UAE,Individual,2022-12-08,Online,0
C101780,Layla,Young,North America,Canada,Individual,2026-05-16,Marketplace,1
C101781,Noah,Lopez,Latin America,Chile,Individual,2022-04-17,B2B Direct,0
C101782,James,Lopez,Europe,Spain,Individual,2022-09-11,Online,1
C101783,Joseph,Clark,APAC,Australia,Small Business,2024-12-18,Marketplace,1
C101784,Elena,Sanchez,APAC,Australia,Individual,2021-05-14,B2B Direct,1
C101785,Barbara,Wilson,Middle East,Kuwait,Individual,2023-02-27,Online,0
C101786,Michael,Wilson,APAC,Japan,Individual,2023-06-26,Online,1
C101787,Layla,Hernandez,APAC,Japan,Individual,2023-05-14,Marketplace,1
C101788,Hiroshi,Davis,North America,Mexico,Individual,2024-11-04,B2B Direct,0
C101789,John,Anderson,Europe,Italy,Individual,2022-10-29,B2B Direct,1
C101790,Ethan,Brown,North America,USA,Individual,2021-10-04,Online,1
C101791,John,Smith,APAC,Australia,Individual,2024-06-13,Marketplace,1
C101792,Thomas,Garcia,Europe,Netherlands,Individual,2025-11-11,In-Store,0
C101793,Michael,Johnson,APAC,Australia,Small Business,2023-06-01,Online,1
C101794,Yuki,Jackson,North America,Canada,Individual,2021-01-13,Marketplace,1
C101795,Yuki,Walker,North America,USA,Individual,2021-12-08,Marketplace,1
C101796,Robert,Jackson,APAC,Singapore,Individual,2021-02-04,In-Store,1
C101797,Liam,Thompson,North America,Canada,Individual,2022-07-13,Online,1
C101798,Chen,Rodriguez,North America,Mexico,Small Business,2024-05-22,Online,1
C101799,Fatima,Jackson,North America,Canada,Enterprise,2024-12-06,Online,1
C101800,Linda,Gonzalez,Latin America,Brazil,Individual,2022-02-09,In-Store,1
C101801,Elena,Davis,APAC,Japan,Individual,2025-02-26,Marketplace,0
C101802,Ananya,Ramirez,Europe,France,Individual,2022-10-20,Online,0
C101803,Sofia,Clark,North America,Canada,Individual,2021-06-08,Marketplace,1
C101804,Amara,Rodriguez,North America,Canada,Individual,2023-08-14,Online,1
C101805,Robert,Anderson,APAC,India,Small Business,2025-07-19,Online,1
C101806,Yuki,Harris,APAC,Japan,Individual,2024-02-08,Online,1
C101807,Mary,Smith,North America,USA,Individual,2022-07-03,Online,1
C101808,Noah,Hernandez,North America,Mexico,Individual,2025-12-18,In-Store,1
C101809,Joseph,Anderson,North America,Mexico,Individual,2025-03-30,Online,1
C101810,Ava,Sanchez,APAC,South Korea,Individual,2023-09-12,In-Store,1
C101811,Ava,King,APAC,Japan,Individual,2024-10-02,In-Store,1
C101812,Lucas,Clark,North America,Mexico,Individual,2025-11-03,B2B Direct,1
C101813,Barbara,Lopez,North America,Canada,Individual,2026-01-26,Online,1
C101814,Carlos,Martin,North America,Canada,Individual,2025-07-18,In-Store,1
C101815,Jennifer,Lopez,Latin America,Chile,Small Business,2021-10-06,Online,0
C101816,Jennifer,Garcia,North America,USA,Individual,2022-04-24,Online,1
C101817,Mia,Martin,APAC,Japan,Individual,2021-04-21,Online,0
C101818,Omar,Thompson,APAC,Australia,Individual,2025-07-18,Online,0
C101819,Robert,Anderson,Europe,France,Individual,2026-05-03,Online,1
C101820,Hiroshi,Ramirez,North America,Canada,Individual,2022-03-07,Online,1
C101821,Sarah,Davis,North America,Canada,Individual,2022-06-26,Online,0
C101822,Chen,Martin,APAC,Japan,Small Business,2024-02-13,In-Store,0
C101823,Layla,Garcia,APAC,Australia,Small Business,2024-01-19,In-Store,0
C101824,Thomas,Sanchez,APAC,Japan,Individual,2024-05-20,Online,0
C101825,Hiroshi,Moore,Europe,Netherlands,Individual,2025-04-23,Online,1
C101826,Barbara,Wilson,North America,USA,Individual,2025-06-07,Online,1
C101827,Mia,Martin,Latin America,Brazil,Individual,2025-04-12,Online,1
C101828,Ananya,Smith,APAC,Australia,Individual,2025-10-19,B2B Direct,1
C101829,Mary,Thompson,North America,Mexico,Individual,2021-12-26,In-Store,0
C101830,Omar,Thomas,Latin America,Brazil,Individual,2025-02-18,Online,1
C101831,Ava,Jackson,APAC,India,Small Business,2022-01-07,Online,1
C101832,Thomas,Davis,Europe,Germany,Individual,2024-05-23,Online,0
C101833,Liam,White,APAC,Japan,Small Business,2025-10-23,Online,1
C101834,Noah,Thomas,Middle East,UAE,Individual,2023-11-05,In-Store,1
C101835,Charles,Gonzalez,APAC,Japan,Individual,2023-08-13,In-Store,1
C101836,Hiroshi,Robinson,North America,USA,Individual,2021-09-16,In-Store,1
C101837,Wei,Gonzalez,North America,USA,Individual,2023-02-17,Marketplace,1
C101838,Ava,Lee,Latin America,Argentina,Individual,2025-01-26,Online,1
C101839,Sarah,Jackson,North America,Mexico,Individual,2021-04-30,Online,1
C101840,Carlos,Clark,Europe,Spain,Individual,2023-09-03,Marketplace,1
C101841,James,Thompson,Europe,Netherlands,Small Business,2023-07-02,Online,1
C101842,Mary,Thomas,Europe,Spain,Individual,2024-02-26,In-Store,0
C101843,Lucas,White,APAC,South Korea,Individual,2022-12-24,Marketplace,1
C101844,Carlos,Thomas,Latin America,Argentina,Individual,2022-06-07,B2B Direct,0
C101845,Lucas,Thomas,North America,Canada,Individual,2025-09-08,In-Store,1
C101846,Mary,Hernandez,North America,Canada,Individual,2025-07-27,Marketplace,1
C101847,Priya,Sanchez,North America,Canada,Individual,2021-11-21,In-Store,1
C101848,Mary,Thomas,Middle East,Qatar,Individual,2024-09-05,Online,1
C101849,Fatima,Anderson,APAC,India,Small Business,2025-03-10,B2B Direct,0
C101850,Layla,Moore,North America,Mexico,Individual,2025-03-30,Marketplace,1
C101851,Noah,Moore,Middle East,UAE,Individual,2023-12-10,Marketplace,1
C101852,Hiroshi,Jones,Middle East,Qatar,Individual,2026-04-30,Online,0
C101853,Robert,Johnson,Middle East,Kuwait,Small Business,2025-05-27,B2B Direct,1
C101854,Priya,Robinson,Latin America,Chile,Enterprise,2021-03-10,Online,1
C101855,Barbara,Walker,North America,Mexico,Individual,2022-01-26,In-Store,1
C101856,Linda,Harris,APAC,Japan,Individual,2022-01-18,Online,1
C101857,Karen,Walker,Europe,UK,Individual,2021-01-16,Online,1
C101858,Thomas,Jackson,Middle East,Qatar,Small Business,2025-01-02,Online,1
C101859,Layla,Moore,APAC,Singapore,Individual,2023-04-26,In-Store,0
C101860,William,King,APAC,Australia,Individual,2023-05-19,Marketplace,1
C101861,David,Williams,APAC,Singapore,Small Business,2022-07-22,Online,1
C101862,Noah,Moore,North America,Mexico,Individual,2025-06-29,Marketplace,0
C101863,Michael,Sanchez,Europe,Italy,Small Business,2021-05-12,Marketplace,1
C101864,Jessica,Ramirez,Latin America,Chile,Individual,2026-07-13,Marketplace,1
C101865,Priya,Young,Latin America,Argentina,Individual,2025-05-03,In-Store,0
C101866,Joseph,Miller,North America,Canada,Individual,2024-06-25,Marketplace,1
C101867,Carlos,Ramirez,North America,Canada,Individual,2021-09-30,Marketplace,1
C101868,Mia,Young,North America,Mexico,Individual,2025-07-05,In-Store,1
C101869,Lucas,Perez,APAC,Japan,Individual,2026-05-10,Marketplace,1
C101870,Charles,Rodriguez,Middle East,Kuwait,Individual,2026-02-05,Online,1
C101871,Fatima,Taylor,North America,Mexico,Individual,2026-02-15,In-Store,1
C101872,Ava,Martinez,Europe,UK,Individual,2024-10-04,Online,1
C101873,Elena,Clark,Middle East,Kuwait,Individual,2022-04-29,Marketplace,1
C101874,Diego,Taylor,APAC,South Korea,Individual,2022-07-04,Online,0
C101875,Michael,Young,Europe,UK,Individual,2021-12-23,Online,0
C101876,Robert,Hernandez,Europe,Germany,Individual,2025-11-11,Online,1
C101877,Ethan,Harris,Europe,Spain,Individual,2024-09-03,Online,0
C101878,Diego,Taylor,North America,Canada,Small Business,2025-07-15,B2B Direct,1
C101879,Elizabeth,Clark,Europe,Spain,Small Business,2023-12-08,B2B Direct,1
C101880,Noah,Anderson,APAC,India,Individual,2023-10-31,Marketplace,0
C101881,Richard,Jones,Middle East,Saudi Arabia,Small Business,2021-08-21,Online,1
C101882,Ava,Gonzalez,APAC,Singapore,Small Business,2021-02-05,Online,1
C101883,Richard,Garcia,APAC,Japan,Small Business,2022-02-17,Online,1
C101884,Yuki,Martin,North America,Mexico,Individual,2025-01-25,Marketplace,1
C101885,Noah,Williams,Europe,Spain,Individual,2023-10-25,Online,0
C101886,Lucas,Ramirez,North America,Mexico,Individual,2021-02-13,Marketplace,1
C101887,Lucas,Williams,North America,Mexico,Individual,2022-07-22,Marketplace,1
C101888,Lucas,King,APAC,Australia,Individual,2025-04-27,Online,1
C101889,Noah,Johnson,Latin America,Brazil,Individual,2024-07-02,In-Store,1
C101890,Joseph,Lewis,North America,Mexico,Individual,2023-01-10,Online,1
C101891,Robert,Wilson,Europe,Netherlands,Individual,2021-04-24,Online,1
C101892,Wei,Miller,Middle East,Kuwait,Individual,2025-11-08,In-Store,1
C101893,Noah,Brown,North America,Canada,Individual,2022-02-01,Marketplace,1
C101894,John,Lee,Europe,France,Small Business,2024-04-12,B2B Direct,0
C101895,Wei,Harris,APAC,Singapore,Individual,2024-07-02,Online,0
C101896,Amara,Rodriguez,APAC,South Korea,Individual,2022-04-11,Online,1
C101897,Linda,Lopez,North America,USA,Individual,2026-05-07,In-Store,0
C101898,Noah,Lopez,Europe,UK,Individual,2024-07-24,Online,1
C101899,Patricia,Jones,APAC,Singapore,Individual,2025-01-27,Online,0
C101900,Yuki,Lewis,Europe,UK,Small Business,2023-04-27,Marketplace,1
C101901,Fatima,Clark,North America,Canada,Individual,2022-05-17,Marketplace,1
C101902,Yuki,Martin,APAC,Singapore,Individual,2022-03-17,In-Store,1
C101903,Noah,Lewis,North America,Mexico,Small Business,2021-03-10,Marketplace,1
C101904,Jennifer,Jackson,APAC,Australia,Individual,2025-03-13,Online,0
C101905,Noah,King,North America,USA,Individual,2021-11-22,Marketplace,0
C101906,Ananya,Davis,Latin America,Chile,Individual,2025-11-01,Online,1
C101907,Diego,Robinson,Europe,Netherlands,Individual,2021-03-08,B2B Direct,1
C101908,Robert,Walker,North America,Canada,Individual,2021-10-31,B2B Direct,1
C101909,Joseph,Smith,North America,USA,Individual,2023-08-30,Marketplace,0
C101910,Ananya,Jackson,North America,Mexico,Individual,2022-04-29,In-Store,1
C101911,Charles,Moore,Middle East,UAE,Small Business,2023-07-18,In-Store,0
C101912,Charles,Taylor,Latin America,Brazil,Individual,2025-04-21,Online,1
C101913,Noah,Walker,Europe,Germany,Small Business,2024-12-11,Online,1
C101914,Susan,Martin,Europe,UK,Individual,2024-03-28,Online,1
C101915,Patricia,Lewis,APAC,Japan,Individual,2021-05-29,Online,1
C101916,Elena,Lee,Middle East,Qatar,Individual,2023-11-17,In-Store,1
C101917,William,Rodriguez,Europe,Italy,Individual,2023-09-14,Online,1
C101918,William,Robinson,Europe,Netherlands,Individual,2022-08-07,Online,0
C101919,Patricia,King,Europe,Spain,Individual,2021-09-05,Online,1
C101920,Jessica,Moore,APAC,India,Small Business,2024-01-30,In-Store,0
C101921,Ethan,Martinez,North America,Mexico,Individual,2022-12-03,In-Store,1
C101922,Jennifer,Smith,APAC,Australia,Individual,2021-04-06,Online,1
C101923,Sarah,Ramirez,Europe,Italy,Enterprise,2024-11-08,Online,1
C101924,Yuki,King,APAC,Singapore,Individual,2021-10-09,In-Store,1
C101925,Carlos,Moore,North America,Mexico,Individual,2021-11-18,Online,1
C101926,Ava,Rodriguez,Europe,Germany,Individual,2024-11-20,Marketplace,1
C101927,David,Ramirez,Europe,France,Individual,2024-07-25,In-Store,1
C101928,Mia,Thompson,APAC,Australia,Individual,2022-06-13,Online,1
C101929,Noah,Sanchez,North America,USA,Individual,2021-09-20,Marketplace,1
C101930,Noah,King,Europe,Netherlands,Individual,2025-07-01,Online,1
C101931,Lucas,Martin,Europe,Italy,Individual,2022-08-03,In-Store,0
C101932,Lucas,Thomas,Europe,Germany,Individual,2025-07-22,In-Store,1
C101933,Mia,Jackson,APAC,India,Small Business,2024-08-09,Online,1
C101934,Chen,Young,APAC,Japan,Small Business,2021-10-21,In-Store,1
C101935,William,Hernandez,Middle East,UAE,Individual,2025-06-20,In-Store,1
C101936,Susan,Sanchez,North America,USA,Individual,2022-01-30,B2B Direct,1
C101937,Omar,Smith,Middle East,Qatar,Small Business,2022-05-28,In-Store,1
C101938,Linda,Lopez,Europe,France,Individual,2023-07-10,Online,1
C101939,Chen,Rodriguez,North America,Canada,Individual,2023-03-21,Marketplace,1
C101940,Karen,Davis,North America,Mexico,Individual,2024-04-18,Online,1
C101941,Yuki,Walker,North America,Mexico,Small Business,2023-07-09,Marketplace,1
C101942,Elizabeth,Martin,APAC,South Korea,Individual,2022-11-24,Marketplace,0
C101943,William,Jackson,APAC,Australia,Enterprise,2021-08-23,In-Store,1
C101944,Omar,Young,APAC,Japan,Individual,2023-08-10,Online,0
C101945,Fatima,Jones,Europe,Germany,Individual,2026-01-29,In-Store,1
C101946,Charles,Walker,Europe,France,Individual,2024-09-22,B2B Direct,1
C101947,Sarah,Perez,North America,Canada,Individual,2023-10-29,In-Store,0
C101948,Charles,Martin,North America,Mexico,Small Business,2025-01-06,Marketplace,0
C101949,Ava,Lopez,Europe,Netherlands,Enterprise,2026-05-19,Online,1
C101950,Lucas,Jackson,North America,Canada,Individual,2022-06-23,Online,0
C101951,Joseph,Johnson,North America,Canada,Enterprise,2023-03-31,Online,1
C101952,Jessica,Brown,Europe,Netherlands,Small Business,2025-08-09,Online,1
C101953,Karen,Robinson,APAC,Singapore,Individual,2024-01-20,Online,1
C101954,Charles,Thompson,Latin America,Chile,Individual,2026-02-21,Marketplace,1
C101955,William,Lee,Latin America,Chile,Individual,2021-09-29,Online,1
C101956,Michael,Jones,APAC,Singapore,Individual,2026-02-01,In-Store,1
C101957,Charles,Miller,Europe,Germany,Individual,2023-10-26,Online,0
C101958,Carlos,Lopez,APAC,South Korea,Individual,2025-06-06,B2B Direct,0
C101959,Elena,Hernandez,APAC,Singapore,Individual,2026-04-07,Marketplace,1
C101960,Linda,Wilson,North America,Canada,Small Business,2024-05-27,Online,1
C101961,Carlos,Williams,Europe,Spain,Small Business,2024-02-16,In-Store,0
C101962,Linda,Thompson,Middle East,Saudi Arabia,Individual,2022-08-16,In-Store,1
C101963,Richard,Williams,Europe,Germany,Individual,2023-09-03,Online,1
C101964,Elizabeth,White,Europe,Germany,Individual,2025-05-25,In-Store,1
C101965,Charles,King,Europe,Netherlands,Individual,2021-04-25,Online,1
C101966,Fatima,Young,North America,Canada,Individual,2021-09-20,Online,0
C101967,Layla,Robinson,Europe,Italy,Individual,2024-08-22,Online,0
C101968,Diego,Williams,North America,USA,Individual,2025-08-05,B2B Direct,0
C101969,Diego,Garcia,North America,USA,Individual,2024-12-16,B2B Direct,0
C101970,Amara,Young,North America,USA,Individual,2026-07-17,B2B Direct,1
C101971,Mia,Garcia,Middle East,Kuwait,Individual,2021-07-26,Online,1
C101972,Sofia,Brown,North America,USA,Small Business,2025-07-05,Marketplace,1
C101973,David,Brown,Europe,Italy,Enterprise,2021-10-30,Marketplace,0
C101974,Linda,Gonzalez,North America,Canada,Individual,2021-04-22,Online,1
C101975,Yuki,Williams,Latin America,Brazil,Individual,2024-12-11,Online,1
C101976,Mia,Thomas,North America,USA,Individual,2025-04-28,Marketplace,0
C101977,Ethan,White,Europe,UK,Individual,2026-02-26,Online,1
C101978,Linda,White,Middle East,UAE,Individual,2024-08-01,In-Store,1
C101979,Omar,White,Middle East,Qatar,Individual,2025-07-22,In-Store,1
C101980,William,Jones,North America,Mexico,Enterprise,2021-07-04,In-Store,1
C101981,Lucas,Jackson,Middle East,Kuwait,Individual,2025-10-31,Marketplace,0
C101982,Fatima,Miller,Europe,Italy,Small Business,2023-06-20,Online,0
C101983,Hiroshi,Robinson,Europe,Germany,Individual,2021-08-09,Online,1
C101984,James,Harris,North America,USA,Individual,2026-03-03,Marketplace,1
C101985,David,Smith,North America,Mexico,Individual,2025-01-07,In-Store,1
C101986,Lucas,Johnson,APAC,Japan,Individual,2024-02-15,In-Store,0
C101987,Chen,Davis,Europe,Germany,Individual,2023-12-30,Online,1
C101988,Layla,Brown,Europe,Germany,Individual,2023-06-17,Online,1
C101989,Hiroshi,Young,APAC,India,Individual,2023-12-30,In-Store,1
C101990,Linda,Garcia,APAC,Singapore,Individual,2022-09-14,Online,1
C101991,Mia,King,North America,Mexico,Individual,2022-03-03,In-Store,1
C101992,Sarah,Martinez,APAC,Australia,Small Business,2022-10-06,Online,0
C101993,Michael,White,North America,Canada,Individual,2022-07-22,In-Store,1
C101994,Sarah,Williams,APAC,India,Individual,2026-07-06,Online,1
C101995,Barbara,Clark,APAC,India,Individual,2022-03-19,Online,1
C101996,Patricia,White,Latin America,Brazil,Small Business,2022-08-24,Marketplace,1
C101997,Richard,Thomas,North America,USA,Individual,2024-03-06,Marketplace,1
C101998,William,Young,North America,Mexico,Individual,2022-05-19,Online,0
C101999,Jessica,Thomas,North America,Canada,Individual,2021-05-11,Online,1
C102000,Susan,Rodriguez,North America,Canada,Individual,2021-08-06,In-Store,1
C102001,Jessica,Thomas,North America,Mexico,Individual,2022-11-19,In-Store,0
C102002,Wei,Thomas,Latin America,Brazil,Enterprise,2021-06-20,In-Store,1
C102003,Sarah,Brown,North America,Canada,Small Business,2025-02-07,Online,1
C102004,Lucas,Hernandez,North America,Canada,Individual,2022-09-04,Online,1
C102005,Yuki,White,APAC,India,Individual,2023-09-19,Online,1
C102006,Sofia,Walker,Europe,Netherlands,Individual,2024-02-27,Online,1
C102007,Michael,White,APAC,Australia,Individual,2021-02-26,Online,1
C102008,Karen,White,North America,USA,Small Business,2024-04-19,B2B Direct,1
C102009,Priya,White,Europe,Netherlands,Individual,2021-09-03,Online,1
C102010,Amara,Young,North America,Mexico,Individual,2021-05-24,Online,0
C102011,Elizabeth,Anderson,North America,USA,Individual,2023-12-11,Online,1
C102012,William,Perez,Latin America,Chile,Small Business,2022-01-03,B2B Direct,0
C102013,Karen,Lopez,North America,Canada,Individual,2025-01-22,B2B Direct,1
C102014,Layla,Taylor,Europe,France,Individual,2021-08-06,In-Store,1
C102015,Mia,Johnson,Europe,Spain,Individual,2022-09-08,Online,1
C102016,Richard,Garcia,North America,Mexico,Individual,2026-04-03,Online,1
C102017,Jessica,Walker,Middle East,UAE,Enterprise,2025-05-10,Online,1
C102018,William,Harris,North America,USA,Individual,2024-07-04,Online,1
C102019,John,Ramirez,APAC,Singapore,Individual,2026-02-25,Marketplace,0
C102020,Ethan,Sanchez,Latin America,Brazil,Individual,2024-03-25,B2B Direct,1
C102021,Robert,Brown,Europe,UK,Small Business,2025-05-08,Online,1
C102022,Mary,Lewis,Latin America,Brazil,Individual,2022-03-18,Online,1
C102023,Ethan,Anderson,North America,Mexico,Individual,2023-04-21,B2B Direct,0
C102024,Elizabeth,King,Europe,Spain,Individual,2023-08-14,In-Store,1
C102025,Jennifer,Thomas,North America,Mexico,Individual,2022-11-30,Marketplace,1
C102026,Ananya,Jones,APAC,Singapore,Individual,2023-05-26,B2B Direct,1
C102027,Elena,Perez,Latin America,Chile,Small Business,2025-08-13,Online,1
C102028,Noah,Martinez,North America,Mexico,Individual,2023-02-15,In-Store,0
C102029,Hiroshi,Walker,APAC,Japan,Individual,2023-02-01,In-Store,1
C102030,Amara,Wilson,North America,Canada,Enterprise,2023-08-03,In-Store,1
C102031,James,Jackson,Europe,UK,Individual,2026-01-08,Online,1
C102032,Layla,Lee,Europe,Germany,Individual,2023-07-12,Marketplace,0
C102033,Ethan,White,Latin America,Brazil,Individual,2023-07-24,Marketplace,1
C102034,Thomas,Young,APAC,Japan,Individual,2025-10-13,Online,1
C102035,Noah,Robinson,North America,USA,Individual,2021-01-25,Online,1
C102036,Jessica,Taylor,North America,USA,Small Business,2023-03-17,Online,0
C102037,Michael,Walker,North America,Mexico,Small Business,2026-02-20,Marketplace,1
C102038,Liam,Taylor,North America,Mexico,Individual,2025-08-15,Online,1
C102039,Richard,Wilson,North America,USA,Individual,2025-04-09,Online,0
C102040,Karen,Garcia,Middle East,Qatar,Individual,2023-02-03,Online,1
C102041,Patricia,Robinson,Europe,Spain,Individual,2023-12-20,In-Store,0
C102042,John,Jackson,Europe,Germany,Individual,2025-01-30,Online,1
C102043,Jessica,Clark,North America,Canada,Individual,2022-03-10,Online,1
C102044,David,Walker,Middle East,Kuwait,Enterprise,2023-05-29,Marketplace,0
C102045,Barbara,Thomas,APAC,South Korea,Small Business,2023-12-26,Online,1
C102046,Susan,Gonzalez,North America,Canada,Individual,2023-06-29,Online,1
C102047,Joseph,Anderson,APAC,Australia,Individual,2022-07-19,Online,0
C102048,John,Sanchez,Europe,Spain,Individual,2026-05-06,Online,1
C102049,Sarah,Lewis,North America,Mexico,Enterprise,2021-04-16,Online,0
C102050,Linda,Smith,Europe,Germany,Individual,2021-04-06,Marketplace,0
C102051,Linda,King,Europe,Spain,Individual,2026-07-05,Online,1
C102052,Yuki,Lee,North America,Canada,Individual,2025-09-08,Marketplace,1
C102053,Patricia,Miller,Latin America,Brazil,Small Business,2025-04-24,Online,1
C102054,Omar,Smith,Middle East,Kuwait,Small Business,2021-06-17,Online,1
C102055,William,Smith,APAC,Singapore,Individual,2021-02-11,Marketplace,1
C102056,Jennifer,Moore,Europe,Germany,Small Business,2026-03-18,Online,1
C102057,Layla,Young,Europe,Italy,Individual,2021-04-14,B2B Direct,1
C102058,Wei,Walker,APAC,South Korea,Individual,2026-02-12,In-Store,1
C102059,Amara,Moore,Europe,Italy,Small Business,2024-05-12,Marketplace,1
C102060,John,Thomas,North America,Mexico,Small Business,2022-06-04,In-Store,0
C102061,James,Smith,Europe,Italy,Individual,2026-06-22,Online,0
C102062,Wei,Hernandez,Middle East,Qatar,Individual,2021-10-09,Online,1
C102063,Sofia,Robinson,Europe,UK,Small Business,2026-04-16,Online,1
C102064,Elena,Ramirez,North America,Mexico,Small Business,2023-12-03,In-Store,0
C102065,Robert,Sanchez,APAC,South Korea,Small Business,2023-08-05,In-Store,1
C102066,Robert,Thompson,North America,USA,Individual,2024-02-08,B2B Direct,1
C102067,Michael,Martinez,North America,Mexico,Enterprise,2026-07-04,Marketplace,1
C102068,James,Hernandez,North America,USA,Enterprise,2024-05-18,Marketplace,1
C102069,Carlos,Garcia,North America,Mexico,Individual,2023-01-19,Online,1
C102070,Mia,Lewis,APAC,Singapore,Small Business,2026-03-07,Online,1
C102071,Diego,Perez,Europe,Netherlands,Individual,2023-04-11,Online,1
C102072,Hiroshi,Wilson,North America,Mexico,Individual,2021-02-18,In-Store,0
C102073,Hiroshi,Garcia,Middle East,UAE,Individual,2021-04-25,Online,1
C102074,Ananya,Martin,Middle East,Kuwait,Individual,2024-03-24,Online,1
C102075,Jessica,Hernandez,Middle East,Saudi Arabia,Individual,2025-07-31,In-Store,0
C102076,Patricia,Johnson,North America,USA,Small Business,2022-05-18,Online,1
C102077,Thomas,Harris,Europe,UK,Individual,2025-08-30,Marketplace,1
C102078,Richard,Anderson,Latin America,Argentina,Individual,2026-01-31,In-Store,0
C102079,Sofia,Jones,APAC,India,Enterprise,2025-10-01,Online,1
C102080,Lucas,Anderson,North America,Mexico,Individual,2023-09-13,B2B Direct,1
C102081,Noah,Sanchez,North America,USA,Individual,2021-03-12,In-Store,1
C102082,William,Hernandez,Europe,Netherlands,Individual,2023-10-09,Online,1
C102083,Liam,King,Latin America,Brazil,Individual,2025-03-23,Online,1
C102084,Yuki,Hernandez,Europe,UK,Individual,2025-10-02,B2B Direct,0
C102085,Lucas,Rodriguez,Europe,Spain,Small Business,2024-09-21,B2B Direct,0
C102086,Diego,Hernandez,North America,Canada,Individual,2021-03-08,Online,1
C102087,Richard,King,APAC,Singapore,Small Business,2025-02-25,Marketplace,1
C102088,Carlos,King,Middle East,Qatar,Individual,2025-08-01,In-Store,0
C102089,Liam,Clark,Europe,Spain,Individual,2025-11-13,Online,1
C102090,Noah,Moore,APAC,Japan,Individual,2023-08-25,Marketplace,1
C102091,Linda,Hernandez,Latin America,Brazil,Individual,2024-05-21,Online,1
C102092,Sarah,Robinson,North America,USA,Individual,2021-06-30,Online,1
C102093,Michael,Thomas,Europe,France,Individual,2025-11-25,Online,1
C102094,Wei,White,North America,Canada,Individual,2022-09-05,In-Store,1
C102095,Michael,Smith,APAC,South Korea,Individual,2026-03-02,In-Store,0
C102096,Richard,Hernandez,Europe,UK,Individual,2025-06-11,In-Store,0
C102097,Mary,Garcia,APAC,Australia,Individual,2022-11-28,Online,1
C102098,Mary,Lopez,APAC,India,Individual,2022-08-26,In-Store,1
C102099,Amara,Sanchez,Europe,France,Small Business,2021-09-05,Online,0
C102100,Priya,Jackson,Latin America,Argentina,Individual,2024-05-22,B2B Direct,0
C102101,Lucas,Smith,Europe,Netherlands,Individual,2021-12-25,Online,1
C102102,Sarah,Martin,North America,USA,Individual,2021-09-06,Online,0
C102103,Mary,Lopez,APAC,South Korea,Individual,2022-09-30,In-Store,0
C102104,Patricia,White,APAC,India,Small Business,2026-05-01,In-Store,0
C102105,Linda,Young,North America,Canada,Individual,2023-08-08,Online,1
C102106,Liam,King,Middle East,Saudi Arabia,Individual,2026-03-20,Online,0
C102107,David,Martinez,Latin America,Chile,Small Business,2025-03-20,B2B Direct,1
C102108,Sarah,Perez,North America,USA,Individual,2024-01-17,Online,1
C102109,Wei,Wilson,Latin America,Chile,Individual,2022-10-25,Online,1
C102110,William,Brown,North America,USA,Individual,2021-06-25,In-Store,1
C102111,Priya,Lewis,North America,Mexico,Individual,2022-12-24,Online,1
C102112,Hiroshi,Garcia,North America,Canada,Enterprise,2022-03-02,Online,1
C102113,Mary,Harris,Middle East,Qatar,Small Business,2025-11-30,Online,1
C102114,Mary,Davis,APAC,Australia,Individual,2025-06-15,Marketplace,1
C102115,Diego,Hernandez,North America,USA,Enterprise,2023-02-10,Online,0
C102116,Wei,Smith,Europe,UK,Individual,2026-05-02,In-Store,1
C102117,Wei,Garcia,APAC,Japan,Individual,2022-12-04,Online,1
C102118,Carlos,Ramirez,North America,Mexico,Small Business,2021-03-22,In-Store,1
C102119,Priya,Young,Middle East,Qatar,Individual,2023-07-16,In-Store,1
C102120,William,Rodriguez,Middle East,Saudi Arabia,Individual,2021-05-18,Online,0
C102121,Richard,Johnson,Europe,UK,Individual,2024-12-27,Online,1
C102122,Priya,Perez,Latin America,Argentina,Individual,2022-04-15,In-Store,1
C102123,Joseph,Thompson,Europe,Netherlands,Individual,2021-12-16,Marketplace,1
C102124,Thomas,Williams,Latin America,Brazil,Individual,2024-02-24,Online,1
C102125,Ava,Thomas,APAC,South Korea,Individual,2026-03-20,In-Store,1
C102126,David,Robinson,APAC,Japan,Individual,2026-04-25,Marketplace,1
C102127,Fatima,Jackson,North America,USA,Small Business,2026-03-07,Online,0
C102128,Patricia,Sanchez,Middle East,Qatar,Small Business,2024-08-25,B2B Direct,1
C102129,Joseph,Thomas,Europe,Netherlands,Individual,2026-02-22,Marketplace,1
C102130,Elena,Perez,North America,Canada,Enterprise,2024-06-07,Online,0
C102131,Jennifer,Garcia,North America,Canada,Individual,2025-01-23,Online,1
C102132,Omar,Jones,Europe,France,Individual,2024-09-30,Online,1
C102133,James,Wilson,Europe,UK,Individual,2021-11-06,Online,1
C102134,Wei,White,APAC,India,Individual,2026-05-31,In-Store,1
C102135,Diego,Wilson,Middle East,Qatar,Individual,2023-11-10,Online,1
C102136,Wei,Rodriguez,North America,USA,Individual,2026-03-20,Online,1
C102137,Layla,Hernandez,APAC,Australia,Individual,2025-05-04,B2B Direct,1
C102138,John,Martinez,North America,Canada,Individual,2023-09-29,Online,1
C102139,Liam,Walker,Middle East,Saudi Arabia,Small Business,2025-07-29,Marketplace,1
C102140,Elizabeth,Harris,Middle East,Qatar,Individual,2025-04-14,In-Store,0
C102141,James,Martin,Europe,Italy,Small Business,2025-05-03,Online,0
C102142,Barbara,Walker,APAC,India,Enterprise,2025-02-09,In-Store,1
C102143,Robert,Thomas,North America,Canada,Individual,2021-09-26,Online,0
C102144,Elizabeth,Garcia,Europe,France,Individual,2023-10-24,Marketplace,0
C102145,James,Hernandez,Middle East,Kuwait,Individual,2023-02-09,Marketplace,1
C102146,Charles,Jackson,Europe,Netherlands,Small Business,2021-01-16,Online,1
C102147,Sarah,Smith,Europe,Netherlands,Individual,2022-08-29,Online,0
C102148,Elena,Clark,Europe,Netherlands,Individual,2024-10-13,Online,0
C102149,Wei,Lee,Middle East,Qatar,Individual,2025-07-28,Marketplace,1
C102150,Patricia,Wilson,North America,Mexico,Individual,2023-03-24,Marketplace,0
C102151,Elizabeth,Martin,North America,Mexico,Enterprise,2026-02-06,Online,1
C102152,Elizabeth,Walker,APAC,South Korea,Individual,2024-03-02,Online,1
C102153,Joseph,Johnson,Middle East,UAE,Small Business,2024-08-28,Online,1
C102154,John,Moore,North America,Canada,Individual,2026-06-14,Online,1
C102155,Thomas,Lee,North America,Mexico,Individual,2022-04-27,Online,1
C102156,Sarah,Harris,North America,Canada,Enterprise,2023-06-14,Online,1
C102157,John,Gonzalez,North America,USA,Individual,2025-04-17,Online,0
C102158,Linda,Taylor,Europe,France,Enterprise,2024-08-21,Marketplace,0
C102159,Priya,Lopez,APAC,Australia,Individual,2021-09-26,Online,1
C102160,Yuki,Perez,APAC,Japan,Individual,2022-02-18,Online,1
C102161,Omar,White,APAC,Japan,Individual,2021-01-25,Online,1
C102162,Fatima,Anderson,Europe,UK,Enterprise,2026-06-28,Online,1
C102163,Fatima,Miller,Middle East,Kuwait,Enterprise,2021-11-12,Online,1
C102164,Amara,Williams,Europe,Netherlands,Individual,2022-07-25,Online,0
C102165,Layla,Martin,Latin America,Argentina,Individual,2022-12-26,Online,1
C102166,Sarah,Sanchez,APAC,India,Individual,2025-08-19,Marketplace,1
C102167,Michael,Ramirez,North America,USA,Individual,2023-10-05,Online,1
C102168,Hiroshi,Rodriguez,APAC,Singapore,Individual,2026-01-24,Online,1
C102169,Michael,Miller,North America,Mexico,Individual,2024-07-23,Marketplace,1
C102170,Linda,Wilson,APAC,Australia,Enterprise,2026-05-08,Online,1
C102171,Ananya,Moore,North America,Canada,Individual,2022-01-24,B2B Direct,1
C102172,Thomas,Martinez,North America,USA,Small Business,2022-12-23,B2B Direct,1
C102173,Layla,Anderson,Middle East,Qatar,Individual,2022-03-20,Marketplace,1
C102174,Diego,Brown,North America,Canada,Individual,2023-09-26,Online,1
C102175,Mary,Jackson,Middle East,Kuwait,Enterprise,2024-12-21,Online,1
C102176,Liam,Ramirez,North America,Mexico,Individual,2023-12-17,Marketplace,0
C102177,Wei,Thompson,APAC,Japan,Small Business,2022-11-28,Online,0
C102178,Hiroshi,Perez,APAC,Singapore,Enterprise,2023-08-29,Online,0
C102179,Yuki,Perez,Europe,Spain,Individual,2025-05-09,Online,1
C102180,Linda,Hernandez,North America,Canada,Individual,2022-12-22,In-Store,1
C102181,Layla,Walker,North America,USA,Individual,2022-01-03,Marketplace,1
C102182,Amara,Clark,North America,Mexico,Individual,2026-05-19,In-Store,0
C102183,Thomas,Jones,North America,Mexico,Individual,2021-12-08,In-Store,1
C102184,Lucas,Lewis,APAC,Singapore,Individual,2026-01-03,In-Store,1
C102185,Mary,Jones,Latin America,Brazil,Individual,2026-02-19,Marketplace,1
C102186,Ava,Moore,Middle East,Qatar,Individual,2021-10-31,B2B Direct,1
C102187,Elena,Lewis,APAC,Japan,Individual,2023-02-03,Online,0
C102188,Patricia,Johnson,APAC,Singapore,Individual,2024-10-29,B2B Direct,1
C102189,Omar,Wilson,APAC,Singapore,Individual,2026-05-28,Online,1
C102190,David,Thompson,North America,USA,Individual,2023-03-27,Online,0
C102191,Elena,Lewis,Latin America,Argentina,Individual,2021-04-22,In-Store,0
C102192,Elizabeth,Davis,APAC,Japan,Individual,2023-05-28,Online,1
C102193,Jennifer,Brown,Europe,Spain,Individual,2023-10-27,Online,0
C102194,Omar,Young,North America,USA,Individual,2023-07-19,B2B Direct,0
C102195,William,Lewis,Europe,Germany,Small Business,2022-12-04,Online,1
C102196,Joseph,Lewis,Europe,Netherlands,Individual,2023-04-26,B2B Direct,0
C102197,Karen,Smith,Middle East,Qatar,Individual,2023-08-02,In-Store,1
C102198,Susan,Williams,Europe,Italy,Enterprise,2021-10-06,B2B Direct,1
C102199,Ananya,Jackson,Europe,France,Small Business,2022-01-17,Marketplace,0
C102200,Priya,Wilson,Latin America,Chile,Individual,2026-02-19,In-Store,1
C102201,Diego,Young,North America,Canada,Individual,2021-01-13,In-Store,1
C102202,Michael,Thompson,Europe,Italy,Individual,2021-10-30,B2B Direct,1
C102203,Mia,Sanchez,North America,Mexico,Individual,2025-04-29,In-Store,1
C102204,Joseph,Moore,APAC,Singapore,Enterprise,2025-06-29,Online,1
C102205,Jessica,Anderson,Latin America,Chile,Individual,2021-06-09,B2B Direct,1
C102206,Karen,Harris,North America,Canada,Small Business,2021-06-03,Online,1
C102207,Ethan,Perez,Middle East,Qatar,Individual,2023-01-24,Online,1
C102208,Karen,Moore,North America,Canada,Enterprise,2021-06-30,In-Store,1
C102209,Wei,Lopez,Latin America,Chile,Individual,2025-03-30,Online,1
C102210,Jennifer,Clark,APAC,India,Individual,2024-04-18,Online,0
C102211,Lucas,Martin,Middle East,Kuwait,Individual,2022-01-12,In-Store,0
C102212,Karen,Thomas,North America,USA,Individual,2026-01-02,Online,1
C102213,John,Anderson,Latin America,Argentina,Individual,2023-02-15,In-Store,1
C102214,William,Martinez,APAC,India,Small Business,2024-04-06,In-Store,1
C102215,Mary,Jones,North America,USA,Individual,2024-05-22,Online,0
C102216,Diego,Taylor,Middle East,Qatar,Small Business,2024-03-19,B2B Direct,0
C102217,Linda,Robinson,North America,USA,Individual,2021-01-16,Marketplace,1
C102218,Lucas,Brown,Middle East,Kuwait,Individual,2024-01-20,In-Store,0
C102219,Linda,Perez,North America,Mexico,Enterprise,2024-02-18,In-Store,1
C102220,Thomas,Walker,APAC,India,Individual,2026-06-03,Marketplace,1
C102221,Ava,Lewis,Europe,UK,Individual,2021-09-10,Online,1
C102222,Sofia,Thomas,North America,USA,Individual,2023-12-20,In-Store,1
C102223,Diego,Harris,North America,USA,Individual,2024-07-13,In-Store,1
C102224,James,Taylor,North America,Canada,Small Business,2024-12-03,Online,1
C102225,John,Moore,Europe,Germany,Individual,2021-01-31,B2B Direct,1
C102226,Jessica,Lewis,North America,Mexico,Individual,2023-11-11,Online,0
C102227,Liam,Clark,Europe,UK,Small Business,2023-01-01,Online,1
C102228,Joseph,Walker,North America,Mexico,Individual,2025-06-05,B2B Direct,1
C102229,Thomas,Thompson,North America,USA,Individual,2021-10-16,B2B Direct,0
C102230,Richard,Harris,APAC,Australia,Enterprise,2025-04-16,In-Store,0
C102231,Carlos,Perez,North America,Mexico,Individual,2022-05-13,In-Store,0
C102232,Patricia,Gonzalez,Latin America,Chile,Small Business,2025-11-05,In-Store,1
C102233,Richard,Taylor,Middle East,Qatar,Individual,2025-02-06,Online,1
C102234,David,Williams,APAC,Australia,Small Business,2024-11-29,Online,0
C102235,Omar,Smith,Europe,Spain,Enterprise,2022-07-02,In-Store,1
C102236,Jessica,Taylor,Middle East,Kuwait,Individual,2023-08-19,Online,1
C102237,Mia,Lewis,North America,USA,Individual,2021-05-12,Marketplace,1
C102238,Jennifer,Moore,North America,Mexico,Individual,2024-09-09,Online,1
C102239,William,Rodriguez,North America,Mexico,Individual,2023-05-08,Marketplace,1
C102240,Mary,Sanchez,APAC,Japan,Individual,2024-03-01,Online,1
C102241,Diego,White,North America,USA,Individual,2026-07-26,Online,1
C102242,Charles,King,Europe,Germany,Individual,2022-06-05,Online,1
C102243,Fatima,Lopez,Latin America,Argentina,Enterprise,2021-01-30,In-Store,1
C102244,Barbara,Anderson,Middle East,Saudi Arabia,Individual,2022-09-19,In-Store,1
C102245,Ava,Wilson,Europe,France,Individual,2024-08-17,B2B Direct,1
C102246,Jennifer,Rodriguez,North America,Mexico,Individual,2021-01-04,Online,1
C102247,Liam,Walker,Middle East,Kuwait,Individual,2024-09-10,In-Store,1
C102248,Joseph,Johnson,Europe,Netherlands,Individual,2022-05-24,In-Store,0
C102249,Liam,Smith,North America,USA,Individual,2024-06-14,Online,1
C102250,Richard,Thompson,North America,Mexico,Small Business,2025-04-08,Marketplace,1
C102251,Linda,Smith,Latin America,Argentina,Enterprise,2021-01-16,Online,1
C102252,Yuki,King,APAC,India,Individual,2025-04-07,In-Store,1
C102253,Carlos,Hernandez,Middle East,Saudi Arabia,Individual,2023-09-24,In-Store,1
C102254,Elena,Rodriguez,Middle East,UAE,Individual,2025-05-27,Online,0
C102255,Lucas,Miller,Europe,Spain,Individual,2026-01-14,Online,1
C102256,Richard,White,Europe,France,Individual,2025-01-09,In-Store,1
C102257,Amara,Davis,Europe,Italy,Individual,2026-07-10,Online,1
C102258,Hiroshi,Johnson,North America,Canada,Individual,2025-03-07,Online,0
C102259,Mia,Garcia,Europe,Italy,Small Business,2023-08-14,Online,0
C102260,Sarah,Lopez,APAC,South Korea,Individual,2024-06-07,In-Store,0
C102261,Omar,Jackson,APAC,South Korea,Individual,2024-02-05,In-Store,1
C102262,Sarah,Lewis,Middle East,Kuwait,Individual,2025-10-10,Online,1
C102263,Noah,Jackson,Europe,Italy,Small Business,2024-11-13,Online,1
C102264,Elena,Walker,APAC,Australia,Enterprise,2025-10-10,Marketplace,0
C102265,Joseph,Lewis,APAC,Australia,Individual,2021-09-20,In-Store,1
C102266,Mia,Lee,Europe,France,Individual,2025-05-06,Marketplace,1
C102267,Karen,King,APAC,South Korea,Individual,2023-12-25,Online,0
C102268,Chen,Lee,North America,USA,Individual,2021-09-22,B2B Direct,1
C102269,Patricia,Martinez,Europe,UK,Individual,2024-09-23,Online,1
C102270,Linda,Brown,North America,USA,Individual,2024-08-17,Online,0
C102271,Sarah,Lopez,Europe,Netherlands,Individual,2022-01-13,In-Store,1
C102272,Hiroshi,Martinez,Europe,France,Individual,2024-04-13,B2B Direct,1
C102273,Fatima,Williams,APAC,South Korea,Individual,2023-08-21,Online,1
C102274,Joseph,Davis,Latin America,Argentina,Enterprise,2024-03-21,Marketplace,1
C102275,Michael,Jones,APAC,India,Individual,2022-04-21,Online,1
C102276,Elena,Perez,APAC,Singapore,Individual,2024-07-13,Online,0
C102277,Hiroshi,Thompson,Europe,Netherlands,Individual,2021-11-25,Online,1
C102278,Lucas,Brown,APAC,Singapore,Individual,2026-06-20,In-Store,1
C102279,Susan,Thomas,North America,USA,Individual,2026-01-14,Online,0
C102280,Charles,Perez,North America,Mexico,Individual,2024-04-01,Online,1
C102281,Lucas,Lee,Europe,UK,Individual,2022-03-14,Online,1
C102282,Jessica,Clark,Europe,France,Individual,2024-09-28,In-Store,0
C102283,David,Davis,North America,Canada,Individual,2024-10-22,Online,0
C102284,James,Miller,North America,Canada,Individual,2025-01-28,Online,0
C102285,Yuki,Robinson,North America,USA,Individual,2025-11-09,Online,1
C102286,Linda,Harris,Latin America,Brazil,Individual,2024-05-07,Online,1
C102287,Ava,Anderson,North America,USA,Individual,2025-03-04,In-Store,0
C102288,Hiroshi,Ramirez,Europe,Italy,Individual,2021-01-16,Online,1
C102289,Linda,Rodriguez,North America,Canada,Individual,2026-01-19,In-Store,1
C102290,Richard,Jones,APAC,India,Individual,2024-08-12,Online,1
C102291,Robert,Perez,North America,USA,Enterprise,2023-05-18,In-Store,0
C102292,Mary,Anderson,North America,USA,Enterprise,2022-05-26,Marketplace,0
C102293,Chen,Clark,Europe,Germany,Individual,2025-12-17,Online,1
C102294,Patricia,Taylor,North America,Mexico,Small Business,2023-09-11,Online,1
C102295,Fatima,Jackson,North America,Canada,Individual,2024-06-16,Online,0
C102296,Noah,Moore,North America,Canada,Enterprise,2022-08-04,Online,1
C102297,Michael,Martinez,North America,Canada,Individual,2024-08-17,Online,1
C102298,Diego,Johnson,North America,Mexico,Individual,2021-01-06,Online,0
C102299,David,Johnson,North America,USA,Individual,2024-05-28,In-Store,0
C102300,Charles,Clark,Middle East,Kuwait,Individual,2023-10-16,Online,1
C102301,David,Thomas,Europe,Italy,Individual,2025-11-25,Online,1
C102302,Fatima,Young,Europe,Italy,Enterprise,2025-01-16,Online,0
C102303,William,Sanchez,North America,USA,Individual,2024-12-27,B2B Direct,1
C102304,Richard,Young,Latin America,Chile,Individual,2023-03-18,Online,1
C102305,Amara,Davis,Europe,UK,Small Business,2026-03-09,Online,0
C102306,Elena,Robinson,North America,USA,Individual,2024-11-10,In-Store,1
C102307,Linda,Jones,APAC,Singapore,Individual,2022-09-11,Online,1
C102308,Charles,Young,North America,USA,Individual,2024-08-11,Marketplace,1
C102309,John,Davis,North America,Mexico,Individual,2024-02-16,Marketplace,0
C102310,Priya,Perez,Europe,Netherlands,Individual,2022-02-09,Online,1
C102311,Ava,Smith,Middle East,Kuwait,Individual,2025-08-31,Marketplace,1
C102312,Susan,Hernandez,Europe,Spain,Individual,2023-09-24,In-Store,1
C102313,Wei,Garcia,APAC,South Korea,Individual,2025-11-22,Online,1
C102314,Wei,Martin,Latin America,Argentina,Small Business,2022-08-17,Marketplace,1
C102315,John,Martin,North America,USA,Individual,2022-07-20,Marketplace,0
C102316,Jessica,Moore,North America,USA,Individual,2023-01-22,Online,0
C102317,Ava,Moore,Europe,Netherlands,Individual,2026-03-17,Marketplace,1
C102318,Omar,Miller,Europe,Italy,Individual,2021-01-12,Marketplace,1
C102319,Jessica,Young,Europe,Germany,Individual,2024-05-17,In-Store,1
C102320,Barbara,Sanchez,Latin America,Argentina,Individual,2021-06-14,Online,1
C102321,Jessica,White,APAC,South Korea,Individual,2023-05-28,Online,0
C102322,Lucas,Lopez,APAC,Australia,Individual,2024-08-10,B2B Direct,1
C102323,Barbara,Sanchez,North America,Canada,Individual,2026-04-19,In-Store,0
C102324,Hiroshi,Robinson,Middle East,Qatar,Individual,2025-03-23,In-Store,1
C102325,John,Moore,Latin America,Brazil,Individual,2021-03-19,B2B Direct,1
C102326,Liam,Brown,Middle East,Kuwait,Individual,2024-12-28,Online,1
C102327,Chen,Thompson,North America,Canada,Individual,2025-05-20,Online,0
C102328,Patricia,Lewis,APAC,South Korea,Individual,2022-09-06,In-Store,1
C102329,Ava,Rodriguez,North America,Mexico,Small Business,2026-06-10,Online,0
C102330,Ava,Lopez,North America,USA,Individual,2023-05-19,In-Store,0
C102331,Amara,Lopez,North America,Canada,Individual,2023-03-23,Marketplace,0
C102332,Charles,Thomas,APAC,Australia,Small Business,2025-12-28,Online,1
C102333,Yuki,Jackson,APAC,India,Individual,2025-09-03,Marketplace,0
C102334,Sofia,Lopez,North America,Canada,Individual,2024-01-06,B2B Direct,0
C102335,Carlos,Smith,Europe,Spain,Individual,2023-12-08,B2B Direct,0
C102336,Charles,Smith,Europe,Germany,Individual,2023-02-06,In-Store,0
C102337,Fatima,Jackson,Europe,Italy,Individual,2021-03-23,Marketplace,1
C102338,Elena,Johnson,North America,Canada,Individual,2026-04-03,Marketplace,1
C102339,Charles,Gonzalez,Europe,Netherlands,Individual,2025-10-11,Marketplace,0
C102340,Hiroshi,Brown,APAC,Australia,Individual,2021-07-28,Online,1
C102341,Richard,Jackson,North America,USA,Small Business,2025-01-08,Online,0
C102342,Sarah,King,North America,Mexico,Individual,2026-06-18,Online,1
C102343,Michael,Taylor,Europe,Germany,Enterprise,2025-06-08,Online,1
C102344,Carlos,Taylor,Latin America,Chile,Enterprise,2022-06-06,In-Store,1
C102345,Thomas,Brown,APAC,India,Enterprise,2023-11-19,Online,0
C102346,Joseph,Davis,APAC,Japan,Small Business,2024-08-20,In-Store,1
C102347,David,Robinson,Europe,Netherlands,Individual,2023-09-21,B2B Direct,1
C102348,Noah,Young,Europe,Spain,Individual,2022-04-10,Online,1
C102349,Sofia,Johnson,North America,Canada,Individual,2025-03-06,Marketplace,1
C102350,Linda,Harris,APAC,Japan,Individual,2025-01-09,Online,0
C102351,William,Sanchez,Latin America,Argentina,Small Business,2022-09-20,In-Store,0
C102352,Carlos,Gonzalez,APAC,India,Enterprise,2025-02-22,Online,1
C102353,Diego,Jackson,Middle East,Saudi Arabia,Individual,2023-02-20,Online,1
C102354,Ananya,White,APAC,South Korea,Individual,2024-12-22,Marketplace,1
C102355,Sofia,Rodriguez,North America,USA,Individual,2022-07-13,In-Store,1
C102356,Barbara,Young,Latin America,Brazil,Individual,2024-10-14,In-Store,1
C102357,David,Smith,North America,Canada,Individual,2023-08-18,B2B Direct,0
C102358,Barbara,Walker,Europe,Italy,Individual,2021-04-01,Online,0
C102359,Chen,Moore,North America,Mexico,Small Business,2026-07-31,Online,1
C102360,Amara,Anderson,North America,USA,Individual,2023-12-13,In-Store,1
C102361,Lucas,White,Europe,Netherlands,Small Business,2025-10-20,Online,1
C102362,Sofia,Smith,North America,Mexico,Individual,2023-05-10,In-Store,0
C102363,Amara,Anderson,Europe,France,Small Business,2025-06-01,Marketplace,1
C102364,Jennifer,Thompson,Europe,Germany,Individual,2024-05-12,In-Store,1
C102365,Jessica,Martin,North America,Canada,Small Business,2022-07-10,In-Store,1
C102366,Chen,Robinson,North America,Mexico,Individual,2021-06-05,In-Store,1
C102367,James,Gonzalez,Europe,Netherlands,Individual,2021-01-02,Online,1
C102368,Amara,Jones,North America,USA,Individual,2024-10-12,In-Store,1
C102369,Lucas,Hernandez,APAC,Singapore,Small Business,2023-04-05,Online,1
C102370,Jennifer,Garcia,APAC,India,Individual,2025-05-12,Online,1
C102371,Priya,Harris,Middle East,Qatar,Individual,2023-03-13,In-Store,0
C102372,Mia,Lewis,APAC,India,Individual,2023-09-10,Marketplace,1
C102373,Wei,King,Europe,Italy,Individual,2023-12-18,Online,0
C102374,Michael,Miller,APAC,India,Small Business,2024-07-01,In-Store,1
C102375,James,Moore,North America,Mexico,Individual,2024-04-18,In-Store,1
C102376,Richard,Martinez,North America,Mexico,Individual,2022-05-08,B2B Direct,0
C102377,Susan,Thompson,APAC,India,Enterprise,2022-10-31,Online,0
C102378,Joseph,Wilson,Europe,Germany,Small Business,2023-11-25,Marketplace,1
C102379,Barbara,Jackson,APAC,Japan,Small Business,2021-03-16,Marketplace,1
C102380,Patricia,Robinson,Middle East,UAE,Individual,2023-08-02,Online,1
C102381,Ananya,Rodriguez,Middle East,UAE,Individual,2024-08-05,Online,1
C102382,Mary,Jones,Latin America,Chile,Individual,2022-01-06,Online,1
C102383,Ananya,Young,Europe,Spain,Individual,2022-08-10,Online,1
C102384,Susan,Ramirez,North America,Canada,Individual,2021-11-25,Online,0
C102385,Mary,Martinez,Europe,Spain,Individual,2022-08-13,Marketplace,0
C102386,William,Brown,Europe,Spain,Individual,2025-11-26,Online,0
C102387,Mia,Ramirez,APAC,Singapore,Individual,2023-02-16,Online,1
C102388,Susan,White,APAC,Singapore,Small Business,2026-07-16,Marketplace,1
C102389,Karen,Clark,APAC,Japan,Individual,2021-10-31,In-Store,1
C102390,Sofia,Smith,Europe,Germany,Individual,2022-08-02,Online,0
C102391,Priya,Lee,North America,USA,Enterprise,2021-08-09,Online,1
C102392,Jennifer,Miller,Europe,Italy,Individual,2023-09-06,In-Store,0
C102393,Michael,Anderson,North America,Canada,Individual,2024-04-02,Online,1
C102394,James,Wilson,Middle East,Kuwait,Enterprise,2025-02-12,Online,1
C102395,Richard,Robinson,North America,Canada,Enterprise,2025-01-18,Online,1
C102396,Ethan,Smith,North America,Canada,Individual,2022-01-10,Online,0
C102397,Thomas,Williams,North America,Canada,Individual,2024-05-28,Online,1
C102398,Ethan,King,APAC,India,Individual,2025-09-04,Online,1
C102399,Liam,Hernandez,APAC,India,Individual,2024-07-01,Online,0
C102400,Ethan,Thompson,North America,USA,Individual,2025-10-12,In-Store,0
C102401,James,Harris,North America,Mexico,Individual,2021-07-07,In-Store,1
C102402,James,Brown,Europe,UK,Individual,2024-04-29,In-Store,1
C102403,Charles,Young,North America,Mexico,Individual,2024-11-13,In-Store,0
C102404,Diego,Martin,APAC,South Korea,Individual,2024-05-23,In-Store,0
C102405,Richard,Thomas,APAC,Singapore,Individual,2024-10-30,In-Store,0
C102406,Michael,Martin,Europe,UK,Individual,2024-01-15,In-Store,0
C102407,Karen,White,North America,USA,Individual,2022-04-19,Online,1
C102408,David,Davis,Latin America,Argentina,Individual,2025-06-30,Marketplace,1
C102409,Richard,Brown,Europe,Spain,Individual,2023-04-24,In-Store,0
C102410,Ava,Robinson,APAC,Japan,Individual,2026-01-06,B2B Direct,1
C102411,Karen,Smith,North America,Canada,Individual,2022-06-15,Online,1
C102412,Yuki,Clark,Europe,France,Individual,2023-12-07,Online,1
C102413,John,Walker,North America,Canada,Individual,2023-12-25,B2B Direct,1
C102414,Yuki,Gonzalez,Europe,UK,Individual,2023-08-21,In-Store,1
C102415,Barbara,Perez,Latin America,Chile,Individual,2022-04-20,In-Store,1
C102416,Omar,Miller,Europe,France,Individual,2024-03-15,In-Store,1
C102417,Wei,Thomas,North America,Mexico,Individual,2023-08-04,Online,0
C102418,James,Clark,North America,USA,Individual,2025-12-27,Marketplace,0
C102419,Linda,Williams,Europe,Italy,Individual,2024-11-06,Online,1
C102420,Liam,Moore,North America,Canada,Individual,2023-12-26,B2B Direct,1
C102421,Robert,Wilson,North America,USA,Enterprise,2022-06-01,Online,1
C102422,Wei,Smith,APAC,Japan,Individual,2024-01-22,Online,1
C102423,Lucas,Jackson,Europe,Germany,Individual,2026-03-04,Marketplace,1
C102424,Ananya,Williams,North America,Mexico,Enterprise,2022-03-02,Marketplace,1
C102425,Ananya,Perez,Latin America,Chile,Small Business,2025-01-31,In-Store,0
C102426,Elena,Smith,North America,USA,Individual,2024-01-23,In-Store,1
C102427,James,Miller,Latin America,Brazil,Individual,2025-06-30,B2B Direct,1
C102428,Priya,Lewis,North America,Canada,Individual,2021-05-13,In-Store,1
C102429,Mary,Miller,Middle East,Qatar,Individual,2024-12-28,Marketplace,0
C102430,Amara,Rodriguez,APAC,Japan,Individual,2024-09-26,Online,0
C102431,James,Young,Middle East,UAE,Individual,2021-11-10,In-Store,1
C102432,Linda,Young,Latin America,Chile,Individual,2022-08-14,B2B Direct,1
C102433,Sofia,Thomas,North America,Mexico,Individual,2024-05-20,Online,1
C102434,Sofia,Jones,Latin America,Chile,Individual,2025-03-24,In-Store,1
C102435,Michael,Young,Europe,Netherlands,Small Business,2023-10-06,Online,1
C102436,Fatima,Jackson,Europe,France,Small Business,2021-06-08,In-Store,1
C102437,Fatima,King,North America,Mexico,Individual,2024-07-15,Online,1
C102438,Ava,Lewis,Europe,France,Individual,2022-10-23,Marketplace,1
C102439,Charles,Lee,North America,Mexico,Individual,2026-03-01,Online,0
C102440,Joseph,Miller,Europe,Italy,Individual,2026-06-05,Online,0
C102441,Linda,Thomas,Europe,Spain,Enterprise,2025-06-15,B2B Direct,1
C102442,Layla,Gonzalez,APAC,Australia,Small Business,2023-01-18,Online,1
C102443,Sofia,Moore,Middle East,UAE,Individual,2025-02-06,In-Store,1
C102444,Lucas,Martinez,Europe,Netherlands,Individual,2023-03-12,Marketplace,0
C102445,Richard,Thompson,North America,Mexico,Individual,2022-02-14,Online,1
C102446,Elena,Thompson,North America,USA,Individual,2025-02-06,Online,1
C102447,Michael,King,North America,Canada,Individual,2024-10-11,Marketplace,1
C102448,Karen,Lopez,North America,Canada,Individual,2022-11-11,In-Store,1
C102449,Ethan,Martin,North America,Mexico,Individual,2024-05-01,Online,1
C102450,Linda,Garcia,North America,Mexico,Individual,2025-09-19,Online,1
C102451,Liam,Martinez,Latin America,Argentina,Individual,2024-07-18,Marketplace,1
C102452,Susan,Martinez,Europe,UK,Enterprise,2021-04-24,In-Store,1
C102453,Diego,Williams,North America,USA,Individual,2023-06-16,In-Store,1
C102454,David,Ramirez,Europe,UK,Individual,2025-03-27,In-Store,1
C102455,Richard,Anderson,North America,Canada,Individual,2023-12-15,Marketplace,1
C102456,Barbara,Rodriguez,Europe,France,Individual,2025-11-29,Marketplace,1
C102457,Mary,Brown,APAC,Japan,Individual,2021-03-06,Online,0
C102458,Ethan,Robinson,Europe,Netherlands,Individual,2026-07-08,B2B Direct,1
C102459,Ananya,King,Europe,Netherlands,Small Business,2022-11-15,In-Store,0
C102460,Amara,Lopez,Latin America,Argentina,Individual,2024-07-19,Online,1
C102461,Karen,Lopez,Middle East,Kuwait,Individual,2025-03-06,Online,0
C102462,David,Taylor,APAC,Singapore,Individual,2025-08-13,In-Store,0
C102463,Joseph,King,Europe,Germany,Small Business,2024-10-17,Online,1
C102464,Layla,Jackson,APAC,Japan,Enterprise,2021-05-26,Online,1
C102465,Michael,Martin,North America,USA,Individual,2023-08-01,In-Store,1
C102466,Robert,Sanchez,Europe,France,Individual,2024-05-17,Marketplace,1
C102467,Fatima,Walker,North America,Canada,Individual,2024-08-02,Online,1
C102468,Wei,Martinez,Europe,Italy,Individual,2023-10-31,Online,1
C102469,Ava,Davis,Europe,Spain,Individual,2023-01-09,Marketplace,0
C102470,Richard,Miller,North America,USA,Individual,2021-07-05,B2B Direct,1
C102471,David,King,Latin America,Chile,Individual,2025-05-17,Online,1
C102472,Noah,Perez,Latin America,Brazil,Individual,2025-06-09,In-Store,1
C102473,Barbara,Rodriguez,APAC,Australia,Individual,2025-01-27,In-Store,1
C102474,Noah,Jackson,Europe,Spain,Small Business,2024-03-03,In-Store,1
C102475,Layla,Young,Middle East,UAE,Individual,2023-04-15,Online,0
C102476,Sofia,Gonzalez,North America,Canada,Individual,2023-03-20,In-Store,0
C102477,Chen,Perez,APAC,India,Individual,2021-06-20,Online,1
C102478,Ava,Anderson,North America,Canada,Individual,2021-08-01,Online,1
C102479,Robert,Anderson,APAC,India,Individual,2026-06-20,Marketplace,1
C102480,Barbara,Young,North America,Canada,Individual,2025-04-03,Online,1
C102481,Richard,Wilson,Middle East,Qatar,Individual,2026-01-24,Online,1
C102482,Robert,Robinson,Latin America,Brazil,Individual,2025-03-06,Online,1
C102483,Sarah,Wilson,North America,Mexico,Individual,2025-05-15,Online,1
C102484,Omar,Ramirez,Europe,Spain,Individual,2025-06-12,Marketplace,1
C102485,Elizabeth,Jones,Latin America,Chile,Enterprise,2021-01-27,Online,0
C102486,Patricia,White,Europe,Italy,Individual,2023-10-11,In-Store,1
C102487,Mia,Rodriguez,Middle East,Qatar,Individual,2023-12-28,Online,1
C102488,Barbara,Hernandez,Europe,Italy,Individual,2023-03-01,Online,0
C102489,Jessica,Martin,Europe,Netherlands,Small Business,2022-02-12,Online,1
C102490,Thomas,Jones,North America,Canada,Individual,2025-04-25,B2B Direct,1
C102491,Lucas,King,North America,Canada,Individual,2024-02-07,B2B Direct,1
C102492,Elena,Ramirez,APAC,India,Small Business,2021-03-15,Online,1
C102493,Omar,Robinson,Europe,Germany,Individual,2022-08-01,Online,0
C102494,Mary,Clark,Europe,France,Individual,2022-11-11,Online,1
C102495,Amara,Hernandez,Europe,France,Individual,2024-07-09,Online,1
C102496,Diego,Taylor,Europe,France,Small Business,2024-10-23,Online,0
C102497,William,Young,Middle East,Saudi Arabia,Individual,2023-02-25,In-Store,1
C102498,Mia,Thompson,Latin America,Brazil,Individual,2023-04-29,Online,1
C102499,Noah,Moore,Europe,Italy,Individual,2023-05-20,In-Store,0
C102500,Michael,Perez,Middle East,Kuwait,Individual,2021-08-25,Online,1
C102501,Ava,Ramirez,APAC,Japan,Individual,2022-12-28,In-Store,1
C102502,Amara,Anderson,Europe,Netherlands,Individual,2024-10-21,In-Store,1
C102503,Layla,Martin,Latin America,Chile,Individual,2024-08-02,In-Store,1
C102504,Priya,Young,North America,Canada,Individual,2022-01-13,Marketplace,0
C102505,Jessica,Thompson,North America,USA,Individual,2022-10-23,Marketplace,1
C102506,Thomas,Davis,Middle East,Saudi Arabia,Small Business,2023-04-10,Marketplace,1
C102507,William,Moore,Europe,France,Individual,2023-06-25,Online,1
C102508,Susan,Thompson,Middle East,Qatar,Small Business,2022-01-11,Online,0
C102509,Richard,Perez,Middle East,UAE,Individual,2022-09-11,B2B Direct,1
C102510,Sofia,Martin,North America,Mexico,Individual,2022-10-15,In-Store,0
C102511,Omar,Thomas,Middle East,UAE,Individual,2024-01-05,In-Store,1
C102512,Yuki,Smith,Europe,Netherlands,Individual,2023-10-30,Online,1
C102513,Lucas,Gonzalez,Europe,Spain,Enterprise,2021-07-15,In-Store,0
C102514,Barbara,Walker,APAC,Japan,Small Business,2023-03-18,B2B Direct,0
C102515,Patricia,Sanchez,Latin America,Argentina,Individual,2025-12-21,Online,1
C102516,Priya,White,North America,Canada,Individual,2023-06-12,Marketplace,1
C102517,Linda,Ramirez,Europe,UK,Individual,2025-07-12,Online,1
C102518,Linda,King,APAC,Singapore,Individual,2024-08-06,Online,1
C102519,Amara,White,APAC,India,Individual,2026-07-16,Online,0
C102520,Robert,Williams,APAC,South Korea,Individual,2023-12-21,In-Store,1
C102521,Ananya,White,North America,Canada,Individual,2023-07-26,Online,1
C102522,Elena,Davis,North America,Canada,Individual,2024-11-13,Online,1
C102523,Richard,Wilson,Europe,UK,Small Business,2023-04-27,Online,1
C102524,Elena,Johnson,Middle East,Kuwait,Small Business,2023-03-29,Online,1
C102525,Thomas,Garcia,North America,Canada,Individual,2026-04-08,Online,1
C102526,Hiroshi,Lopez,North America,Mexico,Small Business,2025-05-06,B2B Direct,1
C102527,Carlos,Sanchez,Latin America,Chile,Individual,2022-07-18,Online,0
C102528,Mary,Lewis,North America,Mexico,Individual,2022-09-26,In-Store,1
C102529,Robert,Brown,Latin America,Brazil,Individual,2022-11-10,Online,1
C102530,Omar,Robinson,APAC,Japan,Individual,2023-10-15,Online,0
C102531,Mary,Thomas,Middle East,UAE,Individual,2021-01-08,Online,1
C102532,Layla,Davis,North America,USA,Small Business,2024-10-24,Online,1
C102533,Noah,Young,North America,USA,Enterprise,2023-12-05,In-Store,1
C102534,Omar,White,APAC,India,Individual,2021-12-10,Online,0
C102535,Noah,Walker,Middle East,Qatar,Small Business,2025-11-16,Online,1
C102536,Ethan,Jones,APAC,South Korea,Individual,2023-03-07,Online,0
C102537,Susan,Wilson,North America,Mexico,Individual,2024-10-30,Online,0
C102538,Elena,Taylor,APAC,Australia,Individual,2025-07-01,B2B Direct,0
C102539,Karen,Martin,APAC,Australia,Individual,2023-11-17,Online,1
C102540,Elizabeth,Smith,APAC,South Korea,Individual,2024-05-01,Online,0
C102541,Karen,Thomas,APAC,Australia,Individual,2026-05-08,Online,1
C102542,Layla,Thompson,Middle East,Kuwait,Individual,2023-04-29,In-Store,0
C102543,Mary,Hernandez,APAC,India,Individual,2024-10-12,Online,1
C102544,Barbara,Brown,North America,Canada,Individual,2021-03-03,Online,1
C102545,Jessica,Thompson,Europe,UK,Individual,2023-12-22,Marketplace,1
C102546,David,Walker,North America,Canada,Individual,2022-02-26,In-Store,1
C102547,William,Walker,Europe,France,Individual,2025-12-23,Online,0
C102548,Ananya,Jones,Europe,Germany,Individual,2022-09-25,In-Store,1
C102549,Barbara,Clark,North America,Canada,Small Business,2023-03-03,Online,0
C102550,Patricia,Lewis,North America,Mexico,Individual,2022-07-05,In-Store,1
C102551,Omar,Gonzalez,North America,Canada,Individual,2024-11-04,Marketplace,1
C102552,Charles,Rodriguez,Middle East,Saudi Arabia,Individual,2024-07-24,Online,1
C102553,Thomas,Moore,Latin America,Chile,Individual,2022-08-29,Marketplace,1
C102554,James,Anderson,North America,USA,Individual,2024-12-25,Marketplace,1
C102555,Linda,White,Latin America,Brazil,Individual,2024-02-13,B2B Direct,1
C102556,Diego,Walker,Europe,France,Enterprise,2025-09-08,In-Store,1
C102557,Carlos,Miller,North America,USA,Individual,2024-02-19,Online,0
C102558,Thomas,Rodriguez,North America,Mexico,Individual,2022-06-09,Online,1
C102559,Diego,Thomas,Europe,France,Individual,2026-07-14,In-Store,0
C102560,David,Young,APAC,South Korea,Individual,2023-06-18,Online,0
C102561,Mary,Thompson,APAC,South Korea,Individual,2024-12-10,Online,1
C102562,Omar,Martin,North America,USA,Individual,2021-06-12,In-Store,1
C102563,Hiroshi,Rodriguez,North America,Canada,Small Business,2023-02-26,In-Store,0
C102564,Priya,Wilson,Europe,Netherlands,Individual,2023-06-29,Online,1
C102565,William,Martin,North America,Canada,Small Business,2025-09-08,Online,1
C102566,James,Gonzalez,North America,USA,Individual,2023-09-09,In-Store,1
C102567,Mia,Taylor,North America,USA,Individual,2024-09-22,In-Store,1
C102568,Sarah,Perez,Middle East,Kuwait,Individual,2022-01-14,Online,1
C102569,Linda,Jones,Latin America,Argentina,Individual,2024-09-09,Online,1
C102570,Priya,Young,Europe,Netherlands,Small Business,2021-06-22,Marketplace,1
C102571,Sarah,Lewis,Latin America,Chile,Individual,2023-09-27,Online,1
C102572,David,Lopez,North America,Canada,Individual,2025-12-16,In-Store,1
C102573,Mary,Brown,Europe,France,Enterprise,2021-03-05,Online,0
C102574,Thomas,Taylor,North America,USA,Small Business,2024-01-30,Online,1
C102575,William,Lee,APAC,Japan,Small Business,2024-09-07,Marketplace,0
C102576,Jennifer,Moore,Latin America,Brazil,Enterprise,2023-09-02,Online,1
C102577,John,Rodriguez,APAC,Australia,Individual,2021-03-07,In-Store,1
C102578,Barbara,Wilson,Europe,Italy,Small Business,2026-02-10,Online,0
C102579,Sofia,White,APAC,India,Individual,2025-04-30,Online,1
C102580,Carlos,Gonzalez,North America,USA,Small Business,2025-06-11,Online,0
C102581,Diego,Thomas,Middle East,UAE,Small Business,2022-04-03,In-Store,1
C102582,Thomas,Brown,Europe,Italy,Individual,2025-05-22,Online,0
C102583,Liam,Williams,Europe,France,Small Business,2022-03-29,Online,1
C102584,Jennifer,Anderson,Europe,UK,Individual,2024-07-06,B2B Direct,0
C102585,Hiroshi,Walker,APAC,India,Individual,2026-05-12,Online,1
C102586,Noah,Smith,North America,Canada,Individual,2025-10-07,Marketplace,0
C102587,Jessica,Smith,APAC,Singapore,Enterprise,2024-12-20,Online,0
C102588,Michael,King,North America,USA,Individual,2023-09-06,Marketplace,0
C102589,Hiroshi,Sanchez,APAC,Australia,Individual,2026-05-14,Online,1
C102590,Thomas,Smith,Middle East,Saudi Arabia,Individual,2021-06-27,Marketplace,1
C102591,Hiroshi,Thomas,Middle East,Kuwait,Enterprise,2026-05-09,In-Store,0
C102592,Susan,Davis,Europe,Italy,Individual,2021-10-07,In-Store,1
C102593,Omar,Johnson,Europe,UK,Small Business,2021-12-10,Online,1
C102594,David,Moore,North America,USA,Small Business,2023-11-07,In-Store,1
C102595,Richard,Martinez,APAC,Japan,Individual,2021-10-23,Marketplace,1
C102596,Yuki,Martinez,North America,USA,Individual,2021-07-21,In-Store,1
C102597,Barbara,Lopez,Europe,Germany,Individual,2023-08-20,Online,1
C102598,Jessica,White,North America,Mexico,Small Business,2022-11-15,Online,1
C102599,Diego,Perez,North America,Mexico,Small Business,2026-04-27,Marketplace,1
C102600,Ananya,Jones,APAC,Singapore,Individual,2025-12-03,Online,0
C102601,Carlos,Perez,North America,USA,Small Business,2024-05-02,Online,1
C102602,John,Brown,APAC,South Korea,Individual,2024-03-18,Online,1
C102603,Layla,Moore,North America,USA,Individual,2022-01-10,Marketplace,1
C102604,Elena,Robinson,North America,Canada,Small Business,2026-03-27,In-Store,1
C102605,David,King,Europe,Netherlands,Individual,2021-02-04,Online,1
C102606,Sofia,Perez,North America,USA,Small Business,2024-10-24,In-Store,1
C102607,Linda,Garcia,North America,Mexico,Individual,2021-01-29,Online,1
C102608,William,Hernandez,APAC,Australia,Small Business,2023-02-14,Online,1
C102609,Thomas,Miller,North America,USA,Individual,2021-08-09,Marketplace,0
C102610,Jessica,White,Middle East,Saudi Arabia,Individual,2021-02-22,Online,1
C102611,Karen,Davis,North America,USA,Small Business,2026-05-11,Online,0
C102612,Priya,Lopez,North America,Canada,Individual,2023-03-02,Online,1
C102613,Susan,Martinez,APAC,Japan,Individual,2024-10-08,Online,1
C102614,Wei,Hernandez,North America,Mexico,Enterprise,2024-11-16,Online,1
C102615,Michael,Martin,North America,USA,Individual,2021-03-17,In-Store,1
C102616,William,Thompson,Europe,Spain,Enterprise,2022-05-09,Marketplace,1
C102617,Thomas,Perez,North America,USA,Individual,2025-09-08,Online,0
C102618,Richard,Perez,Middle East,Kuwait,Individual,2025-03-26,Online,1
C102619,Thomas,Williams,North America,USA,Small Business,2026-06-22,In-Store,0
C102620,William,Thomas,APAC,Singapore,Individual,2021-04-27,Marketplace,1
C102621,Patricia,Moore,Middle East,Qatar,Individual,2021-10-07,B2B Direct,1
C102622,Jessica,Gonzalez,Europe,Netherlands,Individual,2025-10-20,Online,0
C102623,Elena,Perez,Latin America,Brazil,Small Business,2024-04-13,B2B Direct,1
C102624,Ananya,Rodriguez,Europe,UK,Individual,2023-01-16,Online,0
C102625,Layla,Garcia,Latin America,Brazil,Individual,2023-08-07,Online,1
C102626,Richard,Rodriguez,North America,Canada,Individual,2023-02-03,Marketplace,1
C102627,Amara,Moore,APAC,South Korea,Individual,2021-10-22,Online,1
C102628,Joseph,King,Europe,UK,Individual,2023-10-15,Online,0
C102629,Elizabeth,Perez,Europe,Netherlands,Individual,2025-01-14,Online,1
C102630,Layla,King,APAC,Australia,Individual,2026-02-01,Online,1
C102631,Joseph,Lewis,APAC,Australia,Individual,2025-03-22,Online,1
C102632,Richard,Thomas,North America,USA,Individual,2023-11-11,In-Store,0
C102633,Sofia,Brown,North America,Mexico,Individual,2024-01-02,In-Store,1
C102634,Ananya,Martinez,APAC,Japan,Individual,2023-04-22,B2B Direct,1
C102635,Diego,Young,APAC,Australia,Small Business,2023-11-26,In-Store,0
C102636,Michael,Young,Latin America,Brazil,Individual,2025-03-11,Online,0
C102637,Carlos,Wilson,APAC,Australia,Individual,2026-04-07,B2B Direct,1
C102638,Jessica,Martin,Latin America,Argentina,Individual,2024-06-10,In-Store,1
C102639,John,Moore,APAC,Australia,Individual,2025-10-18,Online,1
C102640,Jennifer,Williams,North America,Mexico,Small Business,2026-06-29,Online,0
C102641,Mary,Garcia,North America,Canada,Enterprise,2022-05-12,Online,1
C102642,Robert,Moore,APAC,Japan,Individual,2021-07-25,B2B Direct,1
C102643,Elizabeth,Young,APAC,South Korea,Individual,2022-03-02,Online,1
C102644,Carlos,Rodriguez,North America,USA,Individual,2026-05-19,Online,0
C102645,Layla,Sanchez,Europe,UK,Individual,2021-02-13,Marketplace,1
C102646,Karen,Jackson,Latin America,Argentina,Small Business,2024-01-20,B2B Direct,1
C102647,Wei,Garcia,Europe,UK,Individual,2026-05-07,Online,1
C102648,Hiroshi,Johnson,Europe,UK,Individual,2026-01-26,B2B Direct,0
C102649,Diego,Ramirez,Europe,Germany,Individual,2025-02-02,Online,0
C102650,Robert,Martin,North America,Mexico,Individual,2022-08-28,Marketplace,0
C102651,Patricia,Wilson,Europe,Italy,Individual,2025-01-30,B2B Direct,1
C102652,Patricia,King,Europe,Germany,Small Business,2026-02-18,In-Store,1
C102653,Ava,Brown,North America,Mexico,Individual,2022-03-30,In-Store,1
C102654,Elena,Ramirez,APAC,Australia,Individual,2026-07-22,In-Store,0
C102655,David,Robinson,Europe,Spain,Individual,2022-08-18,Online,1
C102656,Diego,Moore,Middle East,Kuwait,Individual,2024-09-18,Online,1
C102657,Amara,Rodriguez,Middle East,Qatar,Individual,2022-05-22,Online,1
C102658,Yuki,Miller,North America,Canada,Individual,2023-03-05,Marketplace,1
C102659,Ava,Anderson,APAC,India,Individual,2025-02-02,In-Store,1
C102660,Sofia,Clark,Europe,UK,Individual,2021-01-21,In-Store,1
C102661,Yuki,Jones,Middle East,Qatar,Small Business,2024-06-05,Online,1
C102662,Mia,Jones,North America,Canada,Individual,2024-10-31,Marketplace,1
C102663,Liam,Perez,APAC,India,Small Business,2024-02-28,Online,0
C102664,William,Thompson,APAC,Japan,Individual,2025-09-07,Online,1
C102665,Omar,Gonzalez,North America,Mexico,Individual,2022-09-12,Online,1
C102666,Yuki,Garcia,North America,USA,Individual,2022-02-18,Marketplace,1
C102667,Ananya,Johnson,APAC,Japan,Enterprise,2025-12-24,Marketplace,1
C102668,Mary,Rodriguez,APAC,Australia,Individual,2023-12-31,B2B Direct,1
C102669,Elizabeth,Perez,North America,USA,Individual,2024-11-28,Online,1
C102670,Ava,Sanchez,APAC,South Korea,Individual,2025-05-05,B2B Direct,1
C102671,Sofia,Martin,Europe,Germany,Individual,2025-06-19,Online,1
C102672,Layla,Martinez,APAC,South Korea,Individual,2025-12-20,Online,1
C102673,Elena,Lee,North America,Mexico,Small Business,2024-11-21,In-Store,1
C102674,Patricia,Hernandez,Middle East,Kuwait,Individual,2021-12-03,Marketplace,1
C102675,Robert,Lee,North America,Mexico,Individual,2025-07-26,Marketplace,1
C102676,John,Moore,Europe,Italy,Individual,2025-03-09,Online,0
C102677,Thomas,Johnson,North America,Mexico,Individual,2023-06-29,Online,1
C102678,Richard,Lewis,North America,USA,Individual,2021-10-03,In-Store,1
C102679,James,Perez,Europe,Germany,Small Business,2023-06-11,B2B Direct,1
C102680,Ava,Thomas,North America,Canada,Individual,2021-01-13,Online,1
C102681,Fatima,White,Middle East,Kuwait,Small Business,2023-10-24,Marketplace,1
C102682,Yuki,Johnson,North America,Canada,Small Business,2026-07-03,Online,1
C102683,Elena,Walker,Europe,France,Individual,2026-07-03,B2B Direct,1
C102684,Richard,Sanchez,North America,Canada,Individual,2023-09-05,In-Store,1
C102685,James,Miller,North America,Mexico,Individual,2024-06-01,Online,1
C102686,Noah,Moore,North America,USA,Small Business,2023-09-01,Online,1
C102687,Amara,Clark,Europe,France,Individual,2021-06-24,B2B Direct,1
C102688,Elena,Robinson,Europe,Germany,Individual,2026-04-07,In-Store,1
C102689,Linda,Martinez,Europe,Germany,Individual,2024-11-09,Online,1
C102690,Mary,Walker,Europe,UK,Individual,2025-06-14,Online,1
C102691,Barbara,Thomas,Europe,Italy,Individual,2026-04-28,Online,1
C102692,Layla,Jackson,North America,USA,Individual,2021-08-29,In-Store,1
C102693,Diego,King,Europe,France,Small Business,2022-07-01,Marketplace,1
C102694,Priya,Garcia,Latin America,Argentina,Small Business,2021-01-14,Marketplace,0
C102695,Yuki,Thomas,Europe,Italy,Individual,2024-05-03,In-Store,1
C102696,Ethan,Brown,APAC,India,Individual,2024-11-21,Online,0
C102697,Layla,Rodriguez,North America,Mexico,Small Business,2024-12-25,In-Store,1
C102698,Ethan,Harris,APAC,Australia,Individual,2024-08-22,In-Store,1
C102699,Jessica,Thompson,APAC,India,Small Business,2024-09-19,Online,1
C102700,Hiroshi,Brown,Europe,UK,Individual,2022-12-26,B2B Direct,1
C102701,Carlos,Jones,Latin America,Brazil,Individual,2024-12-04,In-Store,1
C102702,Mary,Sanchez,North America,USA,Individual,2021-01-03,Online,0
C102703,Mary,Clark,North America,Canada,Individual,2022-11-22,B2B Direct,0
C102704,Karen,Brown,APAC,Japan,Small Business,2025-04-25,B2B Direct,1
C102705,Priya,Lee,Middle East,Kuwait,Individual,2025-01-15,B2B Direct,1
C102706,Wei,Harris,North America,Mexico,Individual,2025-08-27,Marketplace,0
C102707,Ava,Hernandez,North America,USA,Individual,2026-01-17,Online,1
C102708,Charles,Walker,North America,Canada,Small Business,2023-01-17,B2B Direct,1
C102709,Michael,Taylor,North America,Mexico,Individual,2023-02-08,Marketplace,0
C102710,Robert,Miller,APAC,Australia,Small Business,2023-05-22,In-Store,0
C102711,Noah,Clark,Europe,UK,Individual,2022-05-10,B2B Direct,1
C102712,Fatima,Gonzalez,North America,Canada,Individual,2022-02-21,Online,1
C102713,John,Walker,Europe,France,Small Business,2024-11-15,B2B Direct,1
C102714,Robert,Brown,North America,Canada,Individual,2024-10-28,In-Store,1
C102715,Carlos,Rodriguez,North America,Canada,Individual,2022-09-20,In-Store,0
C102716,Priya,Robinson,APAC,Japan,Individual,2023-12-12,In-Store,1
C102717,Noah,White,Latin America,Argentina,Individual,2024-10-31,Marketplace,1
C102718,Ananya,Brown,Middle East,UAE,Individual,2024-11-19,Online,1
C102719,Barbara,Williams,North America,Canada,Individual,2026-05-01,B2B Direct,1
C102720,Hiroshi,Lewis,Middle East,Qatar,Individual,2023-10-18,Online,1
C102721,Wei,Lee,APAC,Japan,Individual,2021-05-22,B2B Direct,1
C102722,Noah,Lopez,APAC,Australia,Individual,2024-01-15,In-Store,1
C102723,Fatima,Moore,Europe,Germany,Individual,2025-01-27,B2B Direct,1
C102724,James,Jones,Europe,Italy,Enterprise,2021-02-15,Online,1
C102725,Patricia,Thompson,North America,Canada,Small Business,2023-04-24,Marketplace,1
C102726,Thomas,Taylor,North America,USA,Individual,2023-10-06,In-Store,1
C102727,Omar,Walker,North America,Mexico,Individual,2024-06-15,Marketplace,0
C102728,Elena,Lopez,North America,USA,Enterprise,2021-01-10,Online,0
C102729,Ava,Perez,Europe,Spain,Individual,2022-10-26,B2B Direct,1
C102730,Mia,Jones,APAC,Japan,Individual,2022-07-27,B2B Direct,0
C102731,Lucas,Martin,Europe,Netherlands,Small Business,2026-07-23,Online,1
C102732,Layla,Thomas,North America,USA,Individual,2025-04-03,Online,1
C102733,Chen,Martinez,Latin America,Argentina,Individual,2025-06-10,In-Store,1
C102734,Elizabeth,Lopez,Latin America,Chile,Enterprise,2022-10-11,Online,1
C102735,Liam,Garcia,APAC,Singapore,Individual,2023-07-02,Online,0
C102736,David,Thompson,Latin America,Chile,Individual,2025-11-01,Marketplace,1
C102737,Omar,Harris,Europe,Italy,Individual,2022-10-02,Online,0
C102738,Noah,Lee,Latin America,Chile,Individual,2022-09-08,In-Store,1
C102739,Susan,Jackson,North America,USA,Small Business,2022-11-29,In-Store,1
C102740,Omar,Martin,Europe,UK,Individual,2023-06-28,Online,1
C102741,Mia,Williams,North America,USA,Individual,2021-06-27,In-Store,1
C102742,Elena,Miller,North America,Canada,Enterprise,2023-05-19,Marketplace,0
C102743,Ethan,Williams,North America,Canada,Individual,2023-10-27,In-Store,1
C102744,Chen,Brown,APAC,Japan,Individual,2023-05-03,In-Store,1
C102745,Lucas,Garcia,APAC,Japan,Individual,2021-11-03,Marketplace,1
C102746,Thomas,Lee,Europe,Netherlands,Individual,2022-07-02,Online,1
C102747,Barbara,Brown,North America,USA,Individual,2021-11-23,Online,1
C102748,Priya,Lopez,Middle East,UAE,Small Business,2024-10-11,Online,1
C102749,James,Lee,APAC,Singapore,Small Business,2025-12-22,Online,0
C102750,Lucas,Miller,Europe,UK,Individual,2022-01-30,Marketplace,1
C102751,Layla,Lee,APAC,Australia,Individual,2021-10-27,Online,1
C102752,Richard,Harris,North America,USA,Individual,2025-03-30,Online,1
C102753,John,Garcia,North America,USA,Individual,2023-01-19,In-Store,1
C102754,Mia,Clark,Latin America,Argentina,Individual,2021-10-12,Marketplace,1
C102755,Lucas,Smith,North America,Canada,Enterprise,2021-11-26,Online,0
C102756,Chen,Taylor,Europe,Spain,Individual,2021-02-19,Online,1
C102757,Carlos,Jones,Middle East,UAE,Individual,2026-07-25,Online,1
C102758,Karen,Young,APAC,India,Individual,2023-02-12,In-Store,1
C102759,Lucas,Moore,North America,Mexico,Individual,2026-06-15,Online,1
C102760,Mia,Martinez,North America,USA,Individual,2025-07-04,Marketplace,0
C102761,Karen,Johnson,North America,Mexico,Individual,2025-09-29,Online,0
C102762,Fatima,Moore,APAC,India,Individual,2022-01-13,Online,1
C102763,Robert,Perez,Europe,Netherlands,Individual,2025-11-23,B2B Direct,1
C102764,John,Jones,North America,Mexico,Individual,2025-06-12,Online,1
C102765,Joseph,White,Latin America,Brazil,Individual,2023-09-27,In-Store,1
C102766,John,Young,Europe,France,Individual,2026-01-23,Online,1
C102767,Noah,Hernandez,North America,Canada,Small Business,2025-04-11,Online,1
C102768,Ava,Martinez,Europe,Germany,Individual,2023-02-13,Online,1
C102769,Ava,Thompson,APAC,Singapore,Individual,2024-03-13,Marketplace,1
C102770,Fatima,Martinez,North America,Mexico,Individual,2023-12-20,In-Store,1
C102771,Thomas,Miller,North America,Canada,Individual,2023-05-18,In-Store,0
C102772,David,Gonzalez,Middle East,Qatar,Individual,2025-12-09,Marketplace,1
C102773,Patricia,Thompson,Europe,Netherlands,Individual,2024-01-04,Online,0
C102774,Diego,Hernandez,Europe,Germany,Individual,2021-01-03,Online,1
C102775,Susan,Davis,Europe,France,Individual,2025-05-18,Online,1
C102776,Diego,Thompson,North America,Mexico,Individual,2023-01-18,Online,1
C102777,Elena,Miller,North America,Canada,Individual,2025-01-11,Online,0
C102778,James,Martinez,Europe,UK,Small Business,2026-06-05,Marketplace,1
C102779,Priya,Lopez,North America,USA,Individual,2025-10-31,In-Store,1
C102780,Mary,Walker,North America,Mexico,Individual,2026-04-10,Online,1
C102781,Lucas,Hernandez,Middle East,Saudi Arabia,Individual,2021-10-02,B2B Direct,1
C102782,Elizabeth,Sanchez,Latin America,Brazil,Individual,2025-04-03,Online,1
C102783,Carlos,Jones,APAC,India,Individual,2025-06-04,Online,0
C102784,Karen,Miller,Middle East,UAE,Small Business,2021-08-03,B2B Direct,1
C102785,Jessica,Miller,North America,Canada,Enterprise,2025-09-03,Online,0
C102786,Ethan,Garcia,Latin America,Brazil,Individual,2025-02-17,Online,1
C102787,Sarah,Lee,North America,USA,Individual,2021-11-25,Online,1
C102788,Sofia,Smith,Latin America,Chile,Individual,2021-09-12,In-Store,1
C102789,Diego,Johnson,Latin America,Brazil,Individual,2024-11-11,Online,1
C102790,Mia,Williams,APAC,South Korea,Individual,2021-05-06,Online,1
C102791,John,Wilson,Latin America,Chile,Small Business,2023-02-06,Online,0
C102792,Mia,Harris,Europe,Italy,Small Business,2025-05-27,Marketplace,1
C102793,William,Thomas,North America,Canada,Individual,2025-04-23,Marketplace,1
C102794,Patricia,Anderson,Europe,UK,Individual,2024-09-09,Online,1
C102795,Mia,White,Europe,France,Individual,2024-05-12,Online,1
C102796,William,Davis,North America,USA,Individual,2024-04-10,In-Store,1
C102797,Barbara,Johnson,APAC,Japan,Individual,2025-10-25,Online,1
C102798,Chen,Sanchez,Latin America,Argentina,Individual,2021-08-05,Marketplace,1
C102799,Omar,Moore,North America,Canada,Individual,2024-06-22,In-Store,0
C102800,Noah,Moore,APAC,Japan,Individual,2024-09-21,Online,0
C102801,James,Jackson,Latin America,Brazil,Individual,2025-09-23,Online,0
C102802,Jennifer,King,Latin America,Brazil,Individual,2024-08-14,B2B Direct,1
C102803,Layla,Young,Latin America,Brazil,Individual,2023-04-12,Online,1
C102804,Carlos,Harris,Europe,Germany,Individual,2021-07-01,Online,1
C102805,Noah,Clark,Latin America,Argentina,Individual,2021-11-30,Online,0
C102806,Linda,Lee,APAC,Australia,Individual,2022-05-26,Online,1
C102807,Jessica,Thompson,North America,Mexico,Individual,2022-01-18,Online,1
C102808,Jessica,Hernandez,Europe,Netherlands,Individual,2025-10-07,Marketplace,0
C102809,Jessica,Lee,APAC,Japan,Individual,2026-03-12,In-Store,1
C102810,Noah,Walker,North America,Mexico,Individual,2024-05-07,In-Store,1
C102811,Karen,Thomas,APAC,Singapore,Enterprise,2021-11-28,Online,1
C102812,Susan,Walker,APAC,Australia,Individual,2024-04-03,Online,1
C102813,Omar,Gonzalez,North America,USA,Individual,2024-06-19,B2B Direct,1
C102814,Mary,Jackson,Europe,Germany,Individual,2023-06-19,Online,1
C102815,Charles,Martinez,APAC,Singapore,Individual,2022-10-04,B2B Direct,1
C102816,Mary,Jones,Europe,UK,Small Business,2024-06-04,In-Store,1
C102817,Omar,Brown,North America,Mexico,Individual,2022-09-26,In-Store,1
C102818,Yuki,Lopez,North America,USA,Individual,2025-04-29,Online,1
C102819,Charles,Sanchez,Europe,Germany,Individual,2022-03-27,In-Store,1
C102820,Thomas,Anderson,Latin America,Chile,Individual,2021-07-15,Marketplace,0
C102821,Diego,Young,North America,USA,Small Business,2026-03-09,Online,1
C102822,Barbara,Lewis,APAC,Japan,Individual,2024-05-12,Online,1
C102823,Ananya,Robinson,North America,Mexico,Individual,2026-06-26,In-Store,1
C102824,Liam,Lewis,North America,Canada,Small Business,2022-04-03,In-Store,0
C102825,Lucas,Clark,Middle East,UAE,Small Business,2023-04-10,In-Store,1
C102826,Chen,Anderson,APAC,India,Individual,2021-09-14,Online,1
C102827,Layla,Ramirez,North America,Canada,Individual,2025-04-02,Online,1
C102828,David,Thomas,Europe,UK,Individual,2024-07-19,Online,1
C102829,Sarah,Martinez,North America,Canada,Individual,2021-01-09,Online,0
C102830,Carlos,Lopez,Europe,UK,Enterprise,2023-01-31,Marketplace,1
C102831,Hiroshi,Harris,APAC,Japan,Individual,2023-08-07,Online,1
C102832,Fatima,Davis,North America,Canada,Individual,2024-05-09,Marketplace,1
C102833,Barbara,Young,North America,USA,Small Business,2023-12-19,B2B Direct,1
C102834,Noah,White,Europe,Italy,Individual,2023-06-06,Online,0
C102835,Omar,Jones,Latin America,Chile,Individual,2022-01-28,Marketplace,1
C102836,Jennifer,Jackson,Latin America,Chile,Enterprise,2025-08-03,B2B Direct,1
C102837,John,Hernandez,North America,Mexico,Small Business,2024-02-17,In-Store,1
C102838,Fatima,Taylor,APAC,Singapore,Small Business,2025-04-26,Online,1
C102839,Joseph,Ramirez,Europe,Spain,Individual,2022-02-03,Marketplace,0
C102840,Hiroshi,White,Europe,Netherlands,Small Business,2026-02-01,Marketplace,1
C102841,Richard,Lopez,APAC,India,Individual,2021-11-27,Online,1
C102842,Chen,Walker,Latin America,Brazil,Individual,2024-07-14,In-Store,1
C102843,Layla,Miller,Latin America,Argentina,Enterprise,2025-03-24,In-Store,0
C102844,Linda,Williams,Europe,France,Individual,2025-09-15,Online,1
C102845,Jessica,Lopez,Europe,Germany,Small Business,2022-04-25,B2B Direct,0
C102846,Ava,Sanchez,APAC,South Korea,Individual,2021-05-14,B2B Direct,0
C102847,Hiroshi,Williams,North America,USA,Individual,2025-09-13,Online,1
C102848,Jessica,Lewis,Europe,France,Small Business,2023-07-05,In-Store,1
C102849,Richard,Lee,Europe,Spain,Individual,2023-07-24,Online,0
C102850,Karen,Lewis,APAC,Singapore,Individual,2021-12-21,Online,1
C102851,Charles,Lewis,North America,USA,Individual,2022-08-07,B2B Direct,1
C102852,William,Sanchez,North America,Mexico,Enterprise,2025-03-02,Online,0
C102853,Priya,Thomas,Latin America,Argentina,Individual,2022-09-17,Online,1
C102854,Jessica,Hernandez,North America,Mexico,Individual,2024-02-05,Marketplace,1
C102855,David,Sanchez,Europe,Spain,Individual,2021-10-17,Online,1
C102856,Richard,Robinson,North America,Mexico,Enterprise,2023-04-05,In-Store,1
C102857,Charles,Thompson,North America,Canada,Individual,2022-09-21,B2B Direct,1
C102858,Diego,Rodriguez,North America,Mexico,Individual,2023-10-16,Online,1
C102859,Ava,Ramirez,North America,Canada,Individual,2022-09-24,Online,1
C102860,Thomas,Perez,Middle East,Qatar,Individual,2024-03-16,Online,1
C102861,Diego,Ramirez,North America,Mexico,Individual,2021-11-23,B2B Direct,1
C102862,Amara,Lopez,Latin America,Brazil,Individual,2024-12-09,Online,1
C102863,Mary,Jackson,Europe,Spain,Individual,2021-07-29,In-Store,0
C102864,Robert,Jackson,Europe,Spain,Enterprise,2024-08-12,Online,1
C102865,Karen,Martin,Europe,Spain,Small Business,2024-11-22,B2B Direct,1
C102866,James,Martin,Europe,Spain,Individual,2024-02-01,In-Store,1
C102867,John,Johnson,APAC,Singapore,Individual,2022-09-28,In-Store,1
C102868,Layla,Thompson,North America,USA,Small Business,2025-11-16,In-Store,1
C102869,Ava,Moore,Europe,Italy,Individual,2025-03-12,Marketplace,0
C102870,Fatima,Lee,Middle East,Kuwait,Individual,2026-03-30,Online,1
C102871,Sarah,Walker,Latin America,Brazil,Individual,2023-05-18,B2B Direct,1
C102872,Patricia,Jones,Middle East,Kuwait,Individual,2024-05-17,Online,1
C102873,Layla,Davis,Europe,UK,Small Business,2026-05-11,Online,1
C102874,Omar,Anderson,APAC,Japan,Individual,2022-03-04,Online,1
C102875,Wei,Wilson,Europe,Italy,Individual,2022-01-28,Online,0
C102876,Diego,Ramirez,Europe,Spain,Individual,2023-04-06,Online,0
C102877,Omar,Martinez,North America,Canada,Individual,2023-07-05,Online,1
C102878,James,Garcia,Europe,France,Individual,2024-02-07,Online,1
C102879,Jennifer,Martin,North America,Mexico,Individual,2026-03-28,B2B Direct,0
C102880,Thomas,Brown,North America,USA,Enterprise,2021-12-14,B2B Direct,1
C102881,Elena,Williams,Middle East,Kuwait,Enterprise,2021-02-19,Online,1
C102882,Patricia,Walker,North America,USA,Enterprise,2023-07-05,Online,0
C102883,Elizabeth,Martin,North America,Canada,Small Business,2024-02-03,Online,1
C102884,Ava,Harris,North America,USA,Individual,2024-12-14,Marketplace,1
C102885,Noah,Harris,Latin America,Argentina,Individual,2024-10-28,Online,1
C102886,Wei,Lopez,Europe,UK,Individual,2023-11-17,In-Store,1
C102887,Wei,Martin,Europe,Netherlands,Individual,2023-08-26,Online,1
C102888,Michael,Ramirez,Middle East,UAE,Enterprise,2023-03-11,Marketplace,1
C102889,Ava,Walker,Middle East,Kuwait,Small Business,2025-11-28,In-Store,1
C102890,Mia,Rodriguez,North America,Canada,Individual,2024-07-20,Online,1
C102891,Joseph,Rodriguez,APAC,India,Individual,2023-10-14,Online,0
C102892,Charles,Rodriguez,APAC,India,Small Business,2022-10-11,Marketplace,0
C102893,Elizabeth,King,APAC,South Korea,Small Business,2024-09-25,Online,1
C102894,Mia,Perez,North America,Mexico,Individual,2021-10-28,Online,1
C102895,Mia,Smith,Middle East,Qatar,Small Business,2025-02-12,Online,1
C102896,Patricia,Wilson,Europe,Germany,Individual,2026-02-01,In-Store,1
C102897,Yuki,Taylor,North America,USA,Individual,2025-04-17,In-Store,0
C102898,Chen,White,Europe,Netherlands,Individual,2025-04-30,Online,1
C102899,Sarah,Rodriguez,North America,Canada,Individual,2024-07-12,Online,1
C102900,Sofia,Martinez,North America,USA,Individual,2025-04-15,Online,1
C102901,Charles,Moore,APAC,Singapore,Individual,2025-06-08,In-Store,0
C102902,Karen,Rodriguez,North America,Mexico,Enterprise,2021-06-15,Marketplace,1
C102903,Ava,Gonzalez,Europe,UK,Individual,2021-11-12,Online,0
C102904,Layla,Brown,Europe,Germany,Individual,2021-01-01,In-Store,0
C102905,James,Walker,North America,Mexico,Individual,2023-10-17,Online,1
C102906,James,Walker,Latin America,Chile,Individual,2025-11-20,In-Store,1
C102907,Charles,Clark,North America,USA,Individual,2024-07-08,In-Store,1
C102908,David,Harris,North America,Canada,Individual,2021-03-04,In-Store,1
C102909,Susan,White,North America,Mexico,Individual,2022-04-28,Online,1
C102910,Robert,Lopez,North America,USA,Individual,2025-08-27,Online,1
C102911,Diego,Lee,North America,USA,Individual,2024-09-06,Online,1
C102912,James,Taylor,APAC,Singapore,Individual,2026-02-13,Online,1
C102913,John,Johnson,Latin America,Brazil,Small Business,2024-05-09,Online,1
C102914,Fatima,Ramirez,North America,Mexico,Individual,2021-08-10,Marketplace,1
C102915,Jennifer,Wilson,APAC,India,Individual,2021-06-01,Online,1
C102916,Karen,Rodriguez,APAC,Singapore,Individual,2022-10-06,In-Store,0
C102917,Linda,Brown,Middle East,Qatar,Individual,2022-09-18,Online,1
C102918,Elena,Jones,Europe,UK,Individual,2025-01-25,Online,0
C102919,Joseph,Gonzalez,North America,Mexico,Enterprise,2021-08-05,In-Store,1
C102920,Omar,Lee,North America,Canada,Small Business,2021-07-15,Online,1
C102921,Layla,Wilson,APAC,India,Individual,2025-12-22,B2B Direct,1
C102922,Ava,Moore,Middle East,Kuwait,Individual,2024-05-10,Marketplace,1
C102923,Hiroshi,Rodriguez,North America,Canada,Individual,2023-09-22,B2B Direct,1
C102924,James,Sanchez,Europe,Spain,Small Business,2023-10-12,B2B Direct,0
C102925,John,Clark,Latin America,Argentina,Individual,2022-10-09,In-Store,0
C102926,Wei,Lee,Middle East,UAE,Individual,2024-06-11,Marketplace,1
C102927,Elena,Robinson,Latin America,Argentina,Small Business,2024-03-10,In-Store,1
C102928,John,Martinez,APAC,India,Small Business,2022-12-09,Online,1
C102929,Linda,Young,Europe,Netherlands,Small Business,2025-03-02,Marketplace,1
C102930,Jennifer,Garcia,Europe,Spain,Small Business,2025-04-28,Online,1
C102931,Elizabeth,Sanchez,APAC,Singapore,Enterprise,2023-12-17,In-Store,1
C102932,Lucas,White,North America,USA,Individual,2026-05-10,In-Store,1
C102933,Ethan,Wilson,Europe,Netherlands,Individual,2025-03-08,In-Store,1
C102934,Jessica,Sanchez,APAC,India,Small Business,2024-03-11,In-Store,1
C102935,Chen,Miller,North America,Canada,Individual,2022-12-23,Online,1
C102936,James,Johnson,APAC,India,Enterprise,2025-05-27,Marketplace,1
C102937,Sarah,Lewis,Europe,France,Individual,2025-10-26,B2B Direct,1
C102938,Ava,Martin,Latin America,Argentina,Individual,2025-04-12,Online,0
C102939,Ava,Rodriguez,North America,Canada,Individual,2022-10-02,Online,0
C102940,Mia,Walker,North America,USA,Individual,2021-04-16,In-Store,1
C102941,William,Lee,APAC,India,Individual,2021-06-14,Online,0
C102942,Robert,Lewis,North America,Canada,Individual,2021-08-03,Online,1
C102943,Amara,Moore,APAC,India,Individual,2023-12-31,Online,0
C102944,Patricia,Robinson,APAC,Japan,Individual,2025-10-06,In-Store,1
C102945,Elena,Gonzalez,North America,USA,Individual,2025-08-16,Marketplace,1
C102946,William,Hernandez,Europe,Italy,Individual,2025-05-22,Marketplace,1
C102947,Diego,Harris,Europe,Italy,Individual,2021-03-31,B2B Direct,1
C102948,Joseph,Sanchez,Europe,Germany,Individual,2025-12-01,Online,1
C102949,Joseph,Martin,Latin America,Argentina,Small Business,2023-05-24,B2B Direct,1
C102950,Hiroshi,Harris,Middle East,Qatar,Small Business,2024-06-05,In-Store,1
C102951,Amara,Martinez,APAC,South Korea,Small Business,2024-01-08,In-Store,1
C102952,Chen,Gonzalez,APAC,Australia,Enterprise,2022-08-31,In-Store,1
C102953,Ananya,Young,Europe,Italy,Individual,2021-12-15,In-Store,1
C102954,Ethan,Harris,Latin America,Chile,Small Business,2026-02-09,Online,0
C102955,Ava,White,APAC,India,Small Business,2026-06-28,B2B Direct,0
C102956,William,Lewis,APAC,Singapore,Small Business,2023-06-13,Online,1
C102957,Hiroshi,Lee,Middle East,UAE,Individual,2021-09-03,Online,1
C102958,Priya,Lopez,North America,Canada,Enterprise,2021-09-29,Online,0
C102959,Carlos,Miller,Middle East,UAE,Individual,2026-07-24,In-Store,1
C102960,Mia,Miller,North America,Canada,Small Business,2022-02-07,Marketplace,1
C102961,James,Lee,North America,Mexico,Individual,2025-08-20,Online,1
C102962,Hiroshi,Taylor,North America,USA,Individual,2024-02-14,Online,0
C102963,James,Brown,Latin America,Argentina,Individual,2024-12-29,Online,1
C102964,Noah,King,Middle East,Saudi Arabia,Individual,2025-04-03,Marketplace,0
C102965,Sarah,Davis,APAC,Japan,Individual,2025-01-05,Online,1
C102966,Amara,Moore,APAC,India,Small Business,2024-04-10,Online,1
C102967,Jennifer,Thomas,Europe,Germany,Individual,2026-08-03,Online,0
C102968,Elena,Walker,Latin America,Chile,Individual,2023-11-06,B2B Direct,1
C102969,Susan,Taylor,Europe,Germany,Individual,2023-08-19,Online,1
C102970,William,Lewis,Europe,France,Individual,2025-11-11,B2B Direct,1
C102971,John,Taylor,North America,Mexico,Individual,2023-06-17,Online,0
C102972,Wei,Sanchez,APAC,India,Individual,2023-12-16,Online,1
C102973,Richard,Martinez,APAC,South Korea,Individual,2025-06-03,Online,1
C102974,Barbara,Anderson,Europe,France,Individual,2024-02-01,Online,1
C102975,Patricia,Walker,North America,USA,Individual,2021-10-11,Online,0
C102976,Ethan,Davis,Middle East,Qatar,Individual,2025-09-25,Marketplace,1
C102977,Patricia,Johnson,North America,USA,Individual,2022-06-01,In-Store,1
C102978,Diego,Anderson,APAC,Singapore,Enterprise,2022-09-10,B2B Direct,1
C102979,James,White,Latin America,Chile,Individual,2024-07-25,In-Store,1
C102980,Elena,Ramirez,Europe,Italy,Individual,2026-03-24,Marketplace,1
C102981,Fatima,Garcia,North America,Mexico,Individual,2022-09-04,In-Store,1
C102982,Susan,Williams,APAC,Australia,Individual,2023-01-20,Online,1
C102983,Sofia,Thomas,Middle East,UAE,Individual,2024-07-16,Marketplace,1
C102984,Thomas,Johnson,Europe,Spain,Individual,2026-01-31,Online,1
C102985,Hiroshi,Martinez,Latin America,Brazil,Individual,2022-02-04,Online,1
C102986,Liam,Williams,North America,Mexico,Individual,2025-03-07,In-Store,0
C102987,Fatima,Hernandez,Europe,Germany,Individual,2026-07-18,In-Store,0
C102988,Noah,Harris,APAC,Japan,Individual,2021-03-27,In-Store,0
C102989,Ethan,Johnson,Middle East,Kuwait,Enterprise,2021-11-16,In-Store,0
C102990,Ava,Rodriguez,North America,Mexico,Individual,2023-11-22,Online,0
C102991,Wei,Jackson,Middle East,UAE,Individual,2021-12-02,Online,0
C102992,Mary,Robinson,Europe,UK,Enterprise,2021-02-20,In-Store,0
C102993,Karen,Smith,Europe,France,Small Business,2024-01-08,Online,1
C102994,Susan,Thompson,North America,USA,Individual,2025-09-18,In-Store,1
C102995,Ethan,Smith,Middle East,Qatar,Individual,2021-06-23,Online,1
C102996,Mia,Hernandez,North America,USA,Individual,2026-05-26,Online,0
C102997,Mia,Thomas,North America,USA,Individual,2025-06-30,Online,1
C102998,Barbara,Lewis,North America,Mexico,Individual,2022-05-16,Online,1
C102999,Chen,Miller,Middle East,Saudi Arabia,Individual,2025-05-18,Marketplace,0
C103000,Linda,Brown,APAC,Australia,Individual,2021-03-17,Online,0
C103001,Amara,Martinez,APAC,India,Individual,2021-11-12,Online,1
C103002,Ananya,White,North America,Canada,Individual,2026-01-31,Marketplace,1
C103003,Ava,Robinson,APAC,Australia,Individual,2024-10-28,Online,0
C103004,Sarah,Martinez,Europe,Germany,Individual,2024-01-10,In-Store,0
C103005,Charles,Miller,Middle East,UAE,Individual,2026-03-12,In-Store,1
C103006,Elizabeth,King,Latin America,Chile,Individual,2025-07-22,B2B Direct,1
C103007,David,Martin,North America,Mexico,Individual,2025-09-15,Online,1
C103008,Fatima,Garcia,APAC,India,Enterprise,2025-11-14,Online,1
C103009,Diego,Perez,North America,USA,Individual,2022-11-28,Online,1
C103010,Wei,Thomas,Europe,Italy,Individual,2023-10-07,In-Store,1
C103011,Amara,Thomas,North America,Mexico,Small Business,2023-01-02,Online,0
C103012,Jennifer,Thompson,North America,Mexico,Individual,2023-12-31,Online,1
C103013,Sofia,Williams,Europe,Spain,Small Business,2023-08-27,In-Store,1
C103014,Susan,Perez,APAC,Australia,Individual,2023-05-04,Online,1
C103015,John,Ramirez,North America,USA,Individual,2022-10-28,B2B Direct,1
C103016,Sarah,Jackson,APAC,Australia,Individual,2025-11-16,In-Store,1
C103017,Sofia,Lee,Europe,France,Individual,2022-10-14,Online,1
C103018,Diego,King,North America,USA,Individual,2023-12-31,Online,0
C103019,Michael,Williams,APAC,Japan,Small Business,2021-02-15,Online,1
C103020,Noah,King,North America,Canada,Individual,2023-12-07,Online,1
C103021,Ethan,Davis,Europe,Germany,Individual,2025-06-03,Online,1
C103022,Charles,Hernandez,APAC,South Korea,Small Business,2024-12-16,Online,1
C103023,William,Ramirez,North America,Mexico,Individual,2021-05-29,Marketplace,1
C103024,Thomas,Ramirez,North America,Canada,Individual,2023-06-29,Marketplace,1
C103025,William,Lewis,Europe,UK,Individual,2024-02-28,Online,0
C103026,Chen,Martin,Latin America,Argentina,Small Business,2022-04-01,Online,0
C103027,Robert,Walker,APAC,Australia,Individual,2025-07-21,Online,1
C103028,Elizabeth,Taylor,APAC,South Korea,Individual,2023-05-27,Online,1
C103029,Carlos,Wilson,APAC,Australia,Small Business,2025-07-13,Online,1
C103030,Layla,King,North America,USA,Individual,2023-08-24,Online,1
C103031,Omar,Lee,Europe,Spain,Individual,2026-07-14,Online,0
C103032,John,Moore,APAC,South Korea,Individual,2023-05-19,Online,1
C103033,Carlos,Rodriguez,North America,USA,Individual,2025-03-09,Online,0
C103034,Omar,Moore,North America,Mexico,Individual,2023-07-18,Marketplace,0
C103035,Michael,Jones,North America,USA,Enterprise,2023-10-21,Online,1
C103036,Barbara,Lopez,Europe,Netherlands,Individual,2023-09-28,Online,1
C103037,Ava,Johnson,Latin America,Argentina,Individual,2023-02-13,Online,1
C103038,Liam,Johnson,North America,Canada,Individual,2021-09-01,In-Store,1
C103039,Thomas,Lee,Europe,Germany,Individual,2022-04-19,Online,1
C103040,Jessica,Thomas,North America,Mexico,Individual,2022-01-17,B2B Direct,1
C103041,Elena,Martin,Latin America,Brazil,Small Business,2024-02-01,Online,1
C103042,Sarah,Martin,North America,Canada,Individual,2022-05-04,B2B Direct,1
C103043,Hiroshi,Lopez,Europe,Germany,Individual,2023-11-27,Online,1
C103044,Mary,Thompson,APAC,India,Individual,2025-08-05,Online,1
C103045,Elizabeth,King,APAC,India,Individual,2025-04-22,B2B Direct,1
C103046,Ava,Miller,Europe,France,Small Business,2025-03-24,Online,1
C103047,Susan,Brown,North America,USA,Small Business,2025-11-02,Marketplace,1
C103048,Elizabeth,Anderson,Europe,Italy,Individual,2024-09-18,In-Store,1
C103049,Chen,Hernandez,North America,USA,Enterprise,2022-02-01,Online,1
C103050,Carlos,Jones,North America,Mexico,Individual,2021-10-23,Marketplace,1
C103051,Lucas,Wilson,Europe,France,Individual,2021-04-17,Online,0
C103052,Noah,Rodriguez,North America,Mexico,Individual,2023-05-10,In-Store,0
C103053,David,Young,North America,USA,Individual,2023-08-12,Online,1
C103054,Amara,Lee,APAC,Japan,Enterprise,2022-06-14,Online,1
C103055,Liam,Harris,Latin America,Brazil,Individual,2026-01-23,Marketplace,0
C103056,David,Moore,APAC,Japan,Individual,2024-01-12,In-Store,1
C103057,William,Hernandez,North America,Canada,Small Business,2023-07-23,Online,1
C103058,Ananya,Walker,North America,Canada,Individual,2021-10-15,Online,1
C103059,Richard,Walker,Latin America,Brazil,Small Business,2026-06-29,Online,1
C103060,Carlos,Moore,North America,Canada,Individual,2022-12-07,In-Store,1
C103061,James,Perez,North America,Canada,Individual,2026-08-06,B2B Direct,0
C103062,Sofia,Taylor,Europe,Germany,Small Business,2025-01-24,Marketplace,0
C103063,Sofia,Thompson,APAC,Japan,Individual,2021-08-03,Online,1
C103064,Ananya,Ramirez,APAC,Australia,Small Business,2024-07-28,Online,1
C103065,John,Miller,North America,Canada,Individual,2023-01-02,In-Store,0
C103066,Ananya,Johnson,North America,USA,Small Business,2026-06-01,In-Store,1
C103067,Patricia,Johnson,Latin America,Chile,Individual,2025-01-22,In-Store,1
C103068,Layla,Perez,North America,Mexico,Individual,2025-12-30,Marketplace,1
C103069,Liam,Smith,APAC,Singapore,Small Business,2021-12-10,Online,0
C103070,Linda,Hernandez,APAC,Japan,Individual,2021-07-13,Online,1
C103071,Amara,Clark,APAC,Japan,Individual,2021-06-07,B2B Direct,1
C103072,Michael,Wilson,North America,Mexico,Small Business,2022-04-10,In-Store,1
C103073,James,Davis,North America,Canada,Individual,2021-04-14,In-Store,1
C103074,John,Taylor,Europe,France,Small Business,2021-02-03,Online,1
C103075,Richard,Gonzalez,Middle East,Saudi Arabia,Individual,2024-01-31,In-Store,0
C103076,Omar,Miller,Latin America,Brazil,Individual,2022-10-01,In-Store,0
C103077,Barbara,Anderson,North America,Mexico,Individual,2025-10-16,In-Store,1
C103078,Linda,Anderson,North America,Canada,Individual,2021-11-21,In-Store,1
C103079,Noah,Wilson,Latin America,Chile,Individual,2026-05-22,In-Store,1
C103080,Wei,Robinson,APAC,South Korea,Individual,2026-01-06,B2B Direct,0
C103081,David,Wilson,Middle East,UAE,Individual,2022-11-22,Online,1
C103082,David,Brown,North America,USA,Individual,2022-08-15,Online,0
C103083,Sarah,Rodriguez,Europe,Germany,Individual,2021-05-21,Online,1
C103084,Thomas,King,APAC,Australia,Small Business,2022-04-19,B2B Direct,0
C103085,Michael,Davis,APAC,India,Individual,2023-11-21,Online,1
C103086,Ava,Anderson,Europe,Germany,Individual,2023-06-03,Online,0
C103087,Noah,Lewis,North America,Canada,Small Business,2026-05-13,Online,1
C103088,Jessica,Smith,Europe,Germany,Individual,2021-03-04,Online,1
C103089,Chen,Clark,North America,Mexico,Enterprise,2025-05-03,Online,1
C103090,Yuki,Wilson,Europe,Spain,Individual,2024-01-16,B2B Direct,1
C103091,Wei,Davis,Latin America,Chile,Individual,2021-10-31,Online,0
C103092,Noah,Miller,Europe,Italy,Individual,2023-12-21,Online,1
C103093,Joseph,White,Middle East,Qatar,Small Business,2022-01-31,In-Store,1
C103094,Jessica,Thomas,North America,Canada,Individual,2021-11-30,In-Store,1
C103095,Jessica,Smith,APAC,Australia,Small Business,2026-05-30,B2B Direct,0
C103096,Ethan,Lopez,Latin America,Chile,Individual,2023-02-25,In-Store,0
C103097,Wei,Martinez,North America,USA,Individual,2022-02-15,Online,0
C103098,Amara,Rodriguez,North America,Mexico,Individual,2021-10-11,B2B Direct,1
C103099,Hiroshi,Perez,Europe,France,Individual,2022-04-11,Marketplace,0
C103100,Carlos,Lopez,North America,Canada,Individual,2021-03-21,Online,1
C103101,Fatima,Young,APAC,Japan,Small Business,2025-09-12,Online,0
C103102,Ethan,Taylor,Latin America,Brazil,Individual,2023-02-23,B2B Direct,1
C103103,Fatima,Johnson,Europe,France,Individual,2024-01-06,Online,0
C103104,Yuki,Walker,North America,USA,Individual,2026-06-01,Online,1
C103105,Omar,Martin,Europe,Spain,Small Business,2023-01-03,Online,1
C103106,Liam,Jones,APAC,Australia,Enterprise,2026-04-13,In-Store,1
C103107,Noah,Davis,North America,USA,Small Business,2025-12-23,Online,1
C103108,Richard,Thomas,Europe,Germany,Enterprise,2025-04-13,Online,1
C103109,Layla,Young,APAC,Australia,Small Business,2024-10-16,Online,0
C103110,Patricia,Williams,APAC,Japan,Enterprise,2021-03-18,Online,1
C103111,Liam,Rodriguez,North America,Mexico,Individual,2022-05-24,In-Store,1
C103112,Karen,King,APAC,South Korea,Individual,2024-04-02,Online,1
C103113,Amara,Garcia,North America,Canada,Individual,2023-10-30,Online,1
C103114,Joseph,Young,North America,USA,Individual,2024-04-13,Online,0
C103115,Joseph,Moore,Middle East,UAE,Individual,2022-04-07,In-Store,1
C103116,Richard,Brown,APAC,India,Individual,2024-08-23,In-Store,1
C103117,Susan,Ramirez,North America,Canada,Individual,2025-05-31,B2B Direct,1
C103118,Wei,King,North America,USA,Enterprise,2021-09-02,Online,1
C103119,James,Thomas,North America,Canada,Individual,2021-05-02,B2B Direct,1
C103120,James,Taylor,North America,Mexico,Small Business,2021-07-04,Online,1
C103121,Elena,Thompson,North America,Canada,Individual,2021-02-01,Marketplace,0
C103122,Layla,Hernandez,North America,Canada,Enterprise,2023-09-25,Marketplace,0
C103123,James,Harris,Europe,Spain,Enterprise,2026-06-10,B2B Direct,0
C103124,Ethan,Jackson,APAC,Japan,Small Business,2023-02-01,Online,1
C103125,Carlos,Davis,APAC,India,Individual,2022-07-23,Online,0
C103126,Ava,Brown,APAC,Japan,Individual,2021-11-06,Online,1
C103127,Wei,Garcia,North America,Canada,Individual,2024-10-27,In-Store,1
C103128,Fatima,White,Latin America,Brazil,Small Business,2025-08-07,In-Store,1
C103129,Mary,Martin,Middle East,Saudi Arabia,Small Business,2023-04-10,In-Store,0
C103130,Wei,Williams,Middle East,Qatar,Small Business,2025-06-08,Online,1
C103131,David,Thompson,Middle East,UAE,Individual,2023-09-19,In-Store,1
C103132,Patricia,Jackson,Latin America,Brazil,Individual,2023-12-16,Online,1
C103133,Yuki,Smith,Europe,France,Individual,2023-03-02,In-Store,1
C103134,Joseph,Williams,North America,Canada,Individual,2024-07-20,B2B Direct,0
C103135,Carlos,Thompson,APAC,Singapore,Individual,2022-04-09,Marketplace,0
C103136,Lucas,Smith,APAC,South Korea,Individual,2022-11-09,In-Store,1
C103137,Michael,Jones,APAC,Australia,Small Business,2025-01-19,Online,1
C103138,Linda,Ramirez,Europe,Italy,Individual,2023-09-06,Online,1
C103139,Priya,Jones,North America,Mexico,Individual,2022-11-01,Online,1
C103140,Priya,Jackson,Europe,Germany,Enterprise,2024-06-26,B2B Direct,1
C103141,Sofia,Gonzalez,Latin America,Chile,Individual,2022-11-29,Online,1
C103142,Ethan,Robinson,Europe,UK,Individual,2023-09-21,Marketplace,1
C103143,Diego,Davis,Europe,Italy,Individual,2021-03-19,Online,1
C103144,Ava,Taylor,North America,Mexico,Individual,2022-06-18,In-Store,1
C103145,Amara,Harris,Europe,Italy,Individual,2021-04-18,Marketplace,1
C103146,John,Lopez,Middle East,Kuwait,Individual,2024-07-20,In-Store,1
C103147,Sarah,Lewis,APAC,Australia,Individual,2023-02-03,Marketplace,1
C103148,Joseph,Smith,APAC,Singapore,Individual,2026-08-05,In-Store,0
C103149,Omar,Johnson,Europe,UK,Individual,2021-01-15,Online,0
C103150,Mary,King,APAC,Japan,Small Business,2022-01-05,Marketplace,1
C103151,Elena,Smith,North America,Canada,Individual,2024-08-20,Online,0
C103152,Yuki,Martinez,APAC,India,Small Business,2025-08-23,Online,1
C103153,Yuki,Moore,Europe,Netherlands,Individual,2021-07-24,In-Store,1
C103154,Hiroshi,Perez,Europe,Germany,Individual,2026-06-28,Online,0
C103155,Wei,Walker,APAC,India,Small Business,2024-02-11,In-Store,1
C103156,Elizabeth,Johnson,Latin America,Argentina,Individual,2025-08-31,Online,1
C103157,Liam,Thompson,North America,Canada,Individual,2023-05-15,Online,0
C103158,Barbara,Williams,Middle East,Saudi Arabia,Individual,2024-06-30,In-Store,1
C103159,Ananya,White,North America,Canada,Individual,2022-03-17,Online,0
C103160,Joseph,Harris,Europe,UK,Small Business,2024-04-24,Marketplace,0
C103161,William,Gonzalez,North America,Canada,Small Business,2023-05-09,Online,0
C103162,Michael,Martinez,North America,Canada,Individual,2021-08-15,Online,1
C103163,Carlos,Garcia,Europe,Netherlands,Individual,2022-06-12,B2B Direct,1
C103164,Diego,Jones,North America,Mexico,Individual,2025-08-19,Online,0
C103165,Susan,Thomas,Europe,Netherlands,Enterprise,2021-12-20,Online,1
C103166,Lucas,Lee,Latin America,Argentina,Small Business,2022-09-15,Marketplace,0
C103167,Jennifer,Jones,North America,Mexico,Small Business,2023-10-22,B2B Direct,1
C103168,Linda,King,APAC,India,Individual,2025-04-26,Online,0
C103169,Liam,Williams,Europe,Italy,Small Business,2025-05-03,Marketplace,1
C103170,Barbara,Anderson,APAC,India,Individual,2023-07-16,Online,1
C103171,John,Martinez,North America,Mexico,Individual,2024-12-14,Online,1
C103172,Richard,Smith,North America,Mexico,Enterprise,2025-07-02,In-Store,1
C103173,Charles,Martinez,North America,USA,Individual,2024-03-30,Marketplace,0
C103174,Wei,Thomas,North America,USA,Enterprise,2021-06-10,Online,1
C103175,Barbara,Walker,North America,Canada,Individual,2023-05-21,In-Store,1
C103176,Hiroshi,Ramirez,APAC,Singapore,Small Business,2024-02-26,Online,1
C103177,Ethan,Clark,Middle East,Saudi Arabia,Individual,2025-10-12,Marketplace,1
C103178,Ethan,Hernandez,Middle East,Kuwait,Individual,2024-03-20,Online,1
C103179,Thomas,Lee,APAC,South Korea,Individual,2022-03-20,Online,0
C103180,Omar,Perez,North America,Mexico,Individual,2025-11-26,B2B Direct,1
C103181,Jessica,Martinez,North America,Canada,Individual,2025-02-03,Marketplace,1
C103182,Barbara,Brown,North America,USA,Individual,2022-04-08,In-Store,1
C103183,Mia,Jones,North America,Mexico,Individual,2025-10-20,Online,1
C103184,Jessica,Thompson,Europe,Netherlands,Individual,2023-11-20,In-Store,1
C103185,John,Thomas,Europe,Netherlands,Individual,2022-04-18,B2B Direct,0
C103186,Linda,Jackson,Europe,Italy,Individual,2022-07-11,In-Store,0
C103187,Michael,Anderson,Europe,Italy,Small Business,2021-03-21,Online,1
C103188,Priya,Harris,Middle East,Kuwait,Small Business,2023-11-29,B2B Direct,1
C103189,Omar,Lopez,APAC,Australia,Individual,2021-08-28,Marketplace,1
C103190,Richard,King,North America,Mexico,Individual,2022-07-11,In-Store,0
C103191,Sofia,Davis,Latin America,Brazil,Small Business,2022-08-13,Marketplace,1
C103192,Thomas,Williams,Latin America,Chile,Individual,2024-09-22,Online,0
C103193,Michael,Jones,North America,USA,Individual,2026-04-16,Online,1
C103194,David,Young,Europe,Netherlands,Individual,2026-02-28,Online,1
C103195,Elizabeth,Thompson,Europe,UK,Individual,2025-12-29,Marketplace,1
C103196,Ethan,Jackson,Latin America,Chile,Individual,2026-05-30,B2B Direct,1
C103197,Susan,Clark,Middle East,UAE,Individual,2024-07-27,B2B Direct,1
C103198,Mia,Lee,North America,Mexico,Individual,2024-02-14,In-Store,0
C103199,Richard,Johnson,Europe,France,Individual,2021-09-26,In-Store,0
C103200,Linda,Rodriguez,Europe,Netherlands,Individual,2026-08-02,B2B Direct,1
C103201,Elizabeth,Walker,Europe,Netherlands,Individual,2026-04-24,In-Store,1
C103202,Layla,Young,North America,USA,Individual,2021-12-01,Online,1
C103203,Mia,Martinez,Middle East,Kuwait,Individual,2021-11-08,Online,0
C103204,Karen,Harris,APAC,Australia,Small Business,2023-12-13,B2B Direct,0
C103205,Patricia,Smith,Middle East,UAE,Individual,2023-12-28,Online,0
C103206,James,Perez,Middle East,UAE,Individual,2022-11-25,Online,0
C103207,Charles,Jones,APAC,Japan,Individual,2021-02-03,In-Store,1
C103208,Carlos,King,Europe,UK,Individual,2025-12-25,Marketplace,0
C103209,William,Taylor,APAC,Australia,Individual,2026-01-16,Online,1
C103210,Wei,Perez,North America,USA,Individual,2022-01-21,Online,0
C103211,Mia,Jackson,APAC,Singapore,Small Business,2021-09-06,Marketplace,1
C103212,Robert,Jackson,North America,USA,Individual,2024-02-09,Online,0
C103213,Thomas,Clark,APAC,Singapore,Small Business,2024-01-23,B2B Direct,1
C103214,Lucas,Hernandez,North America,USA,Individual,2024-12-04,Online,0
C103215,Karen,Ramirez,North America,Mexico,Enterprise,2024-04-17,Online,1
C103216,Sofia,Martinez,North America,Canada,Small Business,2023-12-07,Marketplace,1
C103217,Lucas,Moore,North America,Canada,Enterprise,2023-03-05,Online,0
C103218,Joseph,Jones,APAC,Australia,Individual,2023-05-02,Online,1
C103219,William,Garcia,APAC,Japan,Individual,2023-05-24,Marketplace,1
C103220,Richard,Perez,Europe,Italy,Small Business,2025-06-16,In-Store,1
C103221,Omar,Robinson,North America,USA,Small Business,2022-01-11,Online,1
C103222,Fatima,Moore,North America,Mexico,Enterprise,2022-12-25,In-Store,1
C103223,Lucas,Smith,North America,Mexico,Individual,2025-05-30,Marketplace,0
C103224,Richard,Brown,North America,Mexico,Small Business,2026-03-29,Marketplace,1
C103225,Jessica,White,Middle East,Kuwait,Individual,2021-07-21,Online,0
C103226,Susan,Taylor,North America,Mexico,Individual,2022-03-21,In-Store,1
C103227,Lucas,Lee,Europe,UK,Individual,2026-04-27,In-Store,1
C103228,Noah,Davis,North America,Mexico,Individual,2026-05-11,Online,1
C103229,Lucas,Moore,North America,Canada,Enterprise,2021-10-24,In-Store,0
C103230,Amara,King,Europe,Italy,Individual,2024-08-24,Online,1
C103231,Chen,Robinson,APAC,Australia,Individual,2025-10-13,Online,1
C103232,Priya,Rodriguez,North America,Canada,Individual,2022-05-08,Online,1
C103233,Ethan,Hernandez,North America,Canada,Individual,2021-12-04,In-Store,0
C103234,Richard,Brown,Europe,Spain,Individual,2026-05-23,Online,0
C103235,Robert,Johnson,North America,Canada,Individual,2023-07-12,Marketplace,0
C103236,Ava,Clark,North America,USA,Individual,2025-07-28,Online,0
C103237,Ethan,Moore,Latin America,Brazil,Small Business,2026-02-09,Marketplace,1
C103238,John,Hernandez,APAC,Australia,Enterprise,2023-12-26,Online,1
C103239,Jessica,Johnson,Europe,Spain,Individual,2023-03-03,Online,1
C103240,Elena,Walker,Europe,Italy,Individual,2024-12-16,In-Store,0
C103241,Wei,Harris,Europe,Italy,Individual,2025-04-13,Online,1
C103242,Robert,Jackson,Europe,France,Individual,2026-05-02,Marketplace,1
C103243,John,Young,APAC,South Korea,Individual,2025-07-11,B2B Direct,1
C103244,Robert,Miller,APAC,Australia,Individual,2025-02-25,Online,0
C103245,Joseph,Wilson,North America,Canada,Individual,2026-03-21,Online,1
C103246,Noah,Smith,Europe,Germany,Enterprise,2026-07-16,Online,1
C103247,Joseph,King,Europe,France,Individual,2023-08-20,B2B Direct,1
C103248,Priya,Thomas,Middle East,Saudi Arabia,Individual,2021-11-13,In-Store,1
C103249,Richard,Walker,APAC,Japan,Enterprise,2023-07-31,In-Store,0
C103250,Noah,Johnson,Europe,Germany,Individual,2026-02-04,Marketplace,0
C103251,Sarah,Lopez,North America,USA,Individual,2022-09-18,B2B Direct,1
C103252,Elizabeth,Jackson,APAC,India,Individual,2021-03-16,Online,0
C103253,Hiroshi,Anderson,North America,Canada,Enterprise,2025-10-04,In-Store,1
C103254,Patricia,Thomas,North America,Canada,Individual,2023-07-28,Marketplace,1
C103255,Mary,Thomas,North America,Mexico,Small Business,2021-02-28,Marketplace,1
C103256,Diego,Ramirez,APAC,Singapore,Individual,2022-01-21,Online,1
C103257,Elena,Hernandez,North America,USA,Individual,2021-01-15,Marketplace,0
C103258,Robert,Garcia,Europe,UK,Individual,2024-06-08,Online,1
C103259,John,Clark,Middle East,UAE,Individual,2025-06-29,Online,1
C103260,Noah,Taylor,North America,USA,Small Business,2025-08-28,Online,1
C103261,Susan,Hernandez,Europe,Italy,Individual,2021-07-18,Marketplace,1
C103262,Mia,Gonzalez,Europe,France,Individual,2026-04-24,Online,1
C103263,Michael,Gonzalez,North America,Mexico,Individual,2024-10-09,B2B Direct,1
C103264,Joseph,Davis,APAC,Australia,Small Business,2021-02-04,Online,1
C103265,Charles,Harris,North America,USA,Individual,2021-06-11,In-Store,1
C103266,Charles,Wilson,Europe,Italy,Small Business,2025-11-16,Online,1
C103267,Thomas,Lee,Europe,France,Individual,2023-09-09,Online,1
C103268,Lucas,Martin,APAC,Japan,Individual,2023-03-10,Online,1
C103269,Richard,Martin,APAC,Singapore,Individual,2023-06-14,Marketplace,1
C103270,Ananya,Clark,North America,Mexico,Individual,2022-04-16,Online,1
C103271,James,King,North America,Canada,Individual,2022-06-15,In-Store,0
C103272,Sarah,Walker,APAC,Japan,Individual,2026-06-11,Marketplace,0
C103273,Carlos,Thomas,Europe,Netherlands,Individual,2023-03-03,Online,0
C103274,Diego,Miller,Middle East,UAE,Enterprise,2023-05-02,In-Store,1
C103275,Michael,Thomas,Middle East,Kuwait,Individual,2024-12-17,Online,0
C103276,Priya,Brown,Middle East,Kuwait,Individual,2021-12-14,Online,1
C103277,Priya,Williams,Europe,France,Individual,2022-11-25,In-Store,0
C103278,Robert,Robinson,North America,Canada,Individual,2023-07-24,Online,1
C103279,Jessica,Jackson,APAC,South Korea,Individual,2023-07-02,Online,1
C103280,Patricia,Clark,Europe,France,Individual,2021-05-27,Online,1
C103281,James,Lewis,North America,Mexico,Individual,2024-10-29,Online,1
C103282,Layla,Taylor,Middle East,Qatar,Individual,2025-09-08,In-Store,1
C103283,Omar,Smith,Middle East,UAE,Individual,2022-11-06,In-Store,0
C103284,Ava,Lee,Europe,UK,Individual,2024-12-10,Online,1
C103285,Robert,King,North America,USA,Individual,2022-11-18,In-Store,1
C103286,Patricia,Harris,Europe,Italy,Individual,2025-02-26,In-Store,1
C103287,Layla,Hernandez,Middle East,Qatar,Individual,2025-05-02,In-Store,1
C103288,John,Ramirez,Latin America,Argentina,Individual,2024-07-03,Marketplace,1
C103289,Amara,Martin,North America,Canada,Individual,2023-08-18,Marketplace,1
C103290,William,Harris,North America,USA,Individual,2022-11-17,In-Store,1
C103291,Robert,Davis,Middle East,Qatar,Individual,2024-02-01,Online,0
C103292,Sarah,Young,Europe,France,Individual,2021-05-01,Online,0
C103293,Diego,Martin,Europe,France,Individual,2022-02-23,Online,1
C103294,Thomas,Martin,Latin America,Brazil,Individual,2021-12-16,In-Store,1
C103295,Diego,Rodriguez,North America,USA,Individual,2025-08-08,B2B Direct,0
C103296,Diego,Gonzalez,APAC,India,Individual,2021-02-11,Online,1
C103297,Layla,Perez,North America,Mexico,Individual,2024-10-22,Online,1
C103298,Thomas,Robinson,Europe,France,Individual,2021-01-29,Online,1
C103299,Ava,Thompson,Middle East,Saudi Arabia,Individual,2023-08-24,Online,0
C103300,Jessica,Hernandez,Europe,Germany,Individual,2026-03-31,In-Store,1
C103301,Layla,Wilson,Latin America,Chile,Individual,2023-02-24,Online,0
C103302,Mary,Thomas,Europe,Netherlands,Individual,2026-06-24,B2B Direct,1
C103303,Mary,Ramirez,North America,USA,Individual,2021-01-14,Marketplace,1
C103304,Carlos,Clark,North America,Mexico,Individual,2023-07-09,Online,0
C103305,John,Martinez,Europe,Spain,Individual,2026-05-31,Online,0
C103306,Liam,Martin,Europe,Italy,Individual,2023-03-29,B2B Direct,1
C103307,Robert,Clark,North America,Canada,Small Business,2023-04-05,Marketplace,1
C103308,Lucas,Perez,Europe,Netherlands,Individual,2025-02-17,B2B Direct,0
C103309,Hiroshi,Young,Europe,Spain,Individual,2024-04-27,Online,1
C103310,Susan,Young,APAC,South Korea,Small Business,2023-05-22,Online,0
C103311,Ethan,Jones,APAC,India,Small Business,2021-10-22,In-Store,1
C103312,John,Rodriguez,APAC,Japan,Small Business,2024-04-21,B2B Direct,1
C103313,Mia,Miller,North America,USA,Individual,2023-05-14,Online,1
C103314,Omar,Moore,North America,Canada,Small Business,2022-07-02,Marketplace,1
C103315,Thomas,Smith,APAC,Japan,Individual,2026-03-21,Online,1
C103316,Charles,Garcia,Europe,France,Individual,2023-11-27,Online,1
C103317,William,Wilson,North America,USA,Individual,2023-10-05,Online,0
C103318,Michael,White,Middle East,Kuwait,Individual,2023-11-04,Online,1
C103319,Richard,Taylor,APAC,Australia,Individual,2026-05-01,Online,0
C103320,Yuki,Taylor,Europe,UK,Individual,2022-09-27,Online,1
C103321,Barbara,Lee,North America,USA,Individual,2022-08-18,In-Store,0
C103322,Elena,Gonzalez,APAC,Singapore,Individual,2024-03-28,Marketplace,1
C103323,Chen,Wilson,Europe,Spain,Small Business,2025-02-26,Online,1
C103324,Joseph,Brown,APAC,Australia,Individual,2024-09-14,Marketplace,1
C103325,Layla,White,APAC,India,Individual,2022-09-06,Online,1
C103326,William,Garcia,Middle East,Saudi Arabia,Small Business,2026-02-16,In-Store,1
C103327,Ava,Martin,Europe,Netherlands,Individual,2024-01-12,In-Store,0
C103328,Hiroshi,Young,North America,Mexico,Individual,2025-04-29,Marketplace,1
C103329,Jessica,Thompson,APAC,Japan,Small Business,2025-05-23,Online,1
C103330,David,Wilson,APAC,India,Enterprise,2025-05-03,Online,0
C103331,Barbara,Perez,APAC,Japan,Small Business,2025-05-12,Online,1
C103332,Charles,Taylor,North America,Canada,Individual,2025-05-30,Online,1
C103333,Susan,Johnson,North America,Mexico,Individual,2023-11-12,Online,1
C103334,Barbara,Miller,Middle East,Qatar,Individual,2024-03-01,Online,1
C103335,Carlos,Wilson,APAC,Japan,Individual,2022-04-10,In-Store,1
C103336,David,Martin,Latin America,Chile,Individual,2025-01-19,Online,1
C103337,Ananya,Ramirez,APAC,South Korea,Individual,2024-08-18,Online,1
C103338,Barbara,Gonzalez,Europe,Netherlands,Small Business,2023-08-13,Online,1
C103339,Mia,Miller,APAC,Singapore,Individual,2023-07-19,B2B Direct,1
C103340,John,Williams,Middle East,Saudi Arabia,Individual,2024-07-14,Online,0
C103341,David,Jones,Europe,UK,Individual,2023-03-10,Online,1
C103342,Karen,King,APAC,India,Individual,2022-01-30,Online,1
C103343,Jennifer,Rodriguez,North America,USA,Enterprise,2024-02-18,Online,1
C103344,Lucas,Clark,Europe,Germany,Individual,2021-09-03,Online,1
C103345,Richard,Anderson,APAC,India,Individual,2022-07-22,Online,1
C103346,Jessica,Moore,North America,Mexico,Individual,2021-02-07,Online,1
C103347,Karen,Brown,North America,Canada,Individual,2021-09-02,B2B Direct,1
C103348,John,Lee,North America,Canada,Individual,2021-01-21,Online,1
C103349,Thomas,Moore,North America,Canada,Small Business,2024-02-08,Online,1
C103350,Elizabeth,Miller,North America,Mexico,Individual,2025-06-18,In-Store,1
C103351,Diego,Johnson,Europe,UK,Individual,2022-01-29,B2B Direct,1
C103352,Michael,Thomas,Latin America,Chile,Individual,2024-12-04,B2B Direct,1
C103353,William,Ramirez,Europe,Netherlands,Small Business,2023-09-14,Online,1
C103354,Linda,Robinson,North America,USA,Individual,2025-07-30,B2B Direct,0
C103355,Mia,Walker,North America,Mexico,Individual,2025-11-02,Online,1
C103356,Elena,Davis,APAC,Japan,Individual,2021-01-08,Marketplace,1
C103357,James,Miller,Europe,Italy,Small Business,2025-01-07,Online,0
C103358,Yuki,Moore,Middle East,Kuwait,Small Business,2021-11-24,Online,1
C103359,Chen,Lee,APAC,India,Small Business,2026-03-26,Online,1
C103360,Fatima,Brown,APAC,Singapore,Small Business,2021-10-17,Online,0
C103361,Amara,Young,North America,Mexico,Individual,2025-11-22,Marketplace,0
C103362,Wei,Thomas,APAC,India,Individual,2022-05-26,Online,0
C103363,Elizabeth,Moore,North America,Canada,Small Business,2023-07-01,Online,0
C103364,Thomas,Perez,Latin America,Argentina,Small Business,2021-12-27,Online,1
C103365,Richard,Clark,APAC,South Korea,Individual,2026-04-17,Online,1
C103366,Jessica,Lopez,North America,Canada,Individual,2025-06-11,Online,1
C103367,Barbara,Young,North America,Mexico,Enterprise,2022-12-17,Online,1
C103368,Joseph,Miller,North America,Canada,Individual,2021-08-07,B2B Direct,1
C103369,Ava,Martinez,APAC,South Korea,Small Business,2026-08-09,Online,1
C103370,Charles,Martinez,North America,Mexico,Individual,2022-02-10,Marketplace,1
C103371,Ananya,Miller,Europe,France,Individual,2026-07-09,In-Store,1
C103372,Hiroshi,Williams,North America,Canada,Individual,2026-08-03,Online,1
C103373,John,Lopez,APAC,Australia,Individual,2026-08-07,In-Store,1
C103374,Joseph,Young,Middle East,UAE,Individual,2023-01-23,B2B Direct,0
C103375,Hiroshi,Robinson,APAC,Japan,Individual,2023-07-12,In-Store,0
C103376,James,Martinez,APAC,South Korea,Individual,2023-04-12,In-Store,1
C103377,Joseph,Lee,North America,Canada,Enterprise,2025-11-29,In-Store,1
C103378,Sofia,Martin,North America,Canada,Individual,2025-07-03,Marketplace,1
C103379,Karen,Anderson,APAC,Japan,Individual,2025-11-27,In-Store,1
C103380,Elena,Lee,Europe,UK,Individual,2026-07-10,Online,1
C103381,Karen,Walker,Europe,UK,Individual,2023-03-05,Online,1
C103382,Carlos,Jackson,North America,USA,Individual,2024-05-28,Online,1
C103383,Lucas,Davis,North America,Canada,Individual,2022-08-18,In-Store,1
C103384,Elizabeth,Perez,North America,USA,Individual,2021-04-17,In-Store,1
C103385,Susan,Lopez,Middle East,Qatar,Individual,2022-08-04,Online,1
C103386,Sofia,Taylor,North America,USA,Individual,2022-09-01,In-Store,1
C103387,Amara,Lopez,Europe,Germany,Individual,2025-10-14,Online,1
C103388,David,Walker,North America,USA,Individual,2024-08-02,Online,1
C103389,Elizabeth,Davis,APAC,India,Small Business,2025-11-08,Online,0
C103390,Mary,Moore,North America,Canada,Small Business,2021-01-08,In-Store,0
C103391,Fatima,Clark,Middle East,Kuwait,Enterprise,2023-03-17,Online,1
C103392,Sarah,Garcia,Middle East,UAE,Enterprise,2021-07-08,Marketplace,0
C103393,James,Ramirez,North America,USA,Individual,2021-03-22,Marketplace,1
C103394,William,Lewis,Latin America,Chile,Individual,2021-04-18,Online,1
C103395,Mia,Moore,Latin America,Brazil,Individual,2024-09-06,Online,0
C103396,Liam,Thompson,Middle East,Kuwait,Small Business,2025-05-22,Online,1
C103397,Layla,Martinez,Middle East,Saudi Arabia,Small Business,2022-11-17,In-Store,1
C103398,Liam,Clark,North America,USA,Small Business,2021-12-12,Online,1
C103399,Carlos,Moore,Europe,Netherlands,Individual,2026-03-02,Online,0
C103400,Yuki,Gonzalez,North America,USA,Small Business,2021-11-24,Online,0
C103401,Fatima,Thompson,North America,USA,Individual,2022-07-09,Online,1
C103402,Wei,Thompson,Latin America,Brazil,Individual,2025-09-19,Online,1
C103403,Layla,Lewis,North America,Mexico,Small Business,2021-10-29,B2B Direct,1
C103404,Charles,Martinez,APAC,India,Individual,2021-07-19,Marketplace,0
C103405,Noah,Robinson,Middle East,Qatar,Enterprise,2023-06-12,Marketplace,0
C103406,Fatima,Perez,Middle East,Kuwait,Individual,2024-12-13,In-Store,0
C103407,Omar,Walker,Latin America,Argentina,Small Business,2023-11-29,Online,0
C103408,Wei,Thompson,North America,USA,Individual,2025-10-22,Marketplace,1
C103409,Robert,Brown,North America,USA,Small Business,2021-11-03,Online,1
C103410,Patricia,Johnson,Europe,Germany,Small Business,2023-10-25,In-Store,0
C103411,Layla,Wilson,North America,USA,Small Business,2025-07-15,Online,1
C103412,William,Sanchez,North America,Canada,Individual,2026-02-15,Marketplace,1
C103413,Karen,Perez,Europe,UK,Enterprise,2024-01-06,In-Store,1
C103414,Hiroshi,Moore,APAC,Singapore,Individual,2022-04-13,Marketplace,1
C103415,Joseph,Davis,Europe,Germany,Individual,2021-06-28,In-Store,1
C103416,Yuki,Hernandez,North America,Mexico,Individual,2022-10-07,Online,0
C103417,Thomas,Thomas,APAC,Australia,Small Business,2026-01-21,B2B Direct,1
C103418,Wei,Anderson,North America,Mexico,Individual,2025-10-31,In-Store,1
C103419,Noah,Jackson,North America,USA,Small Business,2021-10-03,Online,1
C103420,Layla,Davis,APAC,Japan,Individual,2024-03-21,Online,0
C103421,Yuki,Taylor,APAC,Japan,Individual,2024-04-02,Online,1
C103422,Susan,Moore,APAC,India,Enterprise,2024-08-06,Online,0
C103423,Diego,Johnson,North America,USA,Individual,2024-11-02,Online,1
C103424,Wei,White,Middle East,Qatar,Small Business,2022-09-13,B2B Direct,1
C103425,Wei,Taylor,APAC,Australia,Individual,2022-09-30,Online,1
C103426,Charles,Anderson,Europe,Italy,Individual,2025-11-11,B2B Direct,1
C103427,Ethan,White,APAC,India,Individual,2024-08-26,Marketplace,1
C103428,Patricia,Thompson,Middle East,Kuwait,Individual,2023-07-19,Marketplace,1
C103429,Linda,Clark,Europe,Spain,Individual,2026-06-26,In-Store,1
C103430,Ava,Perez,Europe,Spain,Individual,2026-04-21,In-Store,1
C103431,Elizabeth,Gonzalez,Latin America,Argentina,Individual,2024-11-13,Online,1
C103432,Chen,Lopez,APAC,Singapore,Individual,2026-02-24,In-Store,1
C103433,Ananya,Ramirez,Europe,France,Individual,2025-08-09,Online,1
C103434,James,Martinez,APAC,India,Small Business,2025-11-23,Online,1
C103435,Mia,Martinez,Europe,UK,Individual,2021-07-02,Marketplace,1
C103436,Noah,White,North America,USA,Small Business,2026-01-19,In-Store,1
C103437,William,Ramirez,Europe,UK,Individual,2024-08-22,In-Store,1
C103438,Jessica,Rodriguez,Latin America,Brazil,Individual,2021-03-13,Online,1
C103439,Ava,Johnson,Latin America,Argentina,Individual,2024-05-27,In-Store,1
C103440,Susan,Thompson,North America,Canada,Individual,2022-12-20,In-Store,0
C103441,James,Lopez,Europe,Germany,Individual,2024-04-11,Online,1
C103442,Elena,Lee,North America,Mexico,Individual,2025-08-04,Marketplace,0
C103443,Barbara,Lewis,Latin America,Chile,Small Business,2024-07-19,Online,0
C103444,Priya,Clark,Latin America,Argentina,Small Business,2022-12-27,In-Store,0
C103445,Thomas,Garcia,APAC,South Korea,Individual,2025-01-31,Online,1
C103446,Jessica,Martin,Middle East,Qatar,Small Business,2021-09-26,In-Store,0
C103447,James,Perez,APAC,Japan,Individual,2023-11-10,Online,0
C103448,Diego,Thompson,Europe,Germany,Individual,2022-08-01,B2B Direct,1
C103449,Mia,Brown,North America,USA,Individual,2023-09-22,Marketplace,0
C103450,Fatima,Young,Europe,Netherlands,Small Business,2023-03-26,In-Store,0
C103451,Priya,Thomas,APAC,Australia,Small Business,2025-03-07,Online,1
C103452,Mia,Brown,APAC,India,Small Business,2021-05-27,Marketplace,1
C103453,Jessica,Ramirez,Europe,Netherlands,Individual,2024-12-23,Marketplace,1
C103454,Carlos,Ramirez,Latin America,Brazil,Individual,2024-04-03,Online,1
C103455,Chen,Perez,North America,USA,Individual,2023-06-09,Online,1
C103456,Diego,Davis,Europe,Netherlands,Individual,2021-11-06,Online,1
C103457,Omar,Sanchez,APAC,Singapore,Individual,2022-06-02,Online,1
C103458,Carlos,Robinson,APAC,Singapore,Individual,2021-01-14,Marketplace,1
C103459,Elena,Rodriguez,APAC,Japan,Individual,2021-05-12,In-Store,1
C103460,Yuki,Sanchez,North America,USA,Individual,2026-02-21,Online,0
C103461,Mary,Hernandez,North America,Canada,Individual,2023-01-25,Online,1
C103462,Michael,Harris,APAC,Singapore,Individual,2022-03-15,Online,1
C103463,Fatima,Clark,Europe,Spain,Individual,2023-01-13,Online,1
C103464,Amara,Martinez,North America,Canada,Individual,2023-01-10,Online,0
C103465,Sofia,Anderson,APAC,India,Individual,2025-08-25,Online,1
C103466,Diego,Jones,Europe,France,Individual,2023-03-06,In-Store,0
C103467,Amara,Lopez,APAC,South Korea,Individual,2021-09-20,In-Store,1
C103468,Elena,Davis,Middle East,Saudi Arabia,Individual,2022-10-05,B2B Direct,1
C103469,Mary,Garcia,North America,USA,Individual,2026-05-21,Marketplace,1
C103470,Joseph,White,North America,USA,Small Business,2024-06-02,Online,1
C103471,Jessica,Smith,APAC,South Korea,Individual,2021-09-15,In-Store,1
C103472,Linda,Harris,APAC,Japan,Individual,2024-06-11,Online,1
C103473,Chen,Hernandez,APAC,Australia,Individual,2024-09-21,B2B Direct,1
C103474,Lucas,Thompson,Middle East,Saudi Arabia,Small Business,2022-02-13,In-Store,1
C103475,Thomas,Miller,Middle East,Qatar,Individual,2026-01-26,Online,0
C103476,Susan,Clark,Latin America,Chile,Individual,2023-09-02,Online,0
C103477,Ananya,Lee,Europe,Germany,Individual,2023-11-14,B2B Direct,1
C103478,Priya,Jones,Europe,France,Individual,2021-09-28,Marketplace,0
C103479,Ananya,King,Europe,Spain,Individual,2024-01-24,Online,1
C103480,Hiroshi,Thomas,North America,Canada,Enterprise,2021-05-22,Online,1
C103481,Jessica,Hernandez,Europe,Netherlands,Small Business,2025-09-14,Marketplace,1
C103482,Chen,Young,North America,Mexico,Individual,2025-10-08,B2B Direct,1
C103483,Ethan,White,Latin America,Chile,Individual,2023-06-21,B2B Direct,1
C103484,Amara,Rodriguez,Europe,Germany,Individual,2023-09-01,B2B Direct,1
C103485,Liam,Miller,Europe,Italy,Individual,2024-01-10,In-Store,1
C103486,Carlos,Ramirez,Europe,France,Individual,2021-10-01,Marketplace,1
C103487,Ananya,Thompson,North America,Canada,Individual,2021-10-03,Online,1
C103488,Ava,Gonzalez,North America,Mexico,Individual,2026-03-22,Marketplace,0
C103489,Linda,Miller,Europe,Germany,Individual,2026-06-05,Online,1
C103490,Chen,Lee,North America,Canada,Individual,2022-04-10,In-Store,0
C103491,Sarah,Gonzalez,APAC,South Korea,Enterprise,2024-05-16,Online,1
C103492,Charles,Lopez,Middle East,Saudi Arabia,Individual,2024-08-12,Marketplace,0
C103493,Charles,Davis,Middle East,Qatar,Enterprise,2023-11-29,Online,0
C103494,Ethan,Thompson,APAC,Singapore,Individual,2026-05-26,B2B Direct,0
C103495,Omar,Thompson,North America,Mexico,Individual,2021-10-15,Online,0
C103496,Jennifer,Lewis,Middle East,Kuwait,Individual,2024-02-22,Online,0
C103497,Omar,White,Middle East,UAE,Individual,2023-05-26,Marketplace,1
C103498,Chen,Perez,North America,USA,Individual,2026-06-16,In-Store,0
C103499,Hiroshi,Lopez,APAC,Singapore,Enterprise,2024-07-30,B2B Direct,1
C103500,Noah,Thomas,North America,USA,Enterprise,2023-05-28,In-Store,0
C103501,Mia,Smith,Middle East,UAE,Individual,2021-06-29,In-Store,0
C103502,Yuki,Robinson,Latin America,Brazil,Individual,2024-01-26,B2B Direct,0
C103503,Wei,White,North America,Mexico,Individual,2024-04-29,B2B Direct,0
C103504,Elena,Young,Middle East,UAE,Individual,2024-01-03,Online,1
C103505,Jennifer,Young,APAC,India,Individual,2022-03-23,Online,0
C103506,Elena,Lopez,Latin America,Brazil,Individual,2023-02-24,In-Store,1
C103507,James,Martinez,Europe,UK,Individual,2025-03-01,B2B Direct,1
C103508,Lucas,Lopez,Middle East,UAE,Individual,2022-07-15,In-Store,1
C103509,David,Gonzalez,North America,Mexico,Individual,2022-04-29,In-Store,1
C103510,Barbara,Anderson,North America,Canada,Individual,2023-04-29,Online,0
C103511,Ananya,Robinson,North America,Mexico,Individual,2022-12-23,In-Store,1
C103512,Robert,Gonzalez,Latin America,Brazil,Enterprise,2021-04-26,Online,1
C103513,John,Smith,Middle East,Qatar,Individual,2022-06-19,Online,0
C103514,Mia,Moore,Middle East,Qatar,Small Business,2024-01-27,Online,1
C103515,Richard,Lopez,Latin America,Chile,Small Business,2024-09-13,Online,1
C103516,Amara,Rodriguez,North America,USA,Enterprise,2026-04-17,B2B Direct,1
C103517,Chen,Brown,Europe,UK,Small Business,2022-02-11,Online,1
C103518,Yuki,Clark,North America,USA,Individual,2024-08-29,In-Store,1
C103519,Elizabeth,Ramirez,North America,Canada,Small Business,2025-09-22,Online,1
C103520,Noah,White,North America,USA,Individual,2022-11-25,Marketplace,1
C103521,Joseph,Brown,Europe,Italy,Individual,2024-03-17,In-Store,1
C103522,Diego,Ramirez,North America,USA,Enterprise,2024-09-27,Online,1
C103523,Richard,Martin,North America,USA,Small Business,2022-05-10,Online,1
C103524,Mia,Lewis,North America,Mexico,Enterprise,2023-08-06,Online,1
C103525,John,King,North America,USA,Small Business,2021-01-23,In-Store,1
C103526,Susan,Robinson,Latin America,Chile,Small Business,2024-02-03,Online,0
C103527,Elizabeth,Williams,APAC,Japan,Individual,2025-08-26,Online,1
C103528,Noah,Jackson,Latin America,Argentina,Small Business,2025-05-22,Online,0
C103529,Elena,Lee,Europe,Spain,Individual,2025-12-31,Online,1
C103530,John,Lee,North America,Mexico,Small Business,2025-12-30,In-Store,1
C103531,Jennifer,Martin,APAC,Japan,Small Business,2022-07-12,Online,1
C103532,Richard,King,North America,USA,Small Business,2025-06-05,B2B Direct,1
C103533,Lucas,Rodriguez,North America,USA,Individual,2023-07-30,Online,1
C103534,Richard,Walker,North America,USA,Individual,2025-08-10,Online,1
C103535,Layla,Young,North America,Mexico,Individual,2024-05-30,Online,0
C103536,Mia,Thompson,North America,Mexico,Enterprise,2023-05-05,Online,1
C103537,Fatima,Thompson,Europe,Netherlands,Individual,2023-11-05,Marketplace,1
C103538,Ananya,Thomas,APAC,Australia,Individual,2023-06-10,Online,0
C103539,Linda,Lee,North America,USA,Individual,2025-07-15,Online,1
C103540,Noah,Lopez,North America,Mexico,Small Business,2021-03-19,Online,1
C103541,Elena,Garcia,Middle East,Saudi Arabia,Small Business,2024-09-07,Online,1
C103542,Elena,Wilson,North America,USA,Small Business,2023-03-18,In-Store,0
C103543,Karen,Perez,North America,Mexico,Individual,2024-06-18,Online,1
C103544,Sofia,Walker,Middle East,Kuwait,Individual,2023-11-08,In-Store,0
C103545,Mary,Ramirez,North America,Canada,Individual,2023-02-07,Marketplace,1
C103546,Carlos,Jones,North America,Canada,Individual,2022-03-30,Marketplace,1
C103547,William,Sanchez,Europe,UK,Small Business,2025-01-06,In-Store,1
C103548,Patricia,Clark,North America,USA,Individual,2023-07-17,Online,1
C103549,Omar,Lewis,Europe,UK,Individual,2021-10-04,Online,1
C103550,Susan,Thomas,Middle East,UAE,Individual,2024-12-18,In-Store,0
C103551,Karen,Sanchez,North America,Canada,Individual,2025-02-08,Online,0
C103552,Liam,Davis,Europe,France,Small Business,2023-11-17,In-Store,1
C103553,Yuki,Hernandez,Europe,Germany,Individual,2022-05-29,In-Store,1
C103554,Ava,Williams,North America,Canada,Small Business,2026-03-04,In-Store,1
C103555,Elizabeth,Johnson,APAC,Singapore,Individual,2022-04-09,Online,0
C103556,Sofia,Smith,North America,USA,Individual,2023-03-18,In-Store,1
C103557,John,Smith,Europe,Netherlands,Individual,2026-06-29,Online,1
C103558,Patricia,Martin,North America,Mexico,Individual,2023-04-04,Online,0
C103559,Karen,Walker,Europe,Italy,Small Business,2021-12-29,Marketplace,1
C103560,Fatima,Thomas,North America,Canada,Individual,2024-11-07,Online,1
C103561,John,Williams,Middle East,UAE,Individual,2023-01-21,In-Store,0
C103562,Amara,Garcia,North America,Mexico,Individual,2022-06-09,Online,1
C103563,Amara,Lopez,Europe,Netherlands,Individual,2024-11-06,Online,1
C103564,Hiroshi,Martinez,Europe,Spain,Small Business,2024-04-22,Marketplace,1
C103565,Wei,Johnson,APAC,South Korea,Individual,2024-05-02,Marketplace,1
C103566,Michael,Walker,Europe,France,Individual,2025-01-25,Marketplace,1
C103567,Layla,Anderson,APAC,Singapore,Small Business,2021-02-25,Marketplace,1
C103568,Wei,King,APAC,India,Individual,2024-06-07,Online,1
C103569,Chen,Johnson,Middle East,Saudi Arabia,Individual,2022-05-04,Marketplace,0
C103570,Ananya,Clark,North America,Canada,Individual,2023-11-18,Online,0
C103571,Liam,White,Europe,Netherlands,Individual,2026-01-30,Online,0
C103572,Patricia,Clark,Middle East,Saudi Arabia,Individual,2025-05-26,In-Store,1
C103573,Jennifer,Walker,Latin America,Brazil,Individual,2022-12-23,Online,1
C103574,Charles,Miller,Middle East,Kuwait,Enterprise,2026-06-07,Online,1
C103575,William,Sanchez,Europe,UK,Individual,2024-04-22,Online,1
C103576,Thomas,Perez,North America,USA,Enterprise,2024-12-19,Online,1
C103577,Sarah,Johnson,Europe,Spain,Individual,2024-10-30,Marketplace,1
C103578,Richard,Thomas,APAC,South Korea,Individual,2026-03-07,In-Store,1
C103579,William,Harris,Europe,France,Individual,2021-02-10,Online,1
C103580,Priya,Thomas,Europe,Spain,Individual,2025-02-16,In-Store,1
C103581,Jessica,Thompson,Middle East,Saudi Arabia,Small Business,2023-10-01,Marketplace,1
C103582,Joseph,Wilson,Europe,Spain,Individual,2021-09-17,Online,0
C103583,Susan,Rodriguez,Middle East,Saudi Arabia,Individual,2022-03-17,In-Store,1
C103584,Joseph,Walker,Europe,UK,Individual,2023-07-15,In-Store,1
C103585,Sarah,Miller,North America,Mexico,Individual,2023-05-06,In-Store,0
C103586,Barbara,Smith,Europe,Germany,Enterprise,2021-03-25,B2B Direct,1
C103587,Omar,Lee,APAC,India,Small Business,2021-02-15,Online,0
C103588,Lucas,Lewis,North America,Mexico,Individual,2022-03-16,In-Store,1
C103589,Sarah,Davis,North America,Canada,Small Business,2025-08-22,Online,1
C103590,Omar,Rodriguez,Latin America,Chile,Small Business,2026-02-23,Marketplace,1
C103591,Sarah,Jackson,North America,USA,Individual,2025-03-23,Marketplace,1
C103592,James,Clark,Europe,Spain,Individual,2023-09-13,Online,1
C103593,Jessica,Lee,Europe,Germany,Individual,2026-02-12,Online,1
C103594,Mia,Thompson,Europe,Italy,Individual,2025-01-01,B2B Direct,1
C103595,Ananya,Wilson,APAC,Singapore,Individual,2021-05-16,B2B Direct,1
C103596,Linda,Lopez,North America,USA,Individual,2024-04-21,B2B Direct,1
C103597,Mary,Jones,Europe,Spain,Individual,2025-09-29,B2B Direct,1
C103598,Charles,Miller,Europe,UK,Individual,2024-04-10,In-Store,1
C103599,Amara,Jones,APAC,Singapore,Small Business,2023-06-28,B2B Direct,0
C103600,Diego,Harris,North America,Mexico,Individual,2023-05-11,Marketplace,1
C103601,Robert,Robinson,Europe,Italy,Individual,2023-02-27,Online,1
C103602,Linda,Hernandez,North America,USA,Small Business,2022-08-13,Marketplace,1
C103603,Sofia,Davis,North America,Canada,Individual,2026-05-06,In-Store,0
C103604,Sarah,Ramirez,North America,Mexico,Individual,2023-08-14,Online,0
C103605,Omar,Lopez,North America,USA,Enterprise,2022-11-21,In-Store,1
C103606,Yuki,Walker,Middle East,Qatar,Small Business,2022-06-23,Online,1
C103607,Linda,Lee,North America,Canada,Individual,2024-02-18,Marketplace,0
C103608,Sarah,Thomas,Latin America,Brazil,Individual,2024-07-28,Marketplace,1
C103609,Carlos,White,Latin America,Chile,Enterprise,2024-08-24,B2B Direct,1
C103610,John,Perez,Europe,Italy,Individual,2022-12-09,Online,1
C103611,Omar,Gonzalez,North America,Mexico,Individual,2024-07-24,In-Store,0
C103612,Elizabeth,Rodriguez,Europe,Germany,Individual,2025-04-03,Online,1
C103613,William,Davis,APAC,Australia,Individual,2021-10-22,Marketplace,1
C103614,Patricia,Thompson,Europe,France,Individual,2025-12-12,In-Store,1
C103615,Elizabeth,Martinez,North America,Canada,Small Business,2021-02-22,Online,1
C103616,Mia,Taylor,Europe,UK,Enterprise,2023-03-17,Online,1
C103617,Barbara,Lewis,Middle East,Qatar,Small Business,2024-12-26,In-Store,1
C103618,Elizabeth,Johnson,APAC,Japan,Individual,2021-02-21,Online,1
C103619,Barbara,Hernandez,North America,USA,Individual,2022-12-29,Online,1
C103620,John,Davis,APAC,Singapore,Enterprise,2021-03-13,B2B Direct,1
C103621,Priya,Lee,North America,USA,Individual,2021-01-28,In-Store,1
C103622,Layla,King,North America,Canada,Individual,2022-04-14,In-Store,0
C103623,Hiroshi,Miller,Middle East,Saudi Arabia,Small Business,2026-04-20,Marketplace,1
C103624,John,Harris,North America,Mexico,Individual,2023-02-03,Online,0
C103625,Fatima,Rodriguez,North America,USA,Individual,2023-06-05,In-Store,1
C103626,Carlos,Clark,North America,Mexico,Small Business,2023-07-01,Marketplace,1
C103627,Mary,Martinez,Middle East,Saudi Arabia,Enterprise,2022-07-01,Online,1
C103628,Diego,Sanchez,APAC,South Korea,Individual,2024-11-25,Online,1
C103629,Elizabeth,Clark,APAC,Singapore,Small Business,2021-07-20,Online,1
C103630,James,Perez,APAC,South Korea,Individual,2025-11-20,B2B Direct,0
C103631,Richard,Martin,North America,USA,Individual,2025-06-23,In-Store,1
C103632,Liam,Sanchez,Europe,Germany,Small Business,2023-03-31,Online,1
C103633,Robert,Lewis,Europe,Spain,Enterprise,2026-07-06,Online,1
C103634,Jessica,Gonzalez,North America,USA,Individual,2026-07-16,Online,1
C103635,Susan,Miller,Europe,Italy,Individual,2025-01-29,Marketplace,1
C103636,Lucas,Hernandez,Latin America,Argentina,Individual,2025-08-03,B2B Direct,1
C103637,John,Williams,North America,Canada,Individual,2025-06-07,Online,1
C103638,Yuki,Smith,North America,USA,Individual,2022-07-14,Online,1
C103639,Ethan,Smith,North America,Canada,Individual,2025-12-19,Online,1
C103640,Amara,King,North America,Canada,Individual,2022-01-14,Online,0
C103641,Thomas,Sanchez,Latin America,Chile,Individual,2025-11-19,In-Store,1
C103642,David,Williams,Europe,Germany,Individual,2026-04-03,In-Store,1
C103643,Sarah,White,Europe,Netherlands,Small Business,2024-04-15,Marketplace,0
C103644,Barbara,Thomas,APAC,Singapore,Individual,2023-12-12,In-Store,1
C103645,Ava,Wilson,North America,Mexico,Individual,2021-03-20,Online,1
C103646,Chen,King,Europe,Italy,Small Business,2024-11-09,In-Store,1
C103647,Hiroshi,Rodriguez,Europe,Germany,Individual,2023-04-14,Marketplace,0
C103648,Karen,Jackson,Europe,Spain,Individual,2025-05-19,In-Store,0
C103649,Lucas,Robinson,Latin America,Brazil,Individual,2023-10-29,Marketplace,0
C103650,James,Martinez,APAC,South Korea,Individual,2024-05-22,In-Store,1
C103651,Barbara,Hernandez,Europe,France,Individual,2021-01-25,B2B Direct,1
C103652,Wei,Sanchez,Middle East,Saudi Arabia,Small Business,2022-03-26,Marketplace,1
C103653,Linda,Sanchez,North America,USA,Individual,2023-02-07,Online,1
C103654,Barbara,Wilson,North America,Canada,Individual,2023-01-25,Marketplace,1
C103655,Ethan,Thomas,North America,USA,Individual,2026-06-16,Online,1
C103656,Carlos,Robinson,North America,Canada,Individual,2025-01-20,Marketplace,1
C103657,Ethan,Rodriguez,Europe,France,Small Business,2025-01-24,B2B Direct,1
C103658,Ava,Gonzalez,APAC,Singapore,Individual,2021-07-17,In-Store,1
C103659,Chen,Smith,Latin America,Brazil,Individual,2024-01-23,In-Store,1
C103660,Barbara,Johnson,Europe,Italy,Individual,2025-10-09,Online,1
C103661,Elena,Thompson,Europe,Spain,Individual,2026-05-25,Online,0
C103662,Ethan,Smith,North America,Mexico,Small Business,2022-03-13,In-Store,1
C103663,Ethan,Jones,North America,USA,Individual,2025-03-31,Online,0
C103664,Chen,Young,Europe,Spain,Enterprise,2022-11-21,Marketplace,1
C103665,David,Martinez,Europe,Italy,Individual,2026-06-14,Online,1
C103666,Wei,Perez,Middle East,UAE,Enterprise,2024-11-02,In-Store,1
C103667,Michael,White,North America,Mexico,Small Business,2022-08-10,Marketplace,1
C103668,Patricia,Walker,North America,Canada,Individual,2021-04-14,In-Store,0
C103669,Amara,Lee,Europe,Germany,Individual,2026-01-04,Marketplace,1
C103670,Elizabeth,Martinez,North America,Canada,Individual,2025-08-31,In-Store,1
C103671,Ananya,Clark,North America,Canada,Individual,2026-06-09,Online,1
C103672,Patricia,King,APAC,India,Individual,2022-09-19,Marketplace,1
C103673,Carlos,Thomas,North America,USA,Individual,2026-07-25,In-Store,0
C103674,Ananya,Jones,APAC,Singapore,Enterprise,2023-11-29,Online,1
C103675,Sarah,White,North America,Canada,Individual,2022-04-03,Marketplace,1
C103676,Omar,Clark,North America,USA,Small Business,2021-12-30,In-Store,0
C103677,Linda,Wilson,Europe,Italy,Enterprise,2025-12-14,Online,1
C103678,Fatima,Martinez,Middle East,UAE,Small Business,2021-05-15,Marketplace,0
C103679,David,Thomas,Europe,Germany,Individual,2022-01-09,Online,1
C103680,Yuki,Lewis,APAC,Australia,Individual,2024-06-09,In-Store,1
C103681,Liam,Anderson,North America,Mexico,Individual,2021-02-08,Online,1
C103682,Hiroshi,Perez,APAC,Singapore,Individual,2026-06-11,In-Store,1
C103683,Michael,Garcia,North America,Canada,Individual,2026-01-01,In-Store,1
C103684,Layla,Clark,APAC,India,Small Business,2023-03-30,Online,1
C103685,Elena,Lewis,Europe,Germany,Individual,2021-02-16,Online,1
C103686,Thomas,Ramirez,Latin America,Brazil,Individual,2021-02-05,In-Store,1
C103687,Sofia,Jackson,Europe,Italy,Enterprise,2026-01-30,In-Store,1
C103688,Wei,King,North America,Canada,Individual,2021-04-05,Online,0
C103689,Amara,Martinez,North America,Mexico,Individual,2023-09-12,Online,1
C103690,Sarah,Hernandez,Middle East,Qatar,Small Business,2024-10-16,Marketplace,0
C103691,Elizabeth,Robinson,Europe,Germany,Individual,2025-03-29,In-Store,0
C103692,Joseph,Wilson,APAC,India,Individual,2024-03-15,Online,1
C103693,Michael,Thomas,North America,USA,Individual,2026-04-25,B2B Direct,1
C103694,Ethan,Miller,North America,Canada,Small Business,2022-01-03,Marketplace,0
C103695,Susan,Brown,North America,Canada,Individual,2021-03-06,Online,1
C103696,Omar,Thomas,Latin America,Brazil,Individual,2024-06-05,Marketplace,1
C103697,Sarah,Rodriguez,APAC,South Korea,Individual,2023-01-24,Online,0
C103698,Sarah,Rodriguez,Latin America,Chile,Individual,2025-03-24,Online,1
C103699,Jennifer,Young,North America,Mexico,Individual,2026-07-29,Online,1
C103700,Yuki,Sanchez,APAC,Japan,Individual,2023-03-27,Online,1
C103701,Barbara,Jackson,APAC,Australia,Individual,2026-02-20,In-Store,0
C103702,Diego,Brown,North America,Canada,Individual,2025-04-28,Marketplace,1
C103703,Charles,Walker,Middle East,Kuwait,Individual,2023-01-26,Online,1
C103704,Ananya,Gonzalez,Latin America,Chile,Individual,2021-06-30,Online,0
C103705,Jessica,Martinez,Middle East,Saudi Arabia,Individual,2025-03-05,In-Store,1
C103706,Sofia,Martin,APAC,South Korea,Individual,2022-08-20,In-Store,1
C103707,Michael,Garcia,North America,USA,Individual,2024-03-24,Online,1
C103708,Charles,Davis,North America,USA,Small Business,2023-02-26,B2B Direct,1
C103709,Ethan,Anderson,Latin America,Argentina,Small Business,2025-04-08,Marketplace,1
C103710,Omar,Lewis,North America,USA,Individual,2022-09-19,Online,0
C103711,Sarah,Davis,APAC,South Korea,Individual,2026-01-16,In-Store,1
C103712,Barbara,Rodriguez,APAC,Singapore,Individual,2024-12-29,Online,0
C103713,John,Lewis,APAC,South Korea,Individual,2026-01-09,Online,1
C103714,Omar,Thompson,Latin America,Chile,Individual,2024-01-28,In-Store,1
C103715,John,Lopez,North America,Mexico,Individual,2022-09-08,Online,0
C103716,Ethan,Ramirez,North America,Canada,Individual,2024-10-27,In-Store,1
C103717,Sarah,Anderson,North America,USA,Individual,2025-05-06,Online,1
C103718,Jennifer,Lewis,Europe,Italy,Individual,2024-10-17,In-Store,0
C103719,James,Moore,North America,Mexico,Small Business,2021-04-22,Online,1
C103720,William,Moore,North America,Canada,Individual,2022-03-29,Online,1
C103721,Jessica,Martinez,Middle East,Qatar,Individual,2023-01-26,Online,1
C103722,Omar,Miller,Latin America,Argentina,Enterprise,2024-04-07,In-Store,1
C103723,Ava,Johnson,North America,USA,Small Business,2022-08-07,B2B Direct,1
C103724,Sarah,Moore,Europe,Germany,Small Business,2021-05-19,Online,1
C103725,Liam,Martinez,Latin America,Brazil,Individual,2026-02-15,Online,1
C103726,Mia,Martin,North America,USA,Individual,2021-08-19,Online,1
C103727,Omar,Martinez,North America,USA,Enterprise,2024-06-16,In-Store,1
C103728,Layla,Gonzalez,North America,Mexico,Individual,2023-09-11,B2B Direct,0
C103729,James,White,Europe,Spain,Small Business,2021-09-10,B2B Direct,1
C103730,Priya,Hernandez,North America,Canada,Individual,2026-06-28,Online,1
C103731,Mia,Martin,Latin America,Brazil,Individual,2024-12-30,Marketplace,0
C103732,Wei,Thomas,Europe,Germany,Enterprise,2026-04-27,Online,0
C103733,Charles,Gonzalez,Europe,Germany,Individual,2022-07-15,Marketplace,0
C103734,Richard,Rodriguez,North America,USA,Individual,2024-12-16,Marketplace,0
C103735,Mia,Walker,Europe,Netherlands,Individual,2024-08-19,Online,0
C103736,Robert,Wilson,APAC,Japan,Individual,2021-03-13,Online,1
C103737,Priya,Lopez,APAC,Japan,Individual,2024-07-10,Online,1
C103738,Sofia,Thompson,APAC,Japan,Individual,2026-02-01,Online,1
C103739,David,Young,Europe,Germany,Individual,2021-08-10,Online,1
C103740,Karen,Smith,Latin America,Chile,Small Business,2024-01-06,In-Store,1
C103741,Omar,Thomas,Middle East,UAE,Individual,2021-03-03,In-Store,1
C103742,Sofia,Hernandez,APAC,Japan,Enterprise,2025-02-03,Online,0
C103743,Ananya,Lewis,North America,USA,Individual,2024-03-26,Online,1
C103744,Hiroshi,Johnson,North America,USA,Individual,2023-03-17,B2B Direct,1
C103745,Wei,Thomas,North America,USA,Individual,2021-05-05,Online,1
C103746,Susan,Thomas,APAC,South Korea,Individual,2023-01-11,In-Store,1
C103747,Amara,Clark,Europe,UK,Enterprise,2026-02-19,In-Store,1
C103748,Elena,King,Europe,UK,Small Business,2021-06-10,In-Store,1
C103749,Thomas,Sanchez,Middle East,UAE,Individual,2022-06-25,Online,0
C103750,Fatima,Hernandez,Middle East,Saudi Arabia,Individual,2022-09-18,Online,0
C103751,Liam,Miller,Latin America,Argentina,Small Business,2025-06-03,In-Store,1
C103752,Yuki,Harris,North America,USA,Enterprise,2025-04-08,B2B Direct,1
C103753,Sarah,Davis,APAC,Japan,Enterprise,2021-04-16,B2B Direct,1
C103754,Jessica,Ramirez,North America,USA,Individual,2024-02-29,Online,1
C103755,Mary,Garcia,North America,Mexico,Enterprise,2024-10-12,Online,0
C103756,Omar,Lewis,North America,Mexico,Individual,2026-08-02,Online,0
C103757,Noah,Williams,North America,Canada,Individual,2026-07-06,Marketplace,1
C103758,Barbara,Garcia,Europe,Germany,Individual,2025-09-05,Online,1
C103759,Elizabeth,Smith,Middle East,UAE,Individual,2023-02-15,In-Store,1
C103760,Amara,Anderson,North America,Mexico,Small Business,2026-02-21,Online,0
C103761,Mary,Lewis,APAC,Japan,Small Business,2026-03-24,Marketplace,0
C103762,Jessica,Anderson,Europe,Netherlands,Small Business,2025-12-26,Online,0
C103763,Liam,Lopez,North America,USA,Individual,2021-01-02,In-Store,1
C103764,Liam,Garcia,Europe,France,Individual,2021-08-21,In-Store,1
C103765,Wei,Miller,North America,Canada,Individual,2022-01-04,Online,0
C103766,Jennifer,Brown,Europe,Germany,Individual,2024-06-28,Online,0
C103767,Sofia,Martinez,Europe,UK,Small Business,2023-08-04,Marketplace,0
C103768,Mia,Gonzalez,North America,USA,Individual,2026-07-22,In-Store,1
C103769,Elena,Miller,North America,USA,Individual,2026-01-31,In-Store,1
C103770,Mary,Jones,Europe,UK,Individual,2024-02-06,B2B Direct,1
C103771,Sofia,Moore,Latin America,Chile,Small Business,2024-07-23,Online,1
C103772,Chen,Miller,North America,Mexico,Individual,2021-06-29,Marketplace,1
C103773,Michael,Davis,APAC,South Korea,Individual,2025-10-15,In-Store,1
C103774,Ananya,Sanchez,APAC,Singapore,Small Business,2021-10-20,In-Store,0
C103775,Yuki,Garcia,Latin America,Brazil,Individual,2022-08-07,Online,0
C103776,Sarah,Moore,Middle East,Saudi Arabia,Small Business,2023-03-06,B2B Direct,1
C103777,Richard,Martinez,Europe,Netherlands,Individual,2021-06-24,Online,1
C103778,Linda,Rodriguez,APAC,Singapore,Individual,2021-05-03,Online,0
C103779,Susan,Lopez,Middle East,Kuwait,Small Business,2021-08-15,Marketplace,1
C103780,Thomas,Lewis,Europe,Italy,Individual,2026-04-10,In-Store,1
C103781,Richard,Lee,North America,Mexico,Individual,2022-03-20,Online,1
C103782,William,Lee,North America,Canada,Individual,2026-01-11,B2B Direct,1
C103783,Elizabeth,Clark,Middle East,Kuwait,Individual,2022-03-04,Online,1
C103784,Thomas,Lopez,Middle East,Kuwait,Individual,2024-01-12,Online,1
C103785,Amara,Lewis,North America,USA,Individual,2023-02-04,Online,1
C103786,Mary,Sanchez,Europe,Germany,Small Business,2025-08-09,In-Store,1
C103787,James,Sanchez,Europe,Germany,Small Business,2022-09-24,B2B Direct,1
C103788,Priya,Ramirez,North America,Canada,Individual,2021-03-06,B2B Direct,1
C103789,Charles,Wilson,Latin America,Chile,Individual,2024-07-28,In-Store,1
C103790,Sarah,Harris,North America,Canada,Individual,2025-12-24,In-Store,0
C103791,Sofia,Davis,North America,Canada,Individual,2024-11-15,In-Store,1
C103792,David,Anderson,Europe,Germany,Individual,2022-03-04,In-Store,1
C103793,Yuki,Clark,APAC,Japan,Individual,2022-09-10,Marketplace,1
C103794,Wei,Jones,North America,USA,Individual,2023-07-14,Online,1
C103795,Richard,Brown,APAC,India,Individual,2026-07-08,Online,1
C103796,Amara,Lee,Europe,Spain,Individual,2023-03-23,Online,1
C103797,Wei,Martin,North America,USA,Small Business,2021-04-17,Online,1
C103798,Jessica,Garcia,North America,Canada,Small Business,2025-04-21,B2B Direct,0
C103799,Charles,Lewis,Europe,Spain,Individual,2022-10-21,In-Store,0
C103800,Linda,Williams,North America,Canada,Small Business,2024-07-09,Online,1
C103801,Barbara,Taylor,Latin America,Chile,Individual,2026-04-29,Online,1
C103802,Mary,Harris,Middle East,Saudi Arabia,Small Business,2024-03-28,B2B Direct,0
C103803,John,Lee,Latin America,Chile,Individual,2021-09-22,Marketplace,0
C103804,Susan,Johnson,North America,Canada,Small Business,2025-01-31,Online,1
C103805,Jessica,Hernandez,Latin America,Argentina,Individual,2024-05-10,Online,1
C103806,Noah,Taylor,Europe,Spain,Individual,2026-05-11,Online,1
C103807,Elizabeth,Walker,North America,USA,Individual,2021-06-04,In-Store,1
C103808,Linda,Jackson,North America,Mexico,Individual,2023-11-03,Marketplace,1
C103809,Yuki,Lewis,North America,USA,Individual,2024-08-13,Online,1
C103810,Priya,Gonzalez,APAC,South Korea,Individual,2023-06-15,Online,1
C103811,Elizabeth,Lee,Europe,Germany,Small Business,2026-02-01,Online,0
C103812,Liam,Jones,North America,USA,Individual,2025-03-02,In-Store,0
C103813,Ava,Ramirez,APAC,Singapore,Individual,2025-06-09,B2B Direct,1
C103814,Michael,Anderson,North America,USA,Individual,2023-09-20,Marketplace,1
C103815,Joseph,Clark,Europe,Spain,Enterprise,2025-12-21,In-Store,0
C103816,Richard,Brown,Europe,Netherlands,Small Business,2021-09-02,Marketplace,1
C103817,Layla,Williams,Middle East,Qatar,Small Business,2024-08-16,Online,0
C103818,Sofia,Lewis,Middle East,UAE,Individual,2024-10-17,Online,1
C103819,Mary,Hernandez,Europe,Netherlands,Individual,2024-10-09,Online,0
C103820,Lucas,Clark,Europe,France,Individual,2026-01-26,Online,0
C103821,William,Jones,Europe,Italy,Individual,2025-03-25,B2B Direct,1
C103822,Ananya,Thomas,Middle East,Qatar,Individual,2022-01-21,B2B Direct,1
C103823,Susan,Lee,North America,Mexico,Individual,2023-01-29,Online,1
C103824,Yuki,Harris,North America,USA,Individual,2024-08-28,Online,1
C103825,Fatima,Robinson,North America,Mexico,Individual,2022-02-18,Online,0
C103826,James,Williams,Europe,Italy,Individual,2024-07-25,In-Store,1
C103827,Jennifer,Miller,Europe,Spain,Small Business,2025-11-09,Online,1
C103828,Liam,Williams,Middle East,Saudi Arabia,Individual,2022-12-16,Online,0
C103829,Sarah,Davis,North America,USA,Small Business,2023-01-29,Marketplace,1
C103830,Mia,Lee,Europe,Netherlands,Individual,2023-01-17,B2B Direct,1
C103831,John,Moore,Middle East,Qatar,Individual,2022-08-16,Online,1
C103832,James,Martinez,Middle East,UAE,Individual,2024-10-11,Online,1
C103833,Diego,Martin,Europe,UK,Small Business,2025-03-29,Online,1
C103834,James,Lewis,Europe,France,Individual,2023-04-19,In-Store,0
C103835,Susan,Robinson,North America,Canada,Small Business,2021-01-16,Online,1
C103836,Chen,Young,Latin America,Brazil,Individual,2023-09-20,Online,1
C103837,Elena,Garcia,North America,Canada,Individual,2023-12-05,Marketplace,1
C103838,Fatima,Jackson,Latin America,Argentina,Individual,2024-09-06,Online,0
C103839,Elena,Walker,APAC,Australia,Individual,2022-10-13,Online,0
C103840,Michael,King,Europe,France,Small Business,2024-09-11,B2B Direct,1
C103841,Karen,Brown,North America,USA,Individual,2021-05-28,Marketplace,0
C103842,Karen,Hernandez,Europe,France,Individual,2021-12-21,In-Store,1
C103843,Elena,Garcia,Europe,France,Small Business,2024-06-13,Online,1
C103844,David,Lopez,North America,USA,Enterprise,2022-12-04,Marketplace,1
C103845,William,Walker,APAC,Singapore,Individual,2022-09-05,Online,1
C103846,Jennifer,Taylor,Latin America,Brazil,Small Business,2021-04-15,Online,0
C103847,Sarah,Brown,Europe,Netherlands,Individual,2025-02-06,Online,1
C103848,Amara,Anderson,APAC,India,Small Business,2025-11-21,B2B Direct,1
C103849,James,Lopez,North America,USA,Individual,2022-01-31,B2B Direct,0
C103850,Layla,Martinez,Europe,Germany,Individual,2025-01-09,In-Store,1
C103851,Robert,Garcia,North America,Mexico,Individual,2022-08-29,B2B Direct,0
C103852,Ethan,Perez,APAC,India,Individual,2024-05-28,Online,1
C103853,Mia,Walker,Latin America,Brazil,Individual,2026-07-04,Online,1
C103854,Jessica,Thomas,APAC,South Korea,Individual,2026-01-08,Online,1
C103855,Ethan,Davis,North America,Canada,Individual,2023-05-01,Online,1
C103856,Sofia,Williams,Europe,Italy,Enterprise,2026-06-12,Marketplace,1
C103857,Omar,Lewis,Europe,France,Individual,2022-03-18,Online,1
C103858,Liam,Williams,Europe,Germany,Individual,2025-07-27,Online,1
C103859,Ananya,Martinez,Middle East,Kuwait,Individual,2023-05-23,In-Store,1
C103860,Liam,Young,Middle East,Qatar,Small Business,2022-10-29,Online,1
C103861,Charles,Lee,APAC,India,Individual,2023-11-18,Online,0
C103862,David,Garcia,Europe,Italy,Individual,2023-03-05,Online,0
C103863,Priya,Young,North America,Mexico,Individual,2022-04-20,In-Store,1
C103864,Elena,Ramirez,North America,Canada,Individual,2022-09-20,B2B Direct,1
C103865,Joseph,Brown,Europe,Germany,Individual,2024-08-21,Marketplace,1
C103866,Hiroshi,Robinson,Europe,UK,Individual,2025-11-05,Online,0
C103867,Amara,Taylor,APAC,India,Individual,2024-11-29,In-Store,1
C103868,David,Ramirez,APAC,Singapore,Individual,2025-03-17,Online,1
C103869,Mia,Martinez,North America,Canada,Individual,2022-05-17,Online,1
C103870,Thomas,Smith,Europe,Italy,Individual,2021-12-14,In-Store,0
C103871,Susan,Walker,North America,Mexico,Individual,2024-06-17,In-Store,1
C103872,Ava,Young,North America,Canada,Enterprise,2023-10-15,Online,1
C103873,Lucas,Martin,Middle East,Kuwait,Small Business,2022-07-24,Online,1
C103874,Jennifer,Lewis,North America,Canada,Individual,2026-02-14,Online,0
C103875,Ethan,Harris,Europe,Italy,Individual,2022-11-26,Online,1
C103876,Hiroshi,Smith,North America,Mexico,Individual,2024-09-22,Online,1
C103877,Jennifer,Anderson,Middle East,Qatar,Individual,2021-01-26,Marketplace,1
C103878,Hiroshi,Thompson,Europe,France,Individual,2026-06-27,Online,0
C103879,Noah,Lewis,North America,Canada,Individual,2024-12-03,Online,1
C103880,Noah,Gonzalez,Europe,UK,Small Business,2024-01-06,Online,0
C103881,Barbara,Johnson,APAC,South Korea,Small Business,2026-05-07,Marketplace,1
C103882,David,Jones,Latin America,Chile,Individual,2021-08-05,In-Store,0
C103883,John,Perez,North America,USA,Individual,2024-09-13,Online,1
C103884,Thomas,Anderson,Middle East,Saudi Arabia,Enterprise,2023-04-17,Online,1
C103885,Chen,Gonzalez,Latin America,Argentina,Enterprise,2023-02-13,Marketplace,1
C103886,Wei,Robinson,Latin America,Brazil,Enterprise,2023-11-13,Online,1
C103887,Jennifer,Harris,APAC,India,Individual,2025-11-15,Online,1
C103888,Hiroshi,Lee,APAC,India,Individual,2022-11-01,Online,1
C103889,Charles,Taylor,Europe,Netherlands,Individual,2022-12-19,B2B Direct,0
C103890,Thomas,Sanchez,APAC,Singapore,Individual,2021-11-06,Online,1
C103891,Elizabeth,Johnson,Europe,Italy,Individual,2022-08-22,Online,1
C103892,Joseph,Brown,APAC,India,Individual,2021-09-24,In-Store,1
C103893,Ava,Hernandez,Europe,Netherlands,Small Business,2024-12-09,In-Store,1
C103894,Ethan,Gonzalez,APAC,Singapore,Small Business,2022-10-08,Online,1
C103895,Ananya,Jones,Middle East,Qatar,Individual,2024-07-14,B2B Direct,0
C103896,Lucas,Hernandez,North America,USA,Small Business,2024-09-18,Online,1
C103897,Robert,Clark,Middle East,Qatar,Individual,2023-10-20,B2B Direct,1
C103898,Diego,Williams,Europe,Spain,Small Business,2025-12-09,Marketplace,0
C103899,Joseph,Ramirez,Middle East,Kuwait,Individual,2026-07-31,B2B Direct,1
C103900,Priya,Wilson,Europe,Italy,Individual,2022-03-26,Online,0
C103901,Elena,Lewis,Europe,France,Individual,2022-07-19,Online,1
C103902,Jessica,Taylor,Latin America,Brazil,Individual,2025-06-23,Online,0
C103903,Chen,Wilson,North America,USA,Individual,2024-06-24,Online,1
C103904,Lucas,Walker,Middle East,Qatar,Individual,2023-11-26,Online,1
C103905,Mia,Jones,Europe,Italy,Enterprise,2024-11-25,Online,1
C103906,David,Moore,Europe,Spain,Individual,2021-01-28,Online,0
C103907,David,Moore,North America,USA,Individual,2021-08-08,Online,1
C103908,Barbara,Anderson,Europe,France,Individual,2022-02-10,B2B Direct,0
C103909,Chen,Brown,North America,Mexico,Individual,2025-06-26,In-Store,1
C103910,Michael,Rodriguez,North America,USA,Individual,2025-12-04,Online,1
C103911,Sofia,Jackson,North America,USA,Small Business,2021-09-28,Marketplace,1
C103912,Liam,Harris,North America,Canada,Individual,2025-10-26,In-Store,1
C103913,Ethan,Martin,Latin America,Argentina,Individual,2025-08-02,Online,0
C103914,James,Wilson,Latin America,Brazil,Individual,2023-03-03,Online,1
C103915,Noah,Davis,Europe,Germany,Individual,2025-03-15,B2B Direct,1
C103916,Wei,Rodriguez,APAC,Japan,Individual,2023-08-21,In-Store,1
C103917,Diego,Lee,North America,Canada,Small Business,2024-08-02,Online,1
C103918,Karen,Gonzalez,APAC,South Korea,Individual,2025-01-17,Online,0
C103919,Linda,Sanchez,Middle East,Saudi Arabia,Individual,2025-11-21,Marketplace,0
C103920,Michael,Robinson,Latin America,Chile,Small Business,2023-04-14,Online,1
C103921,Mary,Martin,Europe,Spain,Individual,2021-11-13,Online,0
C103922,Diego,Miller,APAC,South Korea,Individual,2025-06-02,Online,1
C103923,Barbara,Martin,North America,USA,Enterprise,2024-08-13,Online,0
C103924,Liam,Thomas,Latin America,Argentina,Individual,2021-12-04,In-Store,0
C103925,Ethan,Johnson,North America,Canada,Individual,2024-08-23,Online,0
C103926,Priya,Martinez,APAC,Singapore,Small Business,2024-12-22,In-Store,1
C103927,Noah,Ramirez,APAC,South Korea,Small Business,2021-12-17,B2B Direct,1
C103928,Ethan,Martinez,APAC,Singapore,Individual,2022-05-26,Marketplace,0
C103929,William,Gonzalez,North America,Mexico,Individual,2022-06-09,Online,1
C103930,Karen,Perez,Latin America,Chile,Small Business,2026-02-25,Online,1
C103931,Diego,Thomas,North America,Canada,Individual,2022-05-07,In-Store,1
C103932,Hiroshi,Davis,APAC,Japan,Individual,2026-04-16,Online,0
C103933,Omar,Martin,North America,USA,Individual,2025-06-06,B2B Direct,1
C103934,Fatima,Martinez,North America,USA,Individual,2021-01-09,B2B Direct,1
C103935,Carlos,Lewis,Europe,France,Small Business,2025-03-01,B2B Direct,1
C103936,Mary,Robinson,Europe,Netherlands,Small Business,2025-10-15,In-Store,1
C103937,Hiroshi,White,North America,Canada,Enterprise,2025-05-03,In-Store,1
C103938,Joseph,Johnson,North America,USA,Small Business,2022-07-15,In-Store,1
C103939,Jennifer,Lee,Europe,Italy,Individual,2026-01-19,Online,1
C103940,Jessica,Young,APAC,India,Individual,2022-03-16,Marketplace,1
C103941,William,Robinson,Middle East,UAE,Small Business,2025-04-25,Online,1
C103942,David,Wilson,North America,Mexico,Individual,2026-03-14,Marketplace,1
C103943,Robert,Jackson,Europe,Italy,Individual,2023-03-03,Marketplace,0
C103944,Michael,Robinson,North America,USA,Individual,2025-10-28,Online,0
C103945,Diego,Clark,North America,Canada,Small Business,2026-06-15,Online,0
C103946,Wei,Thomas,APAC,India,Individual,2024-02-06,Marketplace,0
C103947,Patricia,Harris,APAC,Australia,Individual,2024-06-22,B2B Direct,1
C103948,John,Harris,North America,USA,Individual,2024-07-02,Marketplace,0
C103949,Wei,White,North America,USA,Individual,2021-02-02,B2B Direct,0
C103950,Patricia,Williams,North America,Canada,Individual,2023-11-13,B2B Direct,0
C103951,Lucas,White,Middle East,Qatar,Small Business,2023-04-25,B2B Direct,1
C103952,Patricia,Hernandez,Latin America,Argentina,Individual,2022-07-20,Online,1
C103953,Joseph,Young,North America,USA,Individual,2026-01-19,Online,1
C103954,Jessica,Thompson,North America,Mexico,Individual,2021-02-18,In-Store,1
C103955,Karen,Lopez,Middle East,UAE,Individual,2022-04-07,Online,0
C103956,Elizabeth,Lee,Latin America,Chile,Enterprise,2022-08-13,In-Store,1
C103957,Layla,Lee,Europe,Italy,Small Business,2021-12-02,In-Store,1
C103958,Elena,Sanchez,North America,Mexico,Enterprise,2026-05-23,Marketplace,0
C103959,Ethan,Rodriguez,North America,USA,Individual,2024-10-13,Online,0
C103960,James,Moore,Europe,Germany,Individual,2024-02-20,In-Store,0
C103961,Yuki,Robinson,Europe,Spain,Individual,2025-01-07,B2B Direct,1
C103962,Mia,Williams,North America,USA,Individual,2021-12-25,Online,1
C103963,Sarah,Johnson,Europe,Italy,Small Business,2025-06-14,In-Store,0
C103964,Yuki,Williams,North America,Mexico,Individual,2021-12-12,Marketplace,1
C103965,Joseph,Anderson,APAC,South Korea,Enterprise,2021-07-12,Online,1
C103966,Patricia,Williams,North America,USA,Individual,2024-12-10,Online,1
C103967,Sofia,Taylor,North America,Mexico,Individual,2024-11-01,In-Store,0
C103968,Patricia,Williams,Europe,Netherlands,Individual,2025-01-26,Online,0
C103969,Karen,Miller,Europe,Italy,Individual,2023-01-26,Online,1
C103970,Barbara,Walker,Latin America,Brazil,Individual,2025-08-12,B2B Direct,1
C103971,Diego,Martinez,Europe,Germany,Individual,2024-03-15,Online,1
C103972,Wei,Ramirez,North America,Canada,Individual,2022-04-23,B2B Direct,1
C103973,Liam,Martin,APAC,India,Individual,2023-04-08,Online,0
C103974,Noah,Smith,North America,Canada,Individual,2023-06-09,Online,1
C103975,Priya,Gonzalez,Latin America,Brazil,Individual,2022-10-15,In-Store,1
C103976,Yuki,Davis,Europe,France,Individual,2022-02-12,Online,0
C103977,Ava,White,Europe,Italy,Individual,2021-10-13,Online,1
C103978,Barbara,Perez,North America,Canada,Individual,2026-04-06,Marketplace,0
C103979,Barbara,Clark,Europe,UK,Individual,2023-05-01,Marketplace,1
C103980,Ananya,King,Middle East,Qatar,Individual,2021-04-21,Online,1
C103981,Layla,Sanchez,Middle East,Kuwait,Individual,2022-09-12,Online,1
C103982,Michael,Williams,North America,Mexico,Individual,2026-03-18,In-Store,1
C103983,Charles,Robinson,North America,USA,Individual,2023-03-04,In-Store,1
C103984,Carlos,Martinez,Middle East,Kuwait,Individual,2021-02-19,Online,1
C103985,Karen,Garcia,Latin America,Brazil,Small Business,2023-11-04,In-Store,1
C103986,John,Taylor,North America,Mexico,Individual,2024-03-03,Online,1
C103987,Diego,Miller,Europe,Netherlands,Individual,2022-08-11,Online,1
C103988,Michael,Wilson,North America,Mexico,Small Business,2022-08-19,Online,0
C103989,Karen,Garcia,Middle East,UAE,Individual,2024-09-28,Online,0
C103990,Thomas,King,North America,Canada,Individual,2022-11-01,Online,1
C103991,Noah,Moore,North America,Canada,Individual,2024-08-02,Marketplace,1
C103992,Michael,Garcia,APAC,India,Individual,2026-05-12,Online,1
C103993,William,Moore,North America,USA,Small Business,2021-11-10,In-Store,1
C103994,Sarah,Robinson,Europe,Italy,Individual,2022-08-29,In-Store,0
C103995,Diego,Brown,Europe,Italy,Individual,2021-10-24,Marketplace,0
C103996,Karen,Harris,North America,USA,Individual,2025-06-18,Online,1
C103997,Mary,Williams,Europe,France,Individual,2022-07-23,B2B Direct,1
C103998,Michael,Jones,Europe,France,Individual,2026-08-04,Online,1
C103999,Priya,Jones,North America,Mexico,Individual,2024-04-02,In-Store,0
C104000,Joseph,Martinez,Europe,Spain,Small Business,2023-04-12,In-Store,0
C104001,Charles,Martin,Middle East,Saudi Arabia,Small Business,2025-03-01,In-Store,1
C104002,Noah,Gonzalez,APAC,Singapore,Individual,2022-09-02,Marketplace,0
C104003,Mary,Smith,North America,USA,Enterprise,2021-01-16,Online,1
C104004,Chen,Robinson,North America,Canada,Individual,2024-09-29,In-Store,1
C104005,Mary,Davis,North America,Mexico,Individual,2024-01-07,In-Store,1
C104006,William,Rodriguez,Europe,UK,Small Business,2024-10-01,Online,0
C104007,Jennifer,King,Europe,France,Individual,2021-03-13,Online,0
C104008,Fatima,Garcia,APAC,Singapore,Individual,2021-09-27,Online,1
C104009,Elizabeth,Taylor,North America,USA,Individual,2021-10-14,In-Store,0
C104010,Layla,Thompson,North America,Canada,Individual,2021-03-07,Online,1
C104011,Charles,Johnson,Europe,Germany,Small Business,2023-05-30,Marketplace,1
C104012,William,Moore,APAC,South Korea,Individual,2021-03-09,Online,0
C104013,Carlos,Ramirez,North America,Canada,Individual,2024-05-01,In-Store,1
C104014,Chen,Wilson,APAC,Australia,Individual,2023-12-15,Online,1
C104015,Barbara,Perez,North America,USA,Small Business,2023-09-07,Online,1
C104016,Chen,Smith,Middle East,Saudi Arabia,Individual,2024-11-03,Online,1
C104017,John,Davis,Middle East,Saudi Arabia,Individual,2023-09-01,Marketplace,1
C104018,Charles,Clark,North America,Mexico,Individual,2024-04-06,Online,1
C104019,Linda,Martinez,North America,Mexico,Individual,2024-12-03,Online,1
C104020,Mia,King,Europe,Germany,Individual,2022-05-23,Marketplace,0
C104021,Chen,Davis,North America,USA,Individual,2025-04-10,Online,1
C104022,John,Robinson,APAC,Singapore,Individual,2025-07-25,Online,0
C104023,Linda,Martin,Middle East,Saudi Arabia,Individual,2023-04-17,Marketplace,0
C104024,Carlos,Smith,APAC,South Korea,Individual,2024-01-31,Online,1
C104025,Karen,Miller,Middle East,UAE,Individual,2023-06-05,Online,1
C104026,Sofia,Hernandez,Europe,Spain,Individual,2023-03-05,In-Store,0
C104027,Jennifer,Miller,North America,USA,Individual,2026-01-06,B2B Direct,1
C104028,John,Martin,APAC,Australia,Individual,2026-01-04,Online,1
C104029,Elizabeth,King,Europe,Italy,Individual,2022-02-26,Online,1
C104030,Chen,Thompson,APAC,India,Small Business,2026-06-11,B2B Direct,1
C104031,Barbara,White,North America,USA,Individual,2023-02-14,In-Store,1
C104032,Joseph,Rodriguez,North America,USA,Individual,2022-04-23,Online,1
C104033,Robert,Thompson,Latin America,Argentina,Enterprise,2023-07-15,Online,1
C104034,Fatima,Taylor,North America,Mexico,Individual,2021-04-30,In-Store,0
C104035,Liam,Garcia,Latin America,Chile,Individual,2026-04-23,Online,1
C104036,Michael,Williams,Latin America,Argentina,Small Business,2025-11-02,In-Store,0
C104037,James,Davis,APAC,Australia,Individual,2024-08-07,In-Store,1
C104038,Linda,Rodriguez,APAC,Australia,Individual,2022-05-03,In-Store,1
C104039,Priya,Anderson,Europe,France,Individual,2024-03-30,Online,1
C104040,Wei,Robinson,Middle East,Saudi Arabia,Individual,2025-08-24,Online,1
C104041,Elena,Brown,North America,Canada,Small Business,2021-03-19,B2B Direct,1
C104042,Ava,Lewis,Europe,Spain,Individual,2023-11-28,Online,0
C104043,William,King,APAC,Singapore,Individual,2024-11-18,Online,1
C104044,Ananya,Garcia,Europe,Germany,Enterprise,2022-03-17,B2B Direct,1
C104045,Joseph,Lewis,Europe,Italy,Small Business,2025-04-13,Online,0
C104046,Chen,Jackson,North America,USA,Individual,2022-04-07,Marketplace,1
C104047,Ethan,Clark,Europe,Netherlands,Individual,2022-09-04,Marketplace,1
C104048,Fatima,Hernandez,Middle East,Saudi Arabia,Individual,2024-08-10,Online,0
C104049,Priya,Rodriguez,North America,Canada,Small Business,2024-11-24,In-Store,0
C104050,Charles,Thomas,Latin America,Argentina,Individual,2025-07-18,Online,1
C104051,Jessica,Moore,APAC,Japan,Individual,2023-07-06,Marketplace,1
C104052,Barbara,Gonzalez,Middle East,Qatar,Individual,2024-01-21,Marketplace,0
C104053,Fatima,Miller,Europe,Italy,Individual,2025-11-26,Online,1
C104054,Michael,Taylor,APAC,Singapore,Individual,2022-09-01,Online,1
C104055,Diego,Rodriguez,North America,Canada,Individual,2021-01-06,B2B Direct,1
C104056,Jessica,Young,Middle East,UAE,Individual,2022-11-12,B2B Direct,1
C104057,Hiroshi,Sanchez,North America,Canada,Individual,2023-06-14,B2B Direct,1
C104058,Ananya,Perez,Middle East,Kuwait,Individual,2021-09-28,In-Store,1
C104059,Patricia,Ramirez,Latin America,Brazil,Individual,2025-07-02,Online,0
C104060,Michael,Thomas,North America,USA,Individual,2026-04-07,Online,1
C104061,Priya,Harris,North America,Mexico,Small Business,2023-03-22,In-Store,0
C104062,Jennifer,Ramirez,APAC,Japan,Individual,2022-07-13,Online,0
C104063,Karen,Lewis,North America,Mexico,Individual,2021-04-09,Marketplace,0
C104064,Barbara,Smith,Middle East,Kuwait,Individual,2022-06-10,Marketplace,1
C104065,Susan,Walker,North America,Canada,Individual,2021-07-13,Marketplace,1
C104066,Noah,Robinson,North America,USA,Individual,2024-03-26,Online,1
C104067,Thomas,Harris,Latin America,Argentina,Individual,2026-04-08,In-Store,1
C104068,Lucas,Moore,APAC,Singapore,Individual,2025-08-17,Online,0
C104069,Karen,Rodriguez,Middle East,Kuwait,Individual,2024-02-13,Online,0
C104070,Mary,Anderson,North America,Mexico,Individual,2022-01-31,Marketplace,0
C104071,Ananya,Lewis,APAC,Singapore,Individual,2023-02-09,Marketplace,1
C104072,Barbara,Jones,Europe,France,Small Business,2025-08-08,Online,1
C104073,Richard,Rodriguez,APAC,Australia,Individual,2026-01-01,B2B Direct,1
C104074,James,Martinez,APAC,Australia,Individual,2023-10-21,Online,1
C104075,Sarah,Harris,Europe,France,Individual,2025-03-26,In-Store,1
C104076,Susan,Martinez,Europe,Germany,Individual,2023-05-30,Marketplace,1
C104077,Elena,Martin,North America,Canada,Small Business,2024-05-22,In-Store,1
C104078,Carlos,Rodriguez,APAC,Japan,Small Business,2023-01-15,Online,0
C104079,Barbara,Williams,North America,Mexico,Individual,2022-11-14,Online,1
C104080,Yuki,Hernandez,APAC,South Korea,Individual,2025-04-06,Online,1
C104081,Liam,Brown,North America,USA,Individual,2021-01-15,Online,1
C104082,Susan,Ramirez,APAC,Japan,Enterprise,2024-12-13,Online,0
C104083,Sarah,Hernandez,APAC,Singapore,Individual,2022-01-03,In-Store,0
C104084,Carlos,Young,North America,Mexico,Individual,2022-09-30,Marketplace,1
C104085,Omar,Moore,North America,Canada,Individual,2023-05-03,Online,1
C104086,Diego,Jackson,North America,USA,Individual,2026-02-20,Marketplace,1
C104087,Patricia,Thomas,APAC,Japan,Individual,2024-05-21,In-Store,1
C104088,Lucas,Williams,Middle East,Saudi Arabia,Individual,2022-12-01,In-Store,1
C104089,Amara,Gonzalez,North America,Mexico,Individual,2025-09-04,Online,1
C104090,Sarah,Robinson,APAC,Japan,Individual,2026-07-09,Online,0
C104091,Patricia,Wilson,North America,USA,Enterprise,2025-11-18,Marketplace,0
C104092,Layla,Garcia,Europe,UK,Small Business,2021-01-05,Online,0
C104093,Ethan,Young,Latin America,Brazil,Small Business,2021-08-19,Online,1
C104094,Mary,Young,North America,USA,Individual,2024-05-09,B2B Direct,1
C104095,Barbara,Lopez,Europe,UK,Small Business,2026-03-24,B2B Direct,1
C104096,Wei,Harris,North America,Canada,Individual,2024-11-26,Online,1
C104097,Omar,Harris,North America,USA,Individual,2024-03-18,In-Store,0
C104098,Susan,Davis,North America,USA,Individual,2025-05-27,In-Store,1
C104099,David,Garcia,North America,USA,Individual,2025-02-24,Online,1
C104100,Elizabeth,Brown,APAC,Australia,Individual,2023-10-09,Online,0
C104101,Michael,Sanchez,Europe,Germany,Enterprise,2024-06-03,In-Store,0
C104102,Karen,Walker,Europe,Spain,Individual,2022-08-09,Online,0
C104103,Joseph,Lee,North America,Canada,Individual,2026-01-17,Online,1
C104104,Noah,White,North America,USA,Individual,2021-06-18,Marketplace,1
C104105,Carlos,Martinez,APAC,Japan,Individual,2023-01-31,Online,1
C104106,Mary,Miller,Latin America,Brazil,Individual,2023-03-03,In-Store,1
C104107,Karen,Sanchez,North America,Canada,Individual,2023-09-27,Marketplace,1
C104108,Richard,Ramirez,Middle East,UAE,Small Business,2021-06-01,B2B Direct,1
C104109,Yuki,Johnson,Europe,Germany,Individual,2023-10-13,In-Store,1
C104110,Liam,Wilson,Europe,Italy,Individual,2021-08-12,In-Store,1
C104111,Robert,Miller,Europe,UK,Individual,2022-05-19,Marketplace,1
C104112,Barbara,Taylor,North America,Canada,Small Business,2025-10-27,Online,1
C104113,Layla,Anderson,North America,Canada,Small Business,2025-04-23,In-Store,1
C104114,Chen,Perez,APAC,Australia,Individual,2021-02-13,Online,1
C104115,William,Young,North America,Mexico,Individual,2022-11-28,In-Store,1
C104116,Thomas,Sanchez,Latin America,Brazil,Individual,2022-05-19,Marketplace,1
C104117,Lucas,Thompson,Europe,France,Small Business,2026-07-28,Online,0
C104118,Susan,Sanchez,North America,USA,Small Business,2026-06-02,Marketplace,1
C104119,Elena,White,APAC,India,Individual,2024-06-18,Online,1
C104120,John,Perez,North America,Mexico,Individual,2023-07-19,Online,1
C104121,Mary,Clark,Europe,Germany,Small Business,2023-04-23,Marketplace,1
C104122,Ava,Lee,APAC,Japan,Individual,2021-12-17,Online,0
C104123,Richard,Davis,Latin America,Argentina,Individual,2025-10-12,In-Store,0
C104124,Karen,Wilson,APAC,Singapore,Individual,2021-01-23,Online,0
C104125,William,Johnson,APAC,India,Individual,2025-07-18,Online,1
C104126,Susan,Miller,APAC,South Korea,Enterprise,2022-08-21,In-Store,1
C104127,Patricia,Clark,Latin America,Chile,Individual,2023-12-03,Online,1
C104128,Robert,Davis,North America,Mexico,Individual,2022-04-11,In-Store,1
C104129,William,Brown,North America,Canada,Individual,2021-02-09,B2B Direct,1
C104130,Yuki,Martinez,North America,Canada,Individual,2021-10-30,Marketplace,1
C104131,Fatima,Martinez,North America,USA,Individual,2025-09-01,Marketplace,0
C104132,Thomas,Thomas,APAC,India,Individual,2021-06-24,Online,1
C104133,Elena,Williams,APAC,South Korea,Individual,2023-09-26,In-Store,1
C104134,Susan,Thompson,Europe,Italy,Individual,2025-04-05,Marketplace,1
C104135,Sarah,Johnson,North America,Canada,Individual,2025-01-24,B2B Direct,0
C104136,Robert,Smith,APAC,Singapore,Individual,2022-09-13,Online,0
C104137,Sofia,Hernandez,North America,Mexico,Individual,2024-05-01,Marketplace,0
C104138,Ava,Martin,APAC,Japan,Enterprise,2021-09-01,Online,0
C104139,Charles,Lee,Europe,France,Individual,2023-04-16,Online,0
C104140,Fatima,Robinson,North America,USA,Small Business,2021-10-07,Online,1
C104141,Elena,Harris,North America,Mexico,Individual,2025-10-30,Marketplace,1
C104142,Carlos,Taylor,North America,Canada,Small Business,2023-11-26,Online,1
C104143,Thomas,Thompson,Middle East,Saudi Arabia,Small Business,2022-07-11,Online,0
C104144,Priya,Jackson,Latin America,Brazil,Individual,2023-06-17,Online,0
C104145,David,Lee,APAC,South Korea,Small Business,2025-04-13,Online,1
C104146,Hiroshi,Miller,North America,Canada,Enterprise,2024-03-23,Online,1
C104147,Susan,Garcia,Europe,UK,Individual,2023-11-13,B2B Direct,1
C104148,Wei,Johnson,APAC,Australia,Individual,2022-12-20,In-Store,1
C104149,Lucas,Williams,APAC,India,Individual,2023-07-21,Online,1
C104150,Susan,Hernandez,North America,Mexico,Small Business,2021-04-01,Online,1
C104151,Mia,Perez,North America,Mexico,Individual,2022-01-25,B2B Direct,1
C104152,Susan,Rodriguez,APAC,Singapore,Individual,2026-05-09,Marketplace,0
C104153,Chen,Martin,Europe,Netherlands,Individual,2024-10-14,In-Store,1
C104154,Lucas,Johnson,North America,Canada,Individual,2022-07-04,Online,1
C104155,Layla,Thomas,North America,USA,Individual,2023-07-20,Marketplace,1
C104156,Wei,Sanchez,Europe,Italy,Individual,2024-06-05,In-Store,0
C104157,Lucas,Thompson,Middle East,Kuwait,Individual,2024-05-10,In-Store,1
C104158,Mia,Wilson,Latin America,Brazil,Individual,2024-10-05,In-Store,1
C104159,Sofia,Lee,Europe,France,Individual,2026-01-19,Online,1
C104160,Chen,Thompson,Europe,France,Individual,2026-07-18,B2B Direct,1
C104161,Mia,Lopez,North America,USA,Individual,2025-11-25,B2B Direct,1
C104162,Robert,Brown,Europe,Spain,Individual,2023-11-28,Online,1
C104163,Wei,Taylor,Europe,Germany,Individual,2023-01-03,B2B Direct,0
C104164,Ethan,Walker,APAC,Australia,Individual,2022-05-15,Marketplace,1
C104165,Ava,Ramirez,Europe,UK,Individual,2025-09-19,B2B Direct,0
C104166,Fatima,Wilson,North America,Mexico,Individual,2023-12-03,B2B Direct,1
C104167,Jennifer,Walker,North America,Mexico,Individual,2023-05-21,Online,0
C104168,Susan,King,North America,USA,Enterprise,2025-07-08,Online,1
C104169,Wei,Rodriguez,North America,Mexico,Individual,2025-12-01,Online,0
C104170,Liam,Perez,North America,Canada,Small Business,2022-06-01,Online,0
C104171,Karen,Robinson,Latin America,Argentina,Small Business,2021-03-09,Online,1
C104172,Fatima,Rodriguez,Europe,Germany,Individual,2025-10-30,Online,1
C104173,Richard,Rodriguez,Europe,Spain,Individual,2021-05-03,Online,0
C104174,David,Lopez,Middle East,Saudi Arabia,Individual,2025-09-05,Online,1
C104175,Jennifer,Ramirez,Latin America,Argentina,Individual,2021-12-02,Online,1
C104176,Chen,Thomas,Europe,Germany,Individual,2024-03-22,Online,1
C104177,Michael,Garcia,Middle East,Qatar,Small Business,2023-09-01,Online,0
C104178,Charles,Rodriguez,North America,Mexico,Individual,2023-02-18,Marketplace,0
C104179,Elena,Walker,North America,USA,Small Business,2025-08-20,B2B Direct,0
C104180,Sofia,Miller,Europe,Germany,Individual,2024-03-31,Online,1
C104181,Amara,Young,APAC,Japan,Small Business,2024-05-22,In-Store,0
C104182,Layla,White,APAC,South Korea,Individual,2026-04-18,Marketplace,1
C104183,Wei,Robinson,North America,Mexico,Individual,2024-10-31,In-Store,0
C104184,Robert,Sanchez,North America,USA,Individual,2026-04-28,Marketplace,0
C104185,Richard,King,APAC,South Korea,Individual,2025-01-06,B2B Direct,0
C104186,Lucas,Sanchez,North America,Mexico,Individual,2022-02-27,Online,1
C104187,Richard,Jackson,Europe,Spain,Enterprise,2025-04-11,Online,1
C104188,Lucas,Smith,APAC,Australia,Individual,2023-07-28,In-Store,1
C104189,Lucas,Martin,APAC,Japan,Small Business,2023-03-15,In-Store,1
C104190,Richard,Lopez,APAC,Australia,Individual,2026-05-13,Online,1
C104191,Barbara,Perez,Middle East,Saudi Arabia,Small Business,2025-09-21,B2B Direct,0
C104192,John,Miller,Europe,France,Individual,2026-04-20,Marketplace,0
C104193,Richard,Perez,APAC,Japan,Individual,2022-09-26,Online,1
C104194,Barbara,Clark,APAC,India,Small Business,2024-06-07,Marketplace,1
C104195,Elizabeth,Wilson,North America,Mexico,Individual,2023-12-19,Marketplace,1
C104196,Joseph,Gonzalez,North America,USA,Individual,2021-04-06,Online,1
C104197,Mary,Martin,North America,Mexico,Individual,2024-07-09,Online,1
C104198,Ethan,Davis,Europe,Spain,Individual,2021-12-20,Marketplace,0
C104199,Jessica,Moore,APAC,Japan,Individual,2024-08-28,Online,0
C104200,Layla,Brown,Middle East,Kuwait,Individual,2024-03-05,Online,0
C104201,Noah,Thompson,North America,USA,Individual,2026-03-01,Online,1
C104202,Yuki,Thompson,North America,Mexico,Individual,2025-12-24,B2B Direct,1
C104203,Omar,Brown,Latin America,Brazil,Individual,2023-08-25,Online,1
C104204,Lucas,Johnson,North America,Mexico,Individual,2023-07-12,Online,1
C104205,Susan,Perez,Europe,Spain,Individual,2022-04-18,In-Store,1
C104206,Joseph,Smith,Europe,UK,Small Business,2025-07-14,Online,0
C104207,Sofia,Martinez,Europe,Germany,Small Business,2022-03-06,Online,1
C104208,Ethan,Walker,North America,Mexico,Individual,2026-05-15,Online,1
C104209,Elena,Wilson,North America,USA,Small Business,2023-09-02,In-Store,0
C104210,Noah,Jackson,North America,Mexico,Individual,2022-06-21,Online,1
C104211,David,Lewis,Europe,France,Individual,2026-02-21,Online,0
C104212,Michael,Robinson,Europe,UK,Individual,2024-03-15,Marketplace,1
C104213,Ethan,Hernandez,North America,USA,Individual,2025-03-28,Online,1
C104214,James,Robinson,APAC,Japan,Individual,2021-03-28,Marketplace,1
C104215,Fatima,Perez,Middle East,Saudi Arabia,Individual,2026-05-25,Marketplace,1
C104216,Susan,Johnson,North America,Mexico,Individual,2021-04-19,Marketplace,0
C104217,Yuki,Harris,Europe,UK,Individual,2024-12-17,Online,1
C104218,Linda,Davis,APAC,South Korea,Individual,2024-09-30,Online,1
C104219,Lucas,Young,North America,Mexico,Individual,2024-07-13,In-Store,0
C104220,Jennifer,Miller,North America,Canada,Individual,2025-10-24,Online,1
C104221,Joseph,Perez,APAC,Australia,Individual,2025-05-29,In-Store,0
C104222,Karen,Lewis,Middle East,Saudi Arabia,Individual,2023-09-21,Online,1
C104223,Thomas,Johnson,Middle East,Saudi Arabia,Individual,2025-02-26,Online,0
C104224,Hiroshi,Anderson,Europe,Italy,Individual,2024-09-18,Marketplace,1
C104225,Jennifer,Martin,APAC,Australia,Enterprise,2023-04-02,In-Store,1
C104226,Ava,Sanchez,Europe,Germany,Enterprise,2024-12-07,In-Store,1
C104227,Chen,Hernandez,APAC,Australia,Individual,2025-06-26,Online,1
C104228,Elizabeth,Thompson,Europe,Germany,Individual,2023-07-26,In-Store,1
C104229,David,Brown,North America,Canada,Individual,2023-10-02,Online,0
C104230,Mia,Brown,APAC,Australia,Enterprise,2022-10-11,B2B Direct,1
C104231,Noah,Smith,Europe,Netherlands,Individual,2021-07-10,Online,1
C104232,Richard,Thompson,Europe,Netherlands,Individual,2026-06-20,Marketplace,1
C104233,William,White,Latin America,Brazil,Individual,2023-07-22,B2B Direct,1
C104234,William,Clark,North America,Mexico,Individual,2021-05-22,Online,1
C104235,Diego,Miller,North America,Mexico,Individual,2026-03-08,Online,1
C104236,Chen,Brown,North America,USA,Individual,2024-01-02,Marketplace,1
C104237,Fatima,Johnson,APAC,Singapore,Individual,2023-04-20,Marketplace,0
C104238,Joseph,Thompson,APAC,South Korea,Individual,2024-04-05,Online,1
C104239,William,Perez,North America,Canada,Individual,2021-06-17,Marketplace,1
C104240,Richard,Martinez,APAC,India,Individual,2022-07-20,Marketplace,1
C104241,Chen,Clark,Europe,Netherlands,Individual,2024-07-06,Online,1
C104242,Michael,White,APAC,India,Small Business,2025-01-02,B2B Direct,1
C104243,Elena,Miller,Europe,Netherlands,Individual,2026-08-02,In-Store,1
C104244,Wei,Lee,Europe,France,Individual,2024-02-09,Online,0
C104245,Ethan,Davis,Latin America,Argentina,Individual,2023-01-14,Online,1
C104246,Susan,Jones,North America,USA,Individual,2022-11-04,B2B Direct,0
C104247,Jennifer,Thomas,North America,Mexico,Individual,2023-05-14,Online,1
C104248,Elena,Moore,Europe,France,Individual,2023-04-19,Online,0
C104249,Robert,Thompson,Latin America,Argentina,Individual,2022-06-15,In-Store,0
C104250,Thomas,Lee,Europe,Italy,Individual,2024-08-06,Online,1
C104251,Karen,Perez,North America,Mexico,Individual,2023-09-01,In-Store,0
C104252,Michael,Gonzalez,North America,Canada,Individual,2022-07-16,Online,0
C104253,Thomas,Hernandez,Europe,UK,Individual,2025-03-14,Online,1
C104254,Omar,Garcia,North America,Mexico,Individual,2021-06-24,In-Store,1
C104255,Priya,Rodriguez,APAC,South Korea,Individual,2021-10-29,In-Store,1
C104256,Richard,Martin,Latin America,Brazil,Individual,2025-09-16,In-Store,1
C104257,Lucas,White,Europe,Netherlands,Individual,2021-07-04,In-Store,1
C104258,John,Lopez,Europe,UK,Individual,2024-09-24,Online,0
C104259,James,Harris,Europe,Germany,Individual,2022-05-25,Online,1
C104260,Thomas,Clark,North America,Mexico,Small Business,2023-03-30,Online,1
C104261,Mia,Smith,Middle East,Saudi Arabia,Small Business,2024-08-26,Online,1
C104262,Jessica,Lopez,Europe,Spain,Individual,2025-03-11,Marketplace,1
C104263,Sarah,Smith,Europe,France,Individual,2024-10-01,In-Store,1
C104264,Chen,Gonzalez,APAC,Singapore,Individual,2024-01-10,Online,1
C104265,Robert,Garcia,Europe,Italy,Individual,2024-10-29,Online,1
C104266,Sarah,Lewis,APAC,Japan,Small Business,2021-06-05,Marketplace,1
C104267,Diego,Brown,North America,Canada,Individual,2023-02-26,B2B Direct,1
C104268,Hiroshi,Thompson,Middle East,Qatar,Small Business,2023-03-06,Marketplace,0
C104269,Susan,Davis,Latin America,Chile,Individual,2022-03-08,In-Store,0
C104270,Thomas,Johnson,APAC,South Korea,Individual,2025-03-04,Marketplace,0
C104271,Charles,Brown,Latin America,Brazil,Small Business,2023-01-31,In-Store,0
C104272,Linda,Thompson,North America,Mexico,Individual,2021-05-27,In-Store,1
C104273,Patricia,Lee,Europe,France,Small Business,2022-04-26,Marketplace,1
C104274,Carlos,Sanchez,APAC,Japan,Individual,2022-03-11,Online,1
C104275,Amara,Robinson,Europe,UK,Individual,2025-03-23,Marketplace,1
C104276,William,King,Europe,Italy,Individual,2025-08-20,Online,1
C104277,Barbara,Perez,North America,USA,Individual,2026-08-01,Online,1
C104278,Susan,Lopez,North America,Canada,Individual,2025-09-03,Marketplace,1
C104279,Michael,Garcia,Europe,Spain,Individual,2021-03-10,In-Store,0
C104280,Robert,Martin,North America,Canada,Individual,2025-06-18,Online,1
C104281,Hiroshi,Miller,APAC,Japan,Individual,2026-03-20,In-Store,0
C104282,William,Robinson,North America,Canada,Individual,2023-05-25,B2B Direct,1
C104283,Mary,Davis,North America,Mexico,Individual,2026-03-27,Marketplace,1
C104284,Thomas,Taylor,Europe,Germany,Small Business,2021-07-05,In-Store,0
C104285,Fatima,Ramirez,Europe,UK,Individual,2023-06-23,In-Store,1
C104286,Layla,Young,Middle East,Qatar,Individual,2022-11-13,In-Store,0
C104287,Wei,Rodriguez,Europe,France,Enterprise,2021-07-23,Marketplace,1
C104288,Susan,Brown,North America,Mexico,Small Business,2022-07-08,Marketplace,1
C104289,Karen,Williams,Middle East,Kuwait,Individual,2021-01-13,Online,1
C104290,Thomas,Miller,Europe,France,Small Business,2022-10-28,In-Store,1
C104291,Linda,Martinez,North America,USA,Individual,2024-07-21,Online,0
C104292,Michael,King,Europe,UK,Individual,2024-08-14,In-Store,0
C104293,Mia,Wilson,Latin America,Chile,Individual,2021-02-20,Online,1
C104294,Liam,Moore,Europe,Netherlands,Individual,2022-05-15,Marketplace,1
C104295,Patricia,King,North America,USA,Small Business,2022-01-04,In-Store,1
C104296,Diego,Sanchez,North America,Canada,Individual,2022-12-25,Marketplace,0
C104297,Ananya,Taylor,North America,Canada,Enterprise,2025-08-07,B2B Direct,0
C104298,Priya,Ramirez,Europe,Spain,Individual,2021-12-23,B2B Direct,0
C104299,Robert,Johnson,Europe,Germany,Individual,2023-10-24,Online,1
C104300,Elena,Young,North America,Canada,Individual,2024-07-01,Online,1
C104301,Jessica,Clark,Latin America,Argentina,Enterprise,2025-02-07,Online,1
C104302,Richard,Walker,APAC,Japan,Individual,2023-04-27,Marketplace,0
C104303,Michael,Brown,Europe,France,Small Business,2025-03-10,Online,0
C104304,William,Young,Middle East,UAE,Enterprise,2021-09-13,B2B Direct,0
C104305,Noah,Hernandez,North America,USA,Individual,2025-06-22,Online,1
C104306,William,Thompson,Europe,Spain,Individual,2025-09-05,In-Store,1
C104307,Hiroshi,Thompson,APAC,Singapore,Small Business,2024-03-19,B2B Direct,1
C104308,Layla,Taylor,Middle East,Saudi Arabia,Enterprise,2025-02-20,Marketplace,1
C104309,Amara,Martin,APAC,South Korea,Individual,2021-10-06,Online,0
C104310,Elena,Young,North America,Canada,Individual,2023-12-19,Online,0
C104311,Priya,Jones,Latin America,Chile,Individual,2022-03-22,Marketplace,1
C104312,Ava,Anderson,North America,Mexico,Individual,2021-04-23,In-Store,1
C104313,Ava,Young,Middle East,Saudi Arabia,Individual,2023-04-16,In-Store,0
C104314,Mary,Sanchez,Latin America,Argentina,Individual,2023-01-25,Online,1
C104315,Linda,Anderson,North America,Mexico,Individual,2026-01-20,Online,0
C104316,Barbara,Rodriguez,APAC,South Korea,Individual,2025-05-12,Online,1
C104317,Karen,Jones,North America,Canada,Individual,2025-02-21,Online,1
C104318,Lucas,King,Europe,Germany,Individual,2024-12-01,Online,0
C104319,John,Lee,Europe,Germany,Individual,2022-01-02,Marketplace,1
C104320,Lucas,Williams,Europe,France,Individual,2023-12-20,Online,1
C104321,Richard,Robinson,Latin America,Chile,Individual,2021-11-25,Marketplace,0
C104322,James,Jones,APAC,Singapore,Individual,2022-12-29,B2B Direct,0
C104323,Layla,White,Europe,Spain,Individual,2025-02-01,Online,0
C104324,David,Thomas,Middle East,Kuwait,Individual,2025-11-04,Online,0
C104325,Ava,Garcia,Latin America,Argentina,Small Business,2023-10-03,Online,1
C104326,Noah,Sanchez,North America,Mexico,Individual,2025-05-10,Online,0
C104327,Linda,Smith,Latin America,Chile,Individual,2026-03-24,In-Store,1
C104328,Layla,Martin,North America,USA,Individual,2022-12-21,Online,0
C104329,Liam,Hernandez,Middle East,UAE,Individual,2023-12-23,In-Store,1
C104330,Barbara,Martin,North America,USA,Enterprise,2021-07-03,Online,1
C104331,Liam,Brown,North America,Mexico,Individual,2023-10-20,B2B Direct,0
C104332,Charles,Robinson,Europe,Italy,Individual,2021-11-07,Online,1
C104333,Ava,Perez,APAC,Australia,Individual,2025-12-22,Online,1
C104334,Ananya,Moore,Europe,France,Individual,2025-04-11,Online,1
C104335,Layla,Jones,North America,Canada,Individual,2021-06-26,Online,0
C104336,Patricia,Robinson,Europe,Germany,Individual,2025-05-18,Online,1
C104337,Patricia,Jones,Latin America,Chile,Individual,2024-12-23,Online,1
C104338,William,Wilson,Europe,France,Small Business,2024-01-02,Marketplace,1
C104339,Omar,Hernandez,North America,Mexico,Individual,2023-04-27,Online,1
C104340,John,Lee,Europe,Italy,Individual,2024-04-05,Online,1
C104341,Diego,Hernandez,North America,Mexico,Individual,2024-06-02,Marketplace,1
C104342,Mary,Young,Middle East,Qatar,Individual,2025-05-20,Online,1
C104343,Carlos,Lewis,Middle East,Kuwait,Individual,2025-05-24,Online,0
C104344,Jessica,Williams,Europe,France,Individual,2026-05-30,B2B Direct,1
C104345,Sarah,Gonzalez,Europe,Italy,Individual,2021-01-09,Online,1
C104346,Barbara,Garcia,APAC,India,Enterprise,2021-08-24,In-Store,1
C104347,Omar,Ramirez,Europe,Spain,Individual,2022-12-11,Marketplace,0
C104348,Barbara,Walker,Middle East,Saudi Arabia,Individual,2023-07-13,Online,1
C104349,Omar,Thompson,APAC,Singapore,Individual,2022-11-16,Online,0
C104350,Patricia,Garcia,APAC,Singapore,Individual,2023-03-05,Online,1
C104351,Priya,Perez,Europe,France,Individual,2023-11-18,Online,1
C104352,Fatima,Miller,Europe,Germany,Small Business,2023-03-19,B2B Direct,1
C104353,Ananya,Smith,Latin America,Chile,Small Business,2026-04-19,Online,0
C104354,Mia,Young,Europe,Germany,Individual,2025-07-28,In-Store,0
C104355,Noah,Perez,APAC,India,Individual,2021-01-27,Marketplace,1
C104356,William,Williams,North America,USA,Individual,2022-07-04,In-Store,0
C104357,Robert,Brown,APAC,South Korea,Individual,2024-05-04,In-Store,1
C104358,Jennifer,Taylor,Europe,UK,Individual,2024-05-11,Marketplace,1
C104359,Susan,Thompson,North America,Mexico,Individual,2021-03-26,In-Store,1
C104360,Jennifer,Lewis,North America,USA,Individual,2026-01-30,Marketplace,0
C104361,Richard,Johnson,APAC,Singapore,Individual,2023-11-20,Online,1
C104362,Amara,Garcia,APAC,South Korea,Small Business,2022-04-11,In-Store,1
C104363,Layla,White,Europe,Spain,Small Business,2024-01-28,Online,1
C104364,Thomas,Johnson,North America,Canada,Individual,2026-04-07,Marketplace,0
C104365,William,Lopez,APAC,India,Individual,2024-04-28,Marketplace,1
C104366,Mary,Jones,North America,Mexico,Small Business,2021-01-12,In-Store,0
C104367,Noah,Anderson,Europe,Spain,Individual,2025-06-15,Online,1
C104368,Elena,Gonzalez,North America,Mexico,Small Business,2023-10-10,Online,1
C104369,Jessica,Martinez,North America,Canada,Individual,2023-11-20,Online,1
C104370,Mia,Perez,North America,Mexico,Individual,2025-10-15,Online,1
C104371,Wei,Lewis,Europe,France,Individual,2023-11-28,Online,1
C104372,Sofia,Miller,North America,USA,Small Business,2026-02-20,In-Store,1
C104373,Michael,Perez,Europe,Spain,Individual,2022-07-26,Marketplace,0
C104374,Joseph,Brown,Europe,France,Individual,2024-08-10,In-Store,1
C104375,Patricia,Johnson,Europe,Germany,Individual,2024-10-15,In-Store,1
C104376,Carlos,Perez,Europe,UK,Small Business,2025-08-06,B2B Direct,0
C104377,Richard,White,Middle East,Saudi Arabia,Enterprise,2023-07-03,Online,1
C104378,Amara,Sanchez,North America,USA,Enterprise,2021-06-29,In-Store,1
C104379,Jessica,Perez,Europe,Germany,Enterprise,2023-03-08,Online,1
C104380,James,Jones,North America,Canada,Individual,2024-02-10,In-Store,0
C104381,Noah,Martinez,North America,USA,Individual,2025-11-01,In-Store,0
C104382,Noah,Jackson,Europe,Italy,Individual,2025-01-07,Marketplace,0
C104383,Jessica,Perez,Europe,Spain,Individual,2023-11-11,In-Store,1
C104384,Hiroshi,Clark,Middle East,Qatar,Small Business,2024-03-14,Online,1
C104385,Lucas,Johnson,Europe,Netherlands,Small Business,2026-07-18,Online,0
C104386,Layla,Lee,Latin America,Brazil,Individual,2025-03-03,In-Store,0
C104387,Joseph,Harris,North America,Mexico,Individual,2024-03-15,Marketplace,1
C104388,Thomas,Perez,North America,Mexico,Small Business,2022-03-17,Online,1
C104389,Thomas,Rodriguez,North America,Mexico,Individual,2023-06-06,Online,1
C104390,Sofia,Walker,North America,USA,Individual,2022-02-25,Marketplace,1
C104391,Amara,Smith,Europe,Italy,Individual,2024-09-01,B2B Direct,1
C104392,Barbara,Anderson,APAC,South Korea,Individual,2024-04-04,In-Store,1
C104393,Mia,Robinson,North America,Canada,Individual,2025-08-03,Online,1
C104394,Richard,Gonzalez,Latin America,Chile,Individual,2024-05-11,Online,0
C104395,Ananya,Wilson,Middle East,Qatar,Individual,2025-02-28,Marketplace,1
C104396,Ava,Harris,North America,Mexico,Enterprise,2025-11-15,In-Store,1
C104397,James,King,North America,Canada,Individual,2025-07-07,Online,1
C104398,Richard,Lee,North America,Canada,Individual,2022-04-13,Online,0
C104399,Carlos,Young,North America,USA,Enterprise,2022-12-14,Marketplace,0
C104400,Carlos,Thomas,North America,USA,Individual,2022-01-20,Online,1
C104401,Richard,Jones,Europe,Germany,Individual,2021-11-10,Online,1
C104402,Liam,Clark,North America,USA,Small Business,2023-02-10,B2B Direct,0
C104403,John,Sanchez,Europe,Germany,Individual,2024-07-02,B2B Direct,1
C104404,Susan,Jackson,Latin America,Brazil,Small Business,2023-08-17,Marketplace,1
C104405,Jessica,Perez,APAC,Australia,Individual,2023-07-06,Online,1
C104406,Jennifer,Martinez,Latin America,Argentina,Individual,2021-01-23,Online,1
C104407,Mary,Anderson,North America,Canada,Individual,2026-04-13,Online,1
C104408,Patricia,Robinson,Europe,France,Individual,2025-11-17,Online,1
C104409,Jessica,Wilson,Europe,Italy,Small Business,2021-12-05,Online,1
C104410,Liam,Thompson,North America,Canada,Individual,2025-02-25,Online,1
C104411,Ananya,Miller,North America,Mexico,Small Business,2023-04-03,In-Store,1
C104412,Thomas,Sanchez,APAC,Japan,Small Business,2025-03-15,In-Store,1
C104413,Robert,Lewis,APAC,Singapore,Individual,2022-01-01,Online,0
C104414,Carlos,Martinez,Europe,Netherlands,Small Business,2024-10-27,Online,1
C104415,Jennifer,Robinson,Europe,UK,Individual,2023-07-04,In-Store,1
C104416,Charles,Thompson,Europe,Spain,Individual,2026-01-28,Online,0
C104417,Noah,Martinez,North America,Mexico,Small Business,2025-06-11,Online,1
C104418,Wei,Sanchez,North America,Canada,Individual,2024-05-27,Online,1
C104419,Robert,Moore,North America,Mexico,Individual,2022-04-20,In-Store,1
C104420,Ava,Smith,North America,Canada,Individual,2024-12-17,In-Store,1
C104421,Fatima,Williams,Latin America,Argentina,Individual,2024-10-11,In-Store,1
C104422,William,Martinez,Europe,Spain,Individual,2025-01-23,Online,1
C104423,Hiroshi,Lewis,APAC,South Korea,Individual,2025-03-07,In-Store,0
C104424,Diego,Jones,North America,Mexico,Individual,2021-01-27,Online,1
C104425,Liam,Jones,Europe,Spain,Individual,2023-07-31,Online,1
C104426,Robert,Anderson,North America,USA,Individual,2023-03-13,In-Store,1
C104427,Lucas,Sanchez,North America,USA,Individual,2023-03-12,In-Store,0
C104428,Lucas,Sanchez,North America,Mexico,Individual,2023-05-10,Online,0
C104429,Liam,Brown,APAC,South Korea,Small Business,2024-05-31,Online,1
C104430,Jessica,Sanchez,APAC,South Korea,Individual,2023-05-14,Online,0
C104431,Hiroshi,Lewis,Europe,UK,Individual,2022-11-21,In-Store,1
C104432,Liam,Perez,Europe,France,Individual,2024-03-17,In-Store,1
C104433,Ethan,Smith,Latin America,Argentina,Individual,2024-12-18,Online,1
C104434,Wei,Ramirez,North America,USA,Individual,2023-01-09,In-Store,1
C104435,Ethan,Jackson,North America,Mexico,Enterprise,2024-10-06,Marketplace,1
C104436,Barbara,Lopez,North America,Canada,Enterprise,2024-04-24,Online,0
C104437,Lucas,Garcia,APAC,Singapore,Small Business,2022-02-19,Online,1
C104438,Susan,Hernandez,Latin America,Brazil,Small Business,2026-01-04,Marketplace,0
C104439,Michael,Smith,North America,Canada,Individual,2023-09-09,In-Store,1
C104440,Mary,Smith,Middle East,Saudi Arabia,Individual,2022-03-05,Online,1
C104441,Lucas,Miller,Middle East,Saudi Arabia,Individual,2021-02-10,In-Store,1
C104442,William,Lewis,North America,Canada,Individual,2023-06-24,Marketplace,1
C104443,Elizabeth,Miller,Europe,France,Small Business,2023-10-09,Online,1
C104444,Ava,Walker,Europe,Italy,Individual,2024-11-17,In-Store,0
C104445,Jennifer,Smith,Latin America,Brazil,Enterprise,2022-12-04,Online,1
C104446,David,Sanchez,North America,USA,Individual,2021-03-20,Online,1
C104447,Charles,Lewis,APAC,India,Small Business,2022-12-18,In-Store,0
C104448,Yuki,Martinez,North America,USA,Individual,2026-04-04,Online,1
C104449,John,Jones,APAC,India,Individual,2025-12-19,Marketplace,1
C104450,John,Robinson,Europe,UK,Individual,2025-12-13,Marketplace,1
C104451,Robert,Brown,Europe,Italy,Small Business,2022-06-28,Online,0
C104452,Patricia,Miller,Middle East,Saudi Arabia,Small Business,2025-01-13,In-Store,0
C104453,Barbara,Martin,Middle East,UAE,Individual,2022-04-19,Marketplace,1
C104454,Omar,Ramirez,Middle East,Saudi Arabia,Individual,2024-03-11,Online,1
C104455,Jennifer,Miller,North America,USA,Individual,2024-06-28,Online,1
C104456,Elizabeth,Hernandez,APAC,South Korea,Enterprise,2021-10-21,Online,1
C104457,Priya,Wilson,North America,Mexico,Individual,2022-09-02,Online,1
C104458,Lucas,Davis,Europe,France,Individual,2021-05-16,In-Store,1
C104459,Fatima,White,Europe,France,Individual,2022-04-29,Online,1
C104460,Ethan,Walker,Europe,Spain,Individual,2025-12-18,Online,0
C104461,Diego,Johnson,Europe,UK,Individual,2024-08-28,Online,0
C104462,Mia,Davis,Latin America,Brazil,Individual,2023-03-25,Online,1
C104463,Yuki,Clark,North America,Mexico,Enterprise,2022-07-09,In-Store,0
C104464,Susan,White,APAC,South Korea,Small Business,2025-07-14,Online,0
C104465,Robert,Garcia,Europe,France,Individual,2025-10-22,Online,0
C104466,Patricia,Hernandez,North America,USA,Enterprise,2021-02-15,Online,1
C104467,Liam,Thomas,North America,Canada,Individual,2024-06-13,In-Store,1
C104468,Yuki,Lewis,Latin America,Brazil,Individual,2023-12-08,In-Store,0
C104469,Linda,Robinson,Middle East,Saudi Arabia,Individual,2021-07-17,B2B Direct,0
C104470,Yuki,Miller,Latin America,Brazil,Individual,2021-03-25,Marketplace,1
C104471,Liam,Thomas,Latin America,Argentina,Small Business,2022-06-27,B2B Direct,1
C104472,Diego,Walker,North America,Canada,Individual,2024-03-30,In-Store,1
C104473,Joseph,Hernandez,Europe,Italy,Individual,2024-12-22,In-Store,0
C104474,Mia,Jackson,APAC,Australia,Small Business,2021-03-12,Marketplace,1
C104475,John,Wilson,Europe,France,Individual,2022-06-04,Online,0
C104476,Sarah,Anderson,Europe,UK,Small Business,2026-06-16,B2B Direct,1
C104477,Hiroshi,Davis,Europe,UK,Individual,2023-06-17,Online,1
C104478,Michael,Lopez,Europe,Germany,Individual,2023-07-02,In-Store,1
C104479,Patricia,White,Europe,UK,Small Business,2023-12-12,Marketplace,1
C104480,Elena,Gonzalez,North America,Canada,Individual,2023-12-05,Online,1
C104481,Jessica,Moore,Europe,France,Individual,2021-10-20,B2B Direct,1
C104482,Robert,Lewis,Europe,France,Individual,2023-07-27,B2B Direct,0
C104483,Robert,Martin,Europe,Spain,Individual,2023-03-23,In-Store,1
C104484,Robert,Williams,North America,Mexico,Enterprise,2025-01-28,Online,1
C104485,Amara,Walker,APAC,India,Individual,2026-03-24,In-Store,1
C104486,Charles,Miller,North America,Canada,Individual,2025-04-23,Online,0
C104487,Patricia,Rodriguez,Europe,Spain,Enterprise,2023-05-17,B2B Direct,1
C104488,Sofia,Taylor,APAC,India,Individual,2022-01-15,Online,1
C104489,Jessica,Miller,Europe,Netherlands,Individual,2023-10-04,In-Store,1
C104490,Omar,Jones,North America,Canada,Individual,2025-11-02,In-Store,0
C104491,Ethan,White,APAC,Japan,Small Business,2025-02-10,Online,1
C104492,Patricia,Anderson,Europe,France,Individual,2021-09-19,In-Store,1
C104493,Noah,Johnson,APAC,South Korea,Individual,2022-08-03,Online,1
C104494,Ananya,Anderson,APAC,India,Individual,2024-04-17,Online,1
C104495,Yuki,Lee,APAC,Japan,Individual,2021-12-23,Marketplace,0
C104496,Robert,Wilson,Europe,Germany,Individual,2024-12-13,Online,1
C104497,Sarah,Johnson,North America,Mexico,Individual,2022-11-29,Online,1
C104498,Yuki,Harris,North America,USA,Individual,2026-05-31,Online,1
C104499,Hiroshi,Clark,Europe,UK,Individual,2024-05-09,Online,0
C104500,Karen,Jackson,Europe,France,Individual,2026-04-10,In-Store,1
C104501,Joseph,Robinson,Europe,UK,Small Business,2023-11-03,Online,0
C104502,Mary,Martinez,North America,USA,Individual,2022-03-19,Online,0
C104503,Diego,Walker,North America,Canada,Individual,2022-12-27,Marketplace,1
C104504,Barbara,Gonzalez,Europe,Spain,Individual,2025-10-22,In-Store,0
C104505,Ava,Gonzalez,North America,USA,Individual,2021-10-13,Online,0
C104506,Michael,Clark,APAC,South Korea,Individual,2025-11-15,B2B Direct,1
C104507,Wei,Jackson,North America,Mexico,Individual,2026-03-07,B2B Direct,0
C104508,Linda,Jackson,Europe,Spain,Individual,2024-07-05,Online,1
C104509,Fatima,Anderson,Latin America,Argentina,Small Business,2022-07-24,B2B Direct,0
C104510,Fatima,Ramirez,North America,Mexico,Individual,2025-04-21,In-Store,1
C104511,Barbara,Ramirez,Europe,UK,Small Business,2023-04-20,B2B Direct,1
C104512,Jennifer,King,North America,Canada,Individual,2026-05-19,B2B Direct,1
C104513,Susan,Perez,APAC,Japan,Small Business,2025-02-22,In-Store,1
C104514,Chen,Rodriguez,Europe,Spain,Individual,2022-05-13,Online,1
C104515,John,Garcia,Europe,Italy,Individual,2026-04-13,B2B Direct,1
C104516,Patricia,Johnson,Europe,UK,Small Business,2026-04-02,In-Store,1
C104517,Yuki,Sanchez,Middle East,UAE,Individual,2022-12-06,Online,1
C104518,Priya,Jones,North America,Mexico,Individual,2024-09-18,Online,0
C104519,Patricia,Thompson,North America,Mexico,Individual,2022-07-16,Online,1
C104520,Amara,Garcia,Middle East,Qatar,Small Business,2026-06-22,B2B Direct,0
C104521,Priya,Smith,Europe,Spain,Individual,2021-02-01,Marketplace,1
C104522,Michael,King,Middle East,UAE,Small Business,2025-06-22,Online,1
C104523,Hiroshi,Sanchez,Europe,Italy,Individual,2021-02-12,Online,1
C104524,Karen,Harris,Middle East,Kuwait,Individual,2026-04-01,Online,0
C104525,Liam,Gonzalez,Europe,Spain,Individual,2024-10-06,In-Store,1
C104526,Diego,Taylor,APAC,Singapore,Individual,2024-09-19,Marketplace,1
C104527,Amara,Thomas,Latin America,Argentina,Individual,2026-01-20,In-Store,0
C104528,Chen,Robinson,Europe,UK,Individual,2022-07-13,In-Store,1
C104529,Lucas,Johnson,North America,USA,Individual,2021-09-27,Online,1
C104530,Robert,Brown,North America,USA,Individual,2026-05-22,Online,0
C104531,Priya,Gonzalez,North America,USA,Individual,2026-01-21,Online,0
C104532,Ananya,Taylor,North America,Mexico,Small Business,2024-12-07,Online,0
C104533,Mia,Thompson,North America,Canada,Individual,2023-08-01,Online,0
C104534,Sofia,Lewis,Europe,France,Small Business,2025-05-18,Online,1
C104535,Karen,Rodriguez,Europe,Spain,Individual,2023-11-09,B2B Direct,1
C104536,David,Anderson,Europe,UK,Small Business,2024-10-02,B2B Direct,1
C104537,Sofia,Johnson,APAC,Singapore,Individual,2026-04-13,Marketplace,1
C104538,Elizabeth,Lewis,North America,Canada,Individual,2025-06-25,In-Store,0
C104539,Ananya,Taylor,North America,USA,Small Business,2021-02-06,Marketplace,1
C104540,Carlos,Wilson,North America,USA,Enterprise,2025-07-01,B2B Direct,1
C104541,Ava,Anderson,Europe,Germany,Individual,2021-04-02,Online,1
C104542,James,Sanchez,North America,Mexico,Individual,2026-01-18,Online,0
C104543,Elena,Williams,North America,USA,Individual,2021-07-04,In-Store,1
C104544,Fatima,Moore,Europe,Netherlands,Individual,2022-12-29,In-Store,1
C104545,Sarah,Miller,Middle East,Saudi Arabia,Small Business,2023-11-18,Marketplace,1
C104546,Priya,Thompson,North America,Canada,Individual,2025-04-21,Online,1
C104547,Barbara,Sanchez,APAC,Japan,Small Business,2022-01-07,Online,0
C104548,Sofia,Anderson,APAC,Singapore,Individual,2023-04-12,In-Store,1
C104549,Jessica,White,APAC,Australia,Small Business,2025-04-03,Online,1
C104550,Ananya,Martin,Latin America,Chile,Small Business,2021-12-11,Online,1
C104551,Priya,White,North America,USA,Individual,2024-12-13,Online,1
C104552,Liam,Wilson,North America,USA,Individual,2024-05-04,Online,1
C104553,Richard,Young,Middle East,Qatar,Small Business,2021-03-19,Online,1
C104554,Linda,Thompson,Europe,UK,Individual,2021-06-16,Marketplace,1
C104555,Linda,King,Europe,UK,Individual,2024-01-19,In-Store,1
C104556,Jessica,Johnson,APAC,Japan,Individual,2021-09-21,In-Store,1
C104557,Fatima,Gonzalez,APAC,Singapore,Individual,2025-02-04,Online,1
C104558,Noah,Robinson,Latin America,Brazil,Small Business,2024-05-16,Online,1
C104559,Carlos,Hernandez,Latin America,Argentina,Individual,2022-12-25,Online,1
C104560,Ananya,Lopez,APAC,South Korea,Enterprise,2024-07-18,B2B Direct,1
C104561,Richard,Moore,North America,Mexico,Individual,2024-07-10,Online,1
C104562,Patricia,Martin,Middle East,Saudi Arabia,Individual,2025-03-10,Online,1
C104563,Amara,Gonzalez,North America,Mexico,Individual,2025-12-14,In-Store,1
C104564,Patricia,Garcia,North America,USA,Individual,2022-05-27,Online,0
C104565,Ananya,Martinez,Middle East,Qatar,Individual,2026-02-21,Marketplace,1
C104566,Noah,King,North America,Mexico,Individual,2025-10-16,Marketplace,1
C104567,David,Brown,North America,Canada,Individual,2026-03-25,Marketplace,1
C104568,Yuki,Brown,North America,USA,Small Business,2022-07-30,In-Store,1
C104569,Ananya,Lopez,Middle East,Saudi Arabia,Individual,2025-03-28,Online,1
C104570,Patricia,Jones,Europe,Germany,Individual,2022-12-23,Online,1
C104571,Jessica,Harris,APAC,India,Small Business,2024-08-28,Online,1
C104572,Yuki,Harris,North America,Mexico,Individual,2024-04-12,Marketplace,1
C104573,Lucas,King,APAC,Australia,Individual,2022-03-07,In-Store,0
C104574,Michael,Anderson,APAC,South Korea,Individual,2023-02-07,B2B Direct,1
C104575,John,Martin,North America,USA,Individual,2022-04-08,In-Store,1
C104576,Lucas,Lopez,Europe,France,Individual,2021-04-11,Online,0
C104577,Ananya,Wilson,North America,Canada,Individual,2023-11-06,Online,1
C104578,Noah,Perez,Latin America,Brazil,Individual,2025-09-29,Online,1
C104579,Wei,White,APAC,India,Individual,2024-07-05,Online,0
C104580,Priya,Lopez,Latin America,Argentina,Enterprise,2026-04-04,In-Store,1
C104581,Elizabeth,Martin,North America,Mexico,Individual,2021-09-01,Online,1
C104582,Joseph,Ramirez,APAC,Australia,Individual,2024-10-03,Marketplace,0
C104583,Robert,Hernandez,APAC,Australia,Individual,2024-06-26,In-Store,1
C104584,Richard,Perez,APAC,Australia,Small Business,2021-04-15,In-Store,0
C104585,Omar,King,Latin America,Argentina,Individual,2022-11-25,B2B Direct,1
C104586,James,Wilson,Europe,France,Individual,2025-08-18,In-Store,0
C104587,David,Gonzalez,North America,USA,Enterprise,2024-08-03,Marketplace,1
C104588,Ava,Harris,APAC,South Korea,Individual,2024-04-07,Online,1
C104589,Omar,Thomas,APAC,India,Individual,2024-12-14,B2B Direct,0
C104590,Sarah,Robinson,Europe,UK,Individual,2023-12-07,Online,1
C104591,Linda,Smith,North America,Mexico,Individual,2023-12-03,Online,1
C104592,Joseph,Ramirez,Europe,Germany,Small Business,2024-09-06,B2B Direct,1
C104593,Wei,Walker,North America,USA,Individual,2023-03-29,Online,0
C104594,Ethan,Johnson,Europe,Spain,Individual,2021-08-09,Online,1
C104595,Patricia,Johnson,APAC,Japan,Individual,2025-03-17,Online,1
C104596,Ananya,King,APAC,Japan,Small Business,2025-10-02,Online,0
C104597,Jessica,Robinson,North America,Mexico,Individual,2025-01-04,In-Store,1
C104598,Yuki,Moore,Europe,UK,Individual,2021-05-24,Online,1
C104599,Fatima,White,North America,USA,Individual,2023-06-09,Online,1
C104600,Thomas,Smith,North America,Canada,Individual,2023-11-18,Marketplace,1
C104601,Hiroshi,White,APAC,Japan,Individual,2026-02-21,Online,1
C104602,Mary,Lee,Latin America,Brazil,Individual,2026-02-17,Online,0
C104603,James,Lewis,Europe,Germany,Individual,2023-03-01,Online,1
C104604,David,Gonzalez,APAC,Japan,Individual,2022-07-07,Online,0
C104605,Omar,Martinez,Middle East,UAE,Individual,2023-04-24,Online,1
C104606,Sofia,Gonzalez,Middle East,Qatar,Individual,2022-10-21,Marketplace,1
C104607,Jennifer,Hernandez,North America,Mexico,Individual,2026-02-24,Online,1
C104608,David,Garcia,Latin America,Argentina,Enterprise,2025-09-10,Online,0
C104609,Karen,Martinez,Europe,UK,Individual,2026-01-25,In-Store,1
C104610,Omar,Gonzalez,North America,USA,Individual,2023-04-17,Online,1
C104611,Noah,Perez,North America,USA,Individual,2023-10-16,Online,1
C104612,Elizabeth,Taylor,Europe,France,Small Business,2026-05-08,Online,0
C104613,Diego,Williams,North America,USA,Individual,2024-04-05,Online,1
C104614,Patricia,Robinson,North America,USA,Individual,2025-07-17,Online,1
C104615,Ava,Clark,North America,Canada,Individual,2025-05-29,In-Store,1
C104616,Noah,Brown,Middle East,Qatar,Individual,2023-01-21,Online,1
C104617,David,King,Middle East,Kuwait,Small Business,2021-09-06,In-Store,1
C104618,John,Walker,North America,Mexico,Individual,2023-02-14,B2B Direct,0
C104619,David,Jackson,Middle East,Kuwait,Individual,2023-02-03,Marketplace,1
C104620,Yuki,Hernandez,Middle East,Saudi Arabia,Small Business,2024-10-12,B2B Direct,1
C104621,Lucas,Anderson,APAC,Japan,Individual,2024-02-09,Online,0
C104622,Robert,Martin,North America,Canada,Small Business,2022-11-23,B2B Direct,1
C104623,Yuki,Davis,APAC,South Korea,Individual,2025-09-20,Online,1
C104624,Sarah,Johnson,Latin America,Argentina,Individual,2023-03-31,Online,1
C104625,William,Clark,APAC,South Korea,Small Business,2022-12-20,Online,0
C104626,Fatima,Wilson,North America,Canada,Individual,2021-08-22,Marketplace,0
C104627,Noah,White,Europe,UK,Small Business,2021-01-24,B2B Direct,1
C104628,Noah,Ramirez,APAC,Singapore,Individual,2023-11-16,In-Store,1
C104629,Carlos,Taylor,Europe,Italy,Individual,2024-11-05,Online,1
C104630,Mary,King,North America,Mexico,Individual,2025-10-20,Online,1
C104631,Richard,Thompson,North America,Canada,Individual,2023-10-03,Online,1
C104632,Karen,Davis,Middle East,Kuwait,Individual,2024-10-01,Online,1
C104633,Michael,King,Middle East,Qatar,Individual,2024-11-02,Online,0
C104634,David,Jackson,North America,Canada,Enterprise,2022-06-06,Marketplace,1
C104635,Noah,Lopez,Latin America,Chile,Individual,2021-01-17,Online,1
C104636,James,Brown,North America,USA,Individual,2021-09-02,In-Store,1
C104637,Linda,Walker,APAC,Australia,Individual,2022-12-19,Online,1
C104638,James,Lee,APAC,Singapore,Individual,2023-02-09,B2B Direct,1
C104639,Yuki,Lopez,Middle East,UAE,Individual,2025-07-06,In-Store,1
C104640,Amara,Miller,Latin America,Argentina,Individual,2022-12-18,Online,1
C104641,Thomas,Moore,North America,Canada,Small Business,2025-04-12,In-Store,1
C104642,Michael,Hernandez,Middle East,Kuwait,Small Business,2026-06-16,Online,0
C104643,Sofia,King,North America,Mexico,Individual,2025-05-26,Online,1
C104644,Jessica,Perez,APAC,Australia,Individual,2025-09-08,Online,1
C104645,Ananya,Davis,APAC,Australia,Individual,2024-05-10,Marketplace,1
C104646,Mary,Walker,APAC,Japan,Individual,2024-06-25,B2B Direct,0
C104647,Omar,Clark,North America,Mexico,Individual,2021-04-28,In-Store,0
C104648,John,Ramirez,Middle East,Kuwait,Individual,2021-01-09,In-Store,1
C104649,John,Thompson,North America,Canada,Individual,2022-08-21,In-Store,0
C104650,David,Clark,North America,Canada,Individual,2021-01-23,Marketplace,1
C104651,Sarah,Martinez,APAC,Japan,Small Business,2026-06-14,Online,0
C104652,Charles,Thompson,Europe,Italy,Individual,2021-08-28,Online,1
C104653,Jennifer,King,Middle East,UAE,Individual,2025-05-28,Online,1
C104654,Priya,Sanchez,Europe,Netherlands,Individual,2021-01-27,Online,0
C104655,Elena,Gonzalez,North America,Canada,Small Business,2023-09-11,Marketplace,1
C104656,Ananya,Walker,Middle East,Qatar,Enterprise,2026-02-28,Online,1
C104657,Susan,Clark,Europe,Netherlands,Individual,2024-01-10,Online,1
C104658,Jessica,Gonzalez,North America,Mexico,Individual,2025-06-08,Marketplace,0
C104659,Mary,Miller,APAC,Japan,Enterprise,2021-07-18,In-Store,0
C104660,Sarah,Lopez,Europe,Germany,Individual,2025-04-28,In-Store,1
C104661,Sarah,Jones,APAC,Australia,Small Business,2026-07-17,Online,1
C104662,Sofia,Garcia,Europe,France,Small Business,2023-02-14,In-Store,1
C104663,Susan,Sanchez,Middle East,UAE,Individual,2021-04-02,Online,1
C104664,Sarah,Jackson,Middle East,Saudi Arabia,Individual,2023-05-01,In-Store,1
C104665,Charles,Anderson,APAC,India,Individual,2026-06-06,Online,1
C104666,Yuki,Rodriguez,North America,Mexico,Individual,2024-01-13,Online,1
C104667,Sofia,Gonzalez,Middle East,Qatar,Small Business,2021-10-27,Online,1
C104668,Michael,Lewis,APAC,India,Small Business,2026-05-13,In-Store,1
C104669,Robert,Clark,APAC,Japan,Individual,2021-10-23,Marketplace,1
C104670,Ethan,Lopez,Europe,Italy,Individual,2022-10-09,Online,1
C104671,Barbara,Johnson,Middle East,Kuwait,Individual,2025-01-17,Online,0
C104672,Jessica,Moore,APAC,Singapore,Individual,2024-07-28,B2B Direct,1
C104673,Karen,Garcia,North America,Mexico,Individual,2023-09-28,Online,1
C104674,John,Robinson,Europe,Germany,Individual,2023-12-19,Online,1
C104675,Elena,Lee,Middle East,Qatar,Individual,2023-06-28,Online,0
C104676,Carlos,Perez,North America,USA,Individual,2023-05-21,Online,1
C104677,Carlos,Hernandez,Latin America,Chile,Enterprise,2026-07-17,Online,1
C104678,Jessica,Miller,APAC,South Korea,Individual,2024-09-27,Online,1
C104679,Ava,Miller,APAC,Singapore,Small Business,2023-01-23,B2B Direct,0
C104680,Chen,Walker,North America,Canada,Individual,2025-01-28,Online,1
C104681,John,Garcia,North America,USA,Individual,2026-03-19,Online,1
C104682,Richard,Sanchez,Latin America,Brazil,Small Business,2021-12-08,In-Store,1
C104683,Joseph,Rodriguez,North America,Mexico,Individual,2025-06-22,In-Store,1
C104684,Patricia,Williams,APAC,Japan,Individual,2021-03-03,B2B Direct,1
C104685,Susan,Walker,Europe,Germany,Individual,2023-02-15,B2B Direct,0
C104686,Priya,Robinson,North America,Canada,Individual,2022-09-17,In-Store,0
C104687,Elizabeth,Walker,North America,Canada,Individual,2024-12-23,Marketplace,1
C104688,Fatima,Robinson,Europe,Italy,Small Business,2025-08-09,Online,1
C104689,Mia,Rodriguez,Latin America,Argentina,Individual,2025-10-18,Online,0
C104690,Chen,Garcia,Europe,Italy,Individual,2021-09-13,Online,1
C104691,Richard,Harris,Europe,Spain,Small Business,2023-04-08,In-Store,1
C104692,Liam,Robinson,North America,Canada,Individual,2023-10-11,Online,1
C104693,Hiroshi,Sanchez,Europe,Italy,Individual,2026-01-26,Online,0
C104694,Mia,Williams,Europe,France,Individual,2026-03-13,Online,0
C104695,James,Perez,Middle East,Qatar,Individual,2025-11-29,In-Store,0
C104696,Patricia,Rodriguez,Europe,Italy,Individual,2025-09-26,Online,0
C104697,James,Miller,Europe,Germany,Individual,2024-10-02,Marketplace,1
C104698,Sarah,Rodriguez,North America,USA,Individual,2025-03-30,B2B Direct,1
C104699,Richard,Clark,Latin America,Argentina,Individual,2024-08-20,Online,1
C104700,Yuki,Ramirez,North America,Mexico,Individual,2022-09-07,Marketplace,0
C104701,Ananya,King,North America,Canada,Individual,2021-09-02,Online,1
C104702,Joseph,Garcia,APAC,Japan,Individual,2023-01-27,Marketplace,0
C104703,Elizabeth,Taylor,Europe,Italy,Individual,2023-04-04,Online,1
C104704,Sofia,Thompson,Europe,UK,Individual,2023-02-19,B2B Direct,0
C104705,Patricia,Harris,Europe,Italy,Small Business,2025-10-26,B2B Direct,1
C104706,John,Jackson,APAC,Singapore,Individual,2023-01-02,Online,0
C104707,Ethan,Lewis,North America,Canada,Individual,2026-01-21,Online,1
C104708,Ethan,Walker,Middle East,UAE,Individual,2024-12-06,In-Store,0
C104709,Carlos,Garcia,APAC,India,Individual,2023-05-28,In-Store,1
C104710,Carlos,White,Europe,Italy,Individual,2024-05-25,B2B Direct,0
C104711,Lucas,Martinez,Europe,UK,Small Business,2022-05-31,Marketplace,1
C104712,Charles,Hernandez,North America,Canada,Small Business,2022-04-19,Marketplace,1
C104713,Karen,White,APAC,Singapore,Small Business,2021-02-05,In-Store,1
C104714,Chen,Johnson,Europe,France,Small Business,2024-04-16,Online,1
C104715,William,Lewis,North America,Mexico,Small Business,2024-11-11,B2B Direct,0
C104716,Fatima,Thomas,Europe,Germany,Individual,2025-11-28,Online,1
C104717,Joseph,Thompson,Latin America,Chile,Individual,2023-11-07,Online,1
C104718,Ananya,Perez,Europe,France,Small Business,2025-10-01,Online,1
C104719,Liam,Garcia,Latin America,Argentina,Individual,2023-04-10,Online,1
C104720,Richard,Thompson,North America,USA,Individual,2023-12-08,Online,1
C104721,Hiroshi,Thompson,North America,Mexico,Individual,2023-12-22,In-Store,1
C104722,Elizabeth,Robinson,North America,Mexico,Individual,2023-12-29,In-Store,1
C104723,Mia,Martin,Europe,Spain,Individual,2025-08-10,Online,1
C104724,Hiroshi,Hernandez,North America,Mexico,Individual,2026-03-10,B2B Direct,1
C104725,Karen,White,North America,Canada,Individual,2022-01-01,In-Store,1
C104726,Ava,Moore,Latin America,Argentina,Small Business,2024-03-31,Online,1
C104727,Jessica,Clark,Middle East,Qatar,Individual,2025-10-29,Online,1
C104728,Ava,Miller,APAC,Singapore,Small Business,2023-08-03,In-Store,1
C104729,John,Lee,North America,Canada,Individual,2023-09-03,In-Store,1
C104730,Thomas,Anderson,North America,Mexico,Individual,2025-02-20,Online,1
C104731,Liam,Davis,North America,USA,Individual,2026-07-27,Online,0
C104732,Omar,Ramirez,APAC,Singapore,Individual,2022-03-07,Online,1
C104733,Patricia,Lee,Latin America,Argentina,Individual,2026-07-16,B2B Direct,1
C104734,Ethan,Davis,Europe,Germany,Small Business,2023-05-09,Online,1
C104735,Omar,Ramirez,North America,Mexico,Small Business,2025-02-21,Online,1
C104736,Karen,Anderson,Europe,Germany,Enterprise,2021-08-18,In-Store,1
C104737,Richard,Clark,North America,USA,Individual,2022-01-05,Online,0
C104738,Michael,Sanchez,Europe,Germany,Individual,2021-06-27,In-Store,1
C104739,Carlos,Lopez,APAC,Singapore,Individual,2026-02-24,In-Store,1
C104740,Robert,Walker,APAC,Singapore,Individual,2024-12-04,Online,1
C104741,Robert,Williams,North America,USA,Individual,2022-07-22,Online,0
C104742,Jessica,Sanchez,North America,Mexico,Individual,2025-06-02,Online,1
C104743,Elena,Garcia,Latin America,Brazil,Individual,2024-07-17,Marketplace,1
C104744,Layla,Martin,North America,Canada,Individual,2024-05-14,In-Store,0
C104745,Susan,Taylor,North America,Canada,Individual,2023-03-04,Marketplace,0
C104746,Yuki,Smith,North America,Mexico,Individual,2025-10-30,Marketplace,1
C104747,Mary,Gonzalez,North America,Mexico,Individual,2023-06-19,In-Store,1
C104748,Richard,Moore,Europe,Spain,Individual,2025-11-10,In-Store,1
C104749,Sarah,Lee,Middle East,Kuwait,Individual,2023-09-02,B2B Direct,1
C104750,Karen,Lopez,North America,Canada,Individual,2025-12-29,In-Store,1
C104751,Mary,Lopez,Europe,Germany,Individual,2021-03-23,Online,1
C104752,Michael,Sanchez,APAC,India,Individual,2023-04-26,Online,1
C104753,Richard,Ramirez,Europe,France,Small Business,2023-02-01,Online,1
C104754,Linda,Harris,Middle East,Saudi Arabia,Individual,2024-05-01,Online,1
C104755,Robert,Lee,Middle East,Kuwait,Individual,2022-09-10,Online,0
C104756,Susan,Hernandez,North America,USA,Individual,2024-04-27,Online,1
C104757,Fatima,Rodriguez,APAC,India,Enterprise,2024-07-23,In-Store,0
C104758,Linda,Lewis,Europe,France,Individual,2024-01-03,Marketplace,1
C104759,Layla,Taylor,Latin America,Chile,Small Business,2023-10-31,Online,1
C104760,Priya,Davis,Europe,Italy,Individual,2025-07-17,Online,1
C104761,William,Jones,Latin America,Brazil,Individual,2021-08-04,Marketplace,1
C104762,Layla,Thompson,APAC,Japan,Small Business,2021-10-17,Marketplace,1
C104763,William,Martinez,North America,USA,Individual,2022-03-21,In-Store,1
C104764,Ethan,Anderson,Europe,Germany,Individual,2026-07-05,In-Store,1
C104765,Sarah,Thomas,Latin America,Brazil,Individual,2023-07-12,Marketplace,1
C104766,Chen,Clark,Middle East,Kuwait,Individual,2022-07-06,Marketplace,1
C104767,Omar,Young,North America,Canada,Individual,2021-07-12,Marketplace,1
C104768,Diego,White,APAC,Australia,Individual,2025-07-21,In-Store,1
C104769,Elizabeth,Walker,North America,Canada,Individual,2021-10-16,Online,0
C104770,Robert,Thomas,North America,Mexico,Small Business,2026-06-11,Online,1
C104771,Hiroshi,Lopez,Europe,Spain,Individual,2022-08-06,In-Store,1
C104772,Liam,Thomas,North America,Canada,Individual,2025-07-31,Online,0
C104773,Elizabeth,Jones,Middle East,Kuwait,Individual,2024-03-13,Marketplace,1
C104774,Ananya,Jones,North America,Canada,Enterprise,2024-11-13,Online,1
C104775,Michael,Martin,Middle East,Kuwait,Individual,2026-03-05,Marketplace,1
C104776,Yuki,Young,North America,Canada,Individual,2026-03-31,In-Store,1
C104777,Noah,Hernandez,North America,Canada,Small Business,2024-12-01,Online,1
C104778,Yuki,Hernandez,North America,Canada,Small Business,2026-01-09,Online,1
C104779,David,Ramirez,North America,USA,Individual,2024-10-25,Online,1
C104780,Linda,Lopez,North America,Canada,Individual,2023-05-07,Online,1
C104781,Sofia,Walker,North America,USA,Individual,2025-01-04,In-Store,1
C104782,Chen,Robinson,Europe,Italy,Individual,2026-05-25,B2B Direct,0
C104783,Elizabeth,Martin,North America,Mexico,Small Business,2023-02-20,In-Store,1
C104784,Susan,Clark,Europe,Netherlands,Small Business,2023-06-15,Marketplace,0
C104785,Amara,Harris,Europe,France,Individual,2023-07-09,B2B Direct,0
C104786,James,Jones,Middle East,Saudi Arabia,Individual,2025-08-02,Online,1
C104787,Charles,Davis,Latin America,Brazil,Individual,2022-07-18,In-Store,1
C104788,Susan,Jackson,Europe,UK,Enterprise,2026-07-28,Online,0
C104789,Karen,Moore,North America,USA,Individual,2025-04-02,Online,0
C104790,Ethan,Thomas,North America,USA,Individual,2025-08-28,Online,1
C104791,Liam,Jackson,Latin America,Argentina,Individual,2021-01-13,Online,0
C104792,Linda,Anderson,North America,USA,Individual,2025-09-22,In-Store,1
C104793,Ethan,Lewis,North America,Canada,Individual,2023-09-14,Online,1
C104794,Carlos,Anderson,North America,Canada,Small Business,2021-12-06,Online,1
C104795,Michael,Lewis,North America,USA,Small Business,2023-05-15,Marketplace,1
C104796,John,Taylor,North America,USA,Individual,2026-03-13,Online,0
C104797,Susan,Anderson,APAC,India,Individual,2026-03-03,In-Store,1
C104798,David,Hernandez,North America,Canada,Small Business,2025-12-05,B2B Direct,0
C104799,Karen,Williams,APAC,Japan,Individual,2021-11-08,In-Store,1
C104800,Omar,Gonzalez,North America,Mexico,Individual,2023-01-03,In-Store,0
C104801,Yuki,Rodriguez,North America,USA,Enterprise,2024-02-02,Online,1
C104802,Karen,Martin,Latin America,Brazil,Small Business,2021-12-05,In-Store,1
C104803,Jennifer,Sanchez,North America,USA,Small Business,2024-05-06,Online,1
C104804,Michael,Lopez,Middle East,Qatar,Individual,2021-10-27,Marketplace,1
C104805,Liam,Walker,Europe,Spain,Individual,2025-01-07,Marketplace,0
C104806,Liam,Johnson,North America,Canada,Individual,2021-12-25,Online,1
C104807,Karen,King,Latin America,Chile,Individual,2024-10-23,In-Store,1
C104808,Sarah,Thomas,North America,Canada,Small Business,2021-06-18,Marketplace,1
C104809,Linda,Jones,Middle East,Saudi Arabia,Individual,2024-03-18,In-Store,1
C104810,Priya,Taylor,North America,USA,Individual,2023-01-31,Online,0
C104811,John,Young,Middle East,UAE,Individual,2023-02-07,Marketplace,1
C104812,Elena,Anderson,North America,USA,Individual,2023-09-09,B2B Direct,1
C104813,Ananya,Lopez,Europe,UK,Enterprise,2021-02-11,Online,1
C104814,Robert,Taylor,APAC,South Korea,Individual,2026-08-10,Online,1
C104815,Omar,Martinez,Latin America,Argentina,Individual,2021-07-21,Marketplace,1
C104816,Thomas,Sanchez,Latin America,Argentina,Individual,2023-08-28,Online,1
C104817,Diego,Ramirez,Middle East,Saudi Arabia,Individual,2024-06-21,Marketplace,1
C104818,Fatima,Ramirez,Middle East,Kuwait,Individual,2025-08-20,Online,0
C104819,Yuki,Thompson,North America,Mexico,Individual,2022-04-09,Online,0
C104820,Patricia,Martin,North America,Mexico,Individual,2022-03-25,Online,1
C104821,William,Taylor,North America,USA,Small Business,2023-07-02,Online,1
C104822,Ethan,Davis,Europe,UK,Individual,2023-03-09,Online,1
C104823,Sarah,Anderson,Europe,France,Individual,2023-03-05,Online,1
C104824,Layla,Thompson,Europe,Germany,Individual,2022-03-13,Online,0
C104825,Liam,Wilson,North America,Canada,Individual,2026-04-01,Online,1
C104826,Ethan,Clark,APAC,Singapore,Individual,2025-11-09,Online,1
C104827,Sarah,Gonzalez,North America,Mexico,Individual,2022-06-15,Online,1
C104828,Jessica,Harris,North America,Mexico,Individual,2022-07-19,B2B Direct,1
C104829,Wei,Sanchez,Europe,Netherlands,Small Business,2025-06-09,Online,1
C104830,Ananya,Hernandez,APAC,Singapore,Small Business,2024-07-20,In-Store,1
C104831,Elena,Rodriguez,APAC,Australia,Small Business,2024-12-24,Online,0
C104832,Elena,King,APAC,South Korea,Individual,2023-05-22,Online,0
C104833,Priya,Thomas,North America,Mexico,Individual,2021-08-01,Online,0
C104834,Mia,Martin,Europe,Germany,Small Business,2023-08-07,Online,0
C104835,Robert,Miller,North America,USA,Individual,2026-03-12,In-Store,1
C104836,Elena,King,Europe,Italy,Small Business,2024-02-02,B2B Direct,1
C104837,Noah,Gonzalez,Europe,Netherlands,Individual,2021-07-11,In-Store,1
C104838,Omar,Brown,North America,USA,Individual,2026-05-19,Online,1
C104839,Carlos,Walker,North America,Mexico,Small Business,2025-09-09,Online,0
C104840,Elizabeth,Robinson,Latin America,Argentina,Small Business,2025-08-10,B2B Direct,1
C104841,Amara,Williams,Latin America,Brazil,Small Business,2024-11-04,Online,1
C104842,Ethan,Clark,Europe,Netherlands,Enterprise,2026-06-14,In-Store,1
C104843,Richard,Young,North America,Canada,Individual,2024-01-10,Online,1
C104844,Mia,Garcia,North America,Canada,Individual,2022-12-06,Online,1
C104845,Ava,Davis,Europe,France,Small Business,2022-07-03,Online,1
C104846,Jennifer,White,Latin America,Brazil,Individual,2024-11-01,B2B Direct,0
C104847,Susan,Anderson,North America,Canada,Individual,2026-02-05,Marketplace,0
C104848,Diego,Harris,APAC,Japan,Individual,2021-06-03,Online,1
C104849,Ava,Clark,North America,Canada,Individual,2025-07-24,Online,0
C104850,Patricia,Gonzalez,Latin America,Brazil,Individual,2022-07-25,Online,1
C104851,Chen,Martin,Europe,Netherlands,Individual,2025-10-26,Online,0
C104852,Ava,Jones,APAC,South Korea,Small Business,2025-11-20,Online,1
C104853,Elizabeth,Miller,North America,Mexico,Individual,2021-08-28,Marketplace,1
C104854,Omar,Jones,APAC,South Korea,Individual,2022-01-09,In-Store,1
C104855,Noah,Ramirez,North America,USA,Individual,2026-04-09,Marketplace,0
C104856,Amara,Lewis,North America,USA,Individual,2023-03-16,Marketplace,1
C104857,Linda,Miller,Latin America,Chile,Individual,2023-03-10,In-Store,1
C104858,Ava,Sanchez,Latin America,Chile,Individual,2024-05-12,Marketplace,1
C104859,Sarah,Jackson,Middle East,Saudi Arabia,Individual,2022-09-03,Online,1
C104860,David,Martinez,APAC,Australia,Individual,2024-10-05,Online,0
C104861,Wei,Martin,Middle East,Saudi Arabia,Individual,2022-11-19,In-Store,1
C104862,Sarah,Walker,North America,Canada,Individual,2023-02-13,Online,1
C104863,Mia,Garcia,North America,Canada,Individual,2025-12-12,Online,1
C104864,Layla,Anderson,North America,Canada,Individual,2021-05-23,Online,0
C104865,Mary,White,APAC,Australia,Individual,2024-04-27,Marketplace,1
C104866,Omar,Robinson,Europe,Spain,Individual,2021-09-29,B2B Direct,1
C104867,Thomas,Rodriguez,North America,USA,Enterprise,2025-04-05,In-Store,1
C104868,Patricia,Smith,Europe,UK,Individual,2026-02-12,B2B Direct,1
C104869,David,Anderson,Middle East,Qatar,Small Business,2024-08-16,Marketplace,1
C104870,Elizabeth,Garcia,Europe,Germany,Individual,2022-03-02,Online,1
C104871,John,Anderson,North America,Mexico,Small Business,2021-02-15,Online,1
C104872,Ethan,Miller,North America,USA,Individual,2021-04-05,In-Store,1
C104873,Lucas,Clark,North America,USA,Small Business,2026-05-08,Online,0
C104874,Wei,Martinez,North America,Canada,Individual,2021-03-05,Online,1
C104875,Charles,Young,APAC,Singapore,Individual,2022-02-17,Marketplace,1
C104876,Mia,Lee,APAC,Japan,Individual,2025-07-25,Online,1
C104877,Layla,Wilson,APAC,Australia,Individual,2023-10-30,B2B Direct,0
C104878,Jennifer,Wilson,Europe,Spain,Small Business,2022-04-04,Online,1
C104879,Fatima,Johnson,Middle East,Saudi Arabia,Individual,2025-10-05,Online,1
C104880,Susan,White,North America,Mexico,Small Business,2024-12-03,Online,1
C104881,Elena,Martinez,Europe,UK,Individual,2022-04-15,In-Store,0
C104882,Layla,Garcia,Middle East,Saudi Arabia,Individual,2023-03-21,Online,1
C104883,Thomas,Williams,North America,USA,Individual,2022-05-21,Online,1
C104884,James,Sanchez,North America,USA,Individual,2025-09-06,In-Store,1
C104885,Barbara,Martinez,Middle East,Saudi Arabia,Individual,2024-01-02,Online,1
C104886,Robert,Lee,North America,Canada,Small Business,2021-03-25,Marketplace,0
C104887,Liam,Harris,APAC,Japan,Small Business,2021-02-28,In-Store,1
C104888,Carlos,Johnson,North America,Canada,Small Business,2023-11-11,B2B Direct,1
C104889,Susan,Smith,APAC,Singapore,Individual,2025-01-21,Online,1
C104890,Mia,White,North America,Mexico,Individual,2023-07-07,Online,0
C104891,Chen,Martinez,North America,USA,Individual,2021-06-06,In-Store,0
C104892,Priya,Perez,APAC,Japan,Individual,2026-01-29,In-Store,1
C104893,Karen,Young,North America,USA,Small Business,2024-09-14,Online,1
C104894,Joseph,Thomas,Europe,Germany,Individual,2025-05-16,In-Store,1
C104895,Yuki,Robinson,North America,Canada,Individual,2022-07-30,Online,1
C104896,Jennifer,Walker,North America,Mexico,Individual,2023-04-17,B2B Direct,1
C104897,Susan,Robinson,North America,Mexico,Individual,2022-11-11,In-Store,1
C104898,Ava,Jones,North America,USA,Small Business,2021-07-22,Online,1
C104899,Diego,White,Latin America,Brazil,Individual,2025-07-23,Online,1
C104900,Chen,Clark,North America,USA,Individual,2025-11-16,Marketplace,1
C104901,Elena,Wilson,Europe,Germany,Small Business,2024-02-04,Marketplace,1
C104902,David,Gonzalez,North America,Canada,Individual,2026-01-31,Online,1
C104903,Mary,Martin,North America,USA,Individual,2024-02-20,Online,1
C104904,James,Ramirez,Latin America,Brazil,Individual,2021-11-14,Online,1
C104905,Mary,Garcia,North America,Mexico,Individual,2024-04-20,Marketplace,1
C104906,Chen,Rodriguez,Latin America,Chile,Individual,2025-06-27,In-Store,1
C104907,Liam,Perez,North America,Mexico,Small Business,2024-09-01,Marketplace,1
C104908,Fatima,Thompson,APAC,Japan,Individual,2026-01-12,Marketplace,1
C104909,Karen,Davis,Europe,France,Individual,2025-12-02,Online,1
C104910,Layla,Smith,Middle East,Saudi Arabia,Small Business,2025-07-07,Online,1
C104911,Diego,Miller,Europe,Italy,Small Business,2022-02-10,In-Store,1
C104912,Ethan,Lopez,Europe,Spain,Individual,2023-09-13,Online,1
C104913,Yuki,Taylor,North America,USA,Individual,2023-08-07,Marketplace,0
C104914,Jessica,Thomas,North America,Canada,Individual,2023-12-30,Online,1
C104915,Ethan,Brown,Latin America,Argentina,Individual,2024-03-29,Online,1
C104916,Ava,Rodriguez,North America,USA,Individual,2024-06-17,Online,0
C104917,Michael,Rodriguez,Europe,Spain,Individual,2025-03-27,Online,0
C104918,Layla,Clark,APAC,South Korea,Individual,2024-03-07,Online,1
C104919,Noah,Lopez,North America,Canada,Individual,2022-05-10,Online,1
C104920,Thomas,Thompson,Latin America,Argentina,Individual,2022-11-10,Online,1
C104921,Lucas,Rodriguez,APAC,Australia,Individual,2024-06-24,Online,1
C104922,Patricia,Gonzalez,Europe,Spain,Individual,2026-03-05,Online,0
C104923,Richard,Johnson,Middle East,Qatar,Individual,2025-04-16,Online,1
C104924,Omar,Johnson,North America,USA,Individual,2025-03-28,Online,0
C104925,Richard,Lewis,North America,USA,Individual,2024-06-20,Marketplace,1
C104926,Hiroshi,Perez,Europe,Italy,Individual,2025-07-02,Marketplace,1
C104927,Barbara,Lee,North America,Canada,Individual,2024-09-21,Marketplace,1
C104928,Susan,Garcia,APAC,Singapore,Individual,2024-12-16,B2B Direct,0
C104929,Ananya,Ramirez,Latin America,Brazil,Small Business,2023-04-15,Online,1
C104930,Layla,Thomas,Europe,Netherlands,Enterprise,2021-07-13,In-Store,1
C104931,Robert,Smith,North America,Canada,Individual,2021-11-04,Online,0
C104932,Michael,Thompson,Latin America,Argentina,Small Business,2025-07-27,B2B Direct,1
C104933,Joseph,Davis,Europe,Germany,Individual,2026-04-15,Online,0
C104934,Michael,Davis,Europe,Italy,Individual,2022-05-21,Online,1
C104935,Omar,Smith,Europe,UK,Enterprise,2021-10-08,B2B Direct,1
C104936,Omar,Hernandez,Latin America,Brazil,Individual,2026-01-01,Marketplace,1
C104937,Barbara,Davis,Europe,Netherlands,Individual,2022-11-06,Online,0
C104938,Lucas,Walker,APAC,South Korea,Individual,2025-12-19,Online,1
C104939,Mary,Davis,Middle East,Qatar,Individual,2023-07-22,Marketplace,1
C104940,Lucas,White,North America,USA,Individual,2026-06-29,Online,1
C104941,Joseph,Clark,Europe,Spain,Individual,2025-01-02,Marketplace,0
C104942,Elena,Lewis,Middle East,UAE,Individual,2022-12-16,B2B Direct,0
C104943,Mia,Moore,Europe,Netherlands,Individual,2022-08-31,Online,1
C104944,Noah,Rodriguez,APAC,Singapore,Individual,2022-04-28,Online,1
C104945,Barbara,Wilson,Latin America,Chile,Enterprise,2024-05-31,Online,1
C104946,Jennifer,Gonzalez,APAC,Singapore,Small Business,2025-11-08,Online,1
C104947,Lucas,White,APAC,Singapore,Individual,2021-04-27,In-Store,1
C104948,Hiroshi,Wilson,Middle East,Saudi Arabia,Individual,2023-08-26,In-Store,1
C104949,Liam,Davis,Middle East,UAE,Small Business,2021-07-11,Online,1
C104950,Elizabeth,Lopez,Europe,France,Individual,2023-02-27,Online,1
C104951,Jessica,Walker,North America,Canada,Individual,2022-09-10,Online,1
C104952,Yuki,Lee,Europe,UK,Individual,2026-07-11,Online,1
C104953,Diego,Brown,APAC,South Korea,Small Business,2022-05-31,In-Store,1
C104954,Lucas,Hernandez,Europe,UK,Individual,2025-04-03,Marketplace,1
C104955,Amara,Miller,APAC,Japan,Individual,2021-11-03,Online,1
C104956,Fatima,Lopez,Europe,France,Individual,2026-06-11,B2B Direct,0
C104957,Ava,Jones,APAC,Japan,Individual,2022-06-16,Online,0
C104958,Michael,Williams,North America,Mexico,Individual,2021-05-02,Marketplace,0
C104959,Susan,Young,APAC,Singapore,Individual,2022-10-11,Online,1
C104960,Mia,Lopez,Europe,Germany,Individual,2022-08-15,Marketplace,1
C104961,Mary,Robinson,North America,Mexico,Individual,2024-03-23,B2B Direct,1
C104962,Mia,King,North America,Canada,Individual,2023-05-20,In-Store,1
C104963,John,Williams,APAC,Australia,Small Business,2025-04-10,Online,1
C104964,Ethan,Sanchez,Europe,France,Small Business,2025-01-15,Online,1
C104965,Wei,Williams,North America,Mexico,Individual,2024-04-07,In-Store,1
C104966,Jennifer,Wilson,Latin America,Brazil,Individual,2021-02-28,Online,1
C104967,Michael,Wilson,APAC,India,Individual,2021-10-28,Marketplace,1
C104968,Liam,Taylor,Latin America,Argentina,Individual,2022-07-07,Marketplace,1
C104969,John,Anderson,Europe,Italy,Individual,2025-04-23,Online,1
C104970,Omar,Lopez,Europe,Netherlands,Individual,2024-02-15,Online,1
C104971,Chen,Robinson,Middle East,Kuwait,Individual,2025-12-16,Online,1
C104972,Fatima,Miller,Europe,France,Individual,2025-12-11,In-Store,1
C104973,Mary,Walker,APAC,South Korea,Enterprise,2024-02-25,Online,1
C104974,Lucas,Wilson,North America,USA,Individual,2024-11-29,Online,1
C104975,Ananya,Ramirez,Europe,Spain,Individual,2022-02-03,Online,1
C104976,Mary,Lopez,North America,Mexico,Individual,2022-05-30,In-Store,0
C104977,Mary,Garcia,North America,Mexico,Small Business,2023-03-16,B2B Direct,1
C104978,Sarah,Brown,North America,Canada,Small Business,2026-03-24,Marketplace,1
C104979,Ava,King,North America,Canada,Individual,2022-05-13,Online,1
C104980,Priya,Jones,Latin America,Argentina,Individual,2023-07-31,Marketplace,1
C104981,John,Rodriguez,North America,USA,Individual,2022-06-12,Marketplace,1
C104982,David,Moore,APAC,South Korea,Individual,2022-02-02,In-Store,0
C104983,Susan,Young,Middle East,Kuwait,Individual,2024-07-12,Online,1
C104984,Patricia,Walker,Europe,UK,Individual,2025-11-10,B2B Direct,0
C104985,James,Clark,North America,Canada,Individual,2024-07-10,B2B Direct,1
C104986,Lucas,Gonzalez,APAC,South Korea,Individual,2024-11-22,Online,1
C104987,Wei,Brown,APAC,Australia,Individual,2025-07-28,Marketplace,1
C104988,Joseph,Rodriguez,APAC,Singapore,Individual,2025-10-15,Online,0
C104989,Yuki,Davis,APAC,India,Individual,2025-03-31,Online,1
C104990,Hiroshi,Garcia,Latin America,Argentina,Small Business,2022-03-12,Online,1
C104991,Elena,King,Europe,Italy,Individual,2023-04-20,Online,1
C104992,Fatima,Garcia,North America,USA,Small Business,2026-05-08,In-Store,1
C104993,Thomas,Taylor,APAC,Japan,Individual,2021-12-26,Online,1
C104994,Noah,Gonzalez,North America,Mexico,Enterprise,2024-02-27,Online,1
C104995,John,Perez,Middle East,Qatar,Small Business,2023-05-14,Online,1
C104996,Diego,Jackson,North America,USA,Individual,2022-09-26,Marketplace,1
C104997,Diego,Ramirez,North America,Mexico,Enterprise,2024-06-18,Online,0
C104998,Susan,Harris,Middle East,Qatar,Individual,2025-07-09,In-Store,1
C104999,Yuki,Davis,Europe,UK,Individual,2025-09-29,In-Store,1
