ticket_id,customer_id,ticket_date,ticket_type,resolution_time_hours,csat_score,escalated
TKT700001,C100000,2022-06-03,Return Request,14.1,2,0
TKT700002,C100001,2024-07-28,Return Request,28.9,3,0
TKT700003,C100002,2025-02-22,General Inquiry,18.7,3,1
TKT700004,C100002,2024-05-17,Product Defect,5.4,2,0
TKT700005,C100004,2025-02-23,General Inquiry,17.6,3,0
TKT700006,C100005,2026-07-08,Delivery Delay,35.0,1,0
TKT700007,C100005,2025-10-07,Refund Request,6.4,1,1
TKT700008,C100008,2025-08-11,Delivery Delay,6.1,2,0
TKT700009,C100008,2024-01-27,Account Access,40.5,2,1
TKT700010,C100008,2025-03-13,Delivery Delay,11.0,1,0
TKT700011,C100008,2024-01-22,Product Defect,12.6,1,0
TKT700012,C100008,2023-11-25,Account Access,4.2,1,0
TKT700013,C100009,2022-06-02,General Inquiry,6.2,2,0
TKT700014,C100010,2026-08-08,General Inquiry,4.8,3,0
TKT700015,C100011,2024-01-11,Billing Issue,26.1,1,0
TKT700016,C100011,2023-07-01,Delivery Delay,12.8,1,0
TKT700017,C100012,2025-03-13,Billing Issue,29.0,2,0
TKT700018,C100015,2025-07-21,Delivery Delay,2.7,3,0
TKT700019,C100015,2025-09-22,Technical Support,12.8,3,0
TKT700020,C100017,2025-09-26,Refund Request,18.1,3,0
TKT700021,C100017,2025-11-21,Product Defect,18.3,3,0
TKT700022,C100018,2024-06-29,Product Defect,10.0,3,0
TKT700023,C100018,2022-05-23,General Inquiry,10.4,4,1
TKT700024,C100021,2024-07-14,General Inquiry,10.1,1,0
TKT700025,C100021,2025-09-20,Technical Support,10.3,1,1
TKT700026,C100021,2024-08-23,Technical Support,25.1,2,1
TKT700027,C100022,2025-04-28,General Inquiry,10.8,1,0
TKT700028,C100024,2024-02-11,Account Access,12.5,3,0
TKT700029,C100025,2023-04-17,Refund Request,1.9,1,0
TKT700030,C100025,2025-03-25,Billing Issue,8.5,1,1
TKT700031,C100025,2024-04-23,Billing Issue,40.7,2,0
TKT700032,C100025,2026-06-02,Billing Issue,12.9,1,0
TKT700033,C100026,2025-06-24,General Inquiry,11.6,2,0
TKT700034,C100027,2025-03-24,Account Access,12.4,3,0
TKT700035,C100027,2024-04-21,Technical Support,10.2,2,0
TKT700036,C100028,2025-07-21,Technical Support,25.5,1,0
TKT700037,C100028,2025-10-13,Account Access,27.1,2,0
TKT700038,C100028,2026-02-22,Technical Support,7.4,1,0
TKT700039,C100028,2026-04-18,Technical Support,0.9,2,0
TKT700040,C100028,2026-04-02,General Inquiry,58.1,2,0
TKT700041,C100028,2025-06-05,Delivery Delay,6.2,1,0
TKT700042,C100029,2024-11-29,Billing Issue,10.6,1,0
TKT700043,C100029,2022-08-14,General Inquiry,35.3,1,0
TKT700044,C100029,2022-12-06,Account Access,4.8,1,0
TKT700045,C100029,2024-04-17,Account Access,32.0,1,0
TKT700046,C100029,2025-01-06,Delivery Delay,42.0,1,0
TKT700047,C100030,2025-07-20,Billing Issue,32.4,1,0
TKT700048,C100031,2026-06-24,Delivery Delay,25.1,2,0
TKT700049,C100033,2025-06-04,Product Defect,0.9,4,0
TKT700050,C100034,2025-05-27,Product Defect,8.4,1,1
TKT700051,C100034,2025-08-08,Delivery Delay,18.1,1,0
TKT700052,C100034,2025-03-08,Account Access,13.3,1,0
TKT700053,C100035,2026-08-08,Refund Request,2.8,2,0
TKT700054,C100035,2025-03-25,Return Request,0.9,1,0
TKT700055,C100035,2026-06-16,Refund Request,19.4,5,0
TKT700056,C100035,2026-01-26,General Inquiry,9.0,4,0
TKT700057,C100037,2025-05-05,Technical Support,4.7,4,0
TKT700058,C100039,2023-03-11,Refund Request,5.7,1,0
TKT700059,C100039,2026-04-26,General Inquiry,16.5,1,0
TKT700060,C100041,2024-12-17,General Inquiry,32.3,2,0
TKT700061,C100041,2024-08-14,Technical Support,1.6,2,1
TKT700062,C100041,2025-07-29,Return Request,24.7,1,0
TKT700063,C100041,2024-01-11,Delivery Delay,6.4,2,0
TKT700064,C100042,2023-11-21,Return Request,9.0,1,0
TKT700065,C100042,2025-09-28,Product Defect,6.2,2,0
TKT700066,C100042,2023-02-17,Account Access,22.0,1,0
TKT700067,C100042,2023-07-28,Delivery Delay,22.4,2,1
TKT700068,C100043,2026-03-02,General Inquiry,22.3,5,0
TKT700069,C100044,2023-10-04,Billing Issue,25.8,2,0
TKT700070,C100045,2025-08-27,General Inquiry,2.2,4,0
TKT700071,C100047,2024-10-25,Refund Request,18.3,1,0
TKT700072,C100047,2023-11-09,Account Access,5.0,1,0
TKT700073,C100047,2025-03-30,Return Request,3.4,1,0
TKT700074,C100048,2024-05-17,Product Defect,11.1,2,0
TKT700075,C100050,2023-09-01,Billing Issue,35.0,3,0
TKT700076,C100050,2024-01-19,Return Request,29.6,3,0
TKT700077,C100051,2025-07-18,Return Request,3.3,3,0
TKT700078,C100052,2025-10-04,Account Access,4.6,3,0
TKT700079,C100053,2025-05-27,Product Defect,7.7,2,0
TKT700080,C100054,2025-02-18,Delivery Delay,4.7,2,0
TKT700081,C100055,2025-09-19,Billing Issue,13.5,4,0
TKT700082,C100057,2026-07-22,Product Defect,22.4,3,0
TKT700083,C100059,2024-07-26,Delivery Delay,11.4,1,0
TKT700084,C100061,2026-02-28,Account Access,47.6,1,1
TKT700085,C100061,2025-11-07,Return Request,17.9,2,0
TKT700086,C100061,2025-03-17,Return Request,30.3,2,0
TKT700087,C100061,2025-01-24,Product Defect,1.2,1,0
TKT700088,C100061,2025-07-06,Product Defect,35.3,2,0
TKT700089,C100062,2025-02-03,Delivery Delay,7.7,1,0
TKT700090,C100062,2021-07-12,Refund Request,18.4,2,0
TKT700091,C100063,2025-01-15,Billing Issue,7.6,3,1
TKT700092,C100063,2023-05-05,Return Request,5.1,2,1
TKT700093,C100065,2024-12-27,Account Access,34.0,3,0
TKT700094,C100067,2024-10-07,Return Request,1.5,4,0
TKT700095,C100067,2025-05-04,Refund Request,14.3,3,0
TKT700096,C100068,2021-08-20,Technical Support,7.7,3,0
TKT700097,C100069,2026-02-26,Account Access,2.6,5,0
TKT700098,C100070,2026-04-20,Account Access,9.0,1,0
TKT700099,C100070,2026-08-03,Refund Request,36.5,2,0
TKT700100,C100070,2026-02-22,Refund Request,20.5,1,0
TKT700101,C100071,2023-10-11,Delivery Delay,5.5,3,1
TKT700102,C100071,2022-04-14,Delivery Delay,29.3,1,0
TKT700103,C100072,2022-07-10,Return Request,16.1,3,0
TKT700104,C100075,2025-03-15,Delivery Delay,2.1,2,1
TKT700105,C100075,2025-07-30,Delivery Delay,18.8,1,1
TKT700106,C100078,2024-07-23,Account Access,3.0,3,0
TKT700107,C100078,2023-02-06,Product Defect,3.9,2,0
TKT700108,C100079,2023-11-18,Delivery Delay,9.9,3,0
TKT700109,C100079,2024-08-16,Refund Request,7.0,2,0
TKT700110,C100079,2026-02-25,Return Request,7.3,3,0
TKT700111,C100081,2026-07-19,General Inquiry,12.8,2,0
TKT700112,C100084,2022-04-04,Delivery Delay,20.3,4,0
TKT700113,C100087,2026-04-29,Refund Request,8.0,3,0
TKT700114,C100087,2025-07-11,Account Access,27.3,4,0
TKT700115,C100088,2025-08-31,Account Access,13.5,2,0
TKT700116,C100092,2025-01-29,Delivery Delay,5.6,3,0
TKT700117,C100093,2024-05-01,Delivery Delay,10.8,2,0
TKT700118,C100093,2025-05-12,Technical Support,13.2,2,1
TKT700119,C100094,2024-05-05,Refund Request,13.1,2,0
TKT700120,C100096,2025-04-07,Billing Issue,3.2,2,0
TKT700121,C100096,2024-03-25,General Inquiry,5.3,1,1
TKT700122,C100096,2025-06-06,Return Request,4.9,2,0
TKT700123,C100097,2025-12-20,Product Defect,25.1,2,0
TKT700124,C100097,2026-05-18,Product Defect,14.7,1,0
TKT700125,C100098,2025-07-24,Billing Issue,4.2,1,0
TKT700126,C100098,2025-06-11,Technical Support,25.2,1,0
TKT700127,C100099,2026-01-18,Billing Issue,5.6,2,0
TKT700128,C100099,2023-01-23,Refund Request,28.9,3,0
TKT700129,C100099,2023-07-23,Billing Issue,25.3,1,1
TKT700130,C100103,2026-01-16,Account Access,51.4,1,0
TKT700131,C100103,2026-04-17,Technical Support,30.1,1,0
TKT700132,C100104,2023-10-24,Technical Support,3.2,1,0
TKT700133,C100104,2025-10-31,Technical Support,16.1,1,0
TKT700134,C100104,2026-03-11,Delivery Delay,9.8,1,0
TKT700135,C100104,2025-02-12,Billing Issue,10.8,3,1
TKT700136,C100108,2024-07-31,Product Defect,8.5,1,0
TKT700137,C100110,2025-10-26,Return Request,16.2,3,0
TKT700138,C100110,2026-06-08,Delivery Delay,18.2,2,1
TKT700139,C100112,2025-07-31,Account Access,35.1,1,1
TKT700140,C100112,2025-10-24,Delivery Delay,7.3,1,0
TKT700141,C100112,2026-06-26,Billing Issue,7.8,1,0
TKT700142,C100114,2026-08-03,Return Request,8.4,5,1
TKT700143,C100117,2025-04-08,Billing Issue,37.2,1,0
TKT700144,C100118,2025-05-15,Delivery Delay,7.7,2,0
TKT700145,C100119,2024-09-22,Technical Support,29.7,2,1
TKT700146,C100120,2023-08-04,Refund Request,2.2,2,0
TKT700147,C100122,2022-10-07,Account Access,63.4,1,1
TKT700148,C100122,2023-12-14,Delivery Delay,45.5,1,0
TKT700149,C100122,2025-01-31,Billing Issue,40.0,1,1
TKT700150,C100123,2026-08-07,Delivery Delay,24.9,4,0
TKT700151,C100125,2026-06-25,Refund Request,9.4,1,1
TKT700152,C100126,2024-07-19,Billing Issue,15.6,3,0
TKT700153,C100126,2023-03-27,Account Access,16.1,1,0
TKT700154,C100127,2022-09-25,Return Request,7.4,2,0
TKT700155,C100127,2024-06-05,General Inquiry,18.2,2,0
TKT700156,C100128,2026-07-09,Refund Request,9.5,3,0
TKT700157,C100128,2026-08-05,Delivery Delay,9.8,3,0
TKT700158,C100130,2025-11-13,Product Defect,30.9,1,1
TKT700159,C100131,2026-06-24,General Inquiry,5.1,3,0
TKT700160,C100131,2026-04-09,Return Request,2.2,5,0
TKT700161,C100133,2026-01-13,Product Defect,3.8,2,0
TKT700162,C100133,2024-11-01,General Inquiry,19.0,1,0
TKT700163,C100135,2024-11-06,Return Request,12.7,2,0
TKT700164,C100135,2025-01-01,Delivery Delay,17.1,3,0
TKT700165,C100136,2026-02-10,Account Access,18.8,3,0
TKT700166,C100137,2026-03-05,Technical Support,6.6,1,0
TKT700167,C100137,2025-05-26,Refund Request,2.8,3,0
TKT700168,C100141,2024-10-24,Technical Support,6.4,1,0
TKT700169,C100142,2026-06-04,Technical Support,10.7,4,0
TKT700170,C100142,2026-04-14,Delivery Delay,5.3,2,1
TKT700171,C100142,2024-12-01,Billing Issue,8.5,3,0
TKT700172,C100142,2025-05-23,Technical Support,22.7,4,0
TKT700173,C100143,2026-08-12,Return Request,23.5,4,0
TKT700174,C100143,2026-08-11,Billing Issue,13.3,2,0
TKT700175,C100144,2026-02-22,Billing Issue,11.8,2,0
TKT700176,C100146,2026-01-16,Product Defect,6.6,1,0
TKT700177,C100146,2026-03-31,General Inquiry,13.7,1,0
TKT700178,C100147,2025-02-06,General Inquiry,16.9,2,0
TKT700179,C100148,2024-08-13,Technical Support,21.1,2,0
TKT700180,C100148,2026-04-20,Account Access,4.9,1,0
TKT700181,C100148,2025-09-24,Account Access,6.2,3,0
TKT700182,C100149,2026-03-26,Delivery Delay,7.9,5,0
TKT700183,C100150,2026-05-28,Technical Support,11.1,2,0
TKT700184,C100150,2025-09-23,Billing Issue,41.1,4,0
TKT700185,C100152,2025-12-21,General Inquiry,11.8,5,1
TKT700186,C100152,2026-02-16,Billing Issue,7.0,4,0
TKT700187,C100153,2026-06-30,Delivery Delay,6.5,3,0
TKT700188,C100154,2026-01-16,Refund Request,20.5,4,0
TKT700189,C100155,2026-01-22,Account Access,22.5,5,0
TKT700190,C100157,2021-07-21,Product Defect,38.3,3,0
TKT700191,C100157,2022-12-16,Technical Support,11.9,2,0
TKT700192,C100158,2026-03-29,Refund Request,14.1,2,0
TKT700193,C100159,2026-01-12,Billing Issue,8.2,1,0
TKT700194,C100160,2025-12-18,Product Defect,9.9,3,0
TKT700195,C100161,2026-07-04,Refund Request,25.3,1,1
TKT700196,C100161,2024-10-31,Delivery Delay,16.1,1,0
TKT700197,C100162,2025-01-01,Product Defect,1.2,1,0
TKT700198,C100162,2026-01-01,General Inquiry,11.3,4,0
TKT700199,C100162,2025-06-16,Technical Support,28.2,2,0
TKT700200,C100163,2025-08-10,Billing Issue,52.2,2,0
TKT700201,C100163,2024-01-03,Technical Support,19.2,1,0
TKT700202,C100164,2026-04-21,Technical Support,55.7,2,0
TKT700203,C100165,2026-07-03,Technical Support,43.9,1,1
TKT700204,C100167,2023-12-13,Return Request,5.7,4,0
TKT700205,C100169,2024-03-23,Return Request,11.1,3,0
TKT700206,C100170,2023-04-18,Delivery Delay,6.5,3,0
TKT700207,C100171,2025-05-15,Account Access,162.6,1,0
TKT700208,C100171,2025-05-09,General Inquiry,8.6,1,0
TKT700209,C100171,2026-06-21,Billing Issue,12.7,1,0
TKT700210,C100171,2025-05-28,General Inquiry,33.2,2,0
TKT700211,C100171,2026-06-08,Product Defect,11.4,2,0
TKT700212,C100171,2024-07-06,Delivery Delay,10.8,1,0
TKT700213,C100172,2026-05-21,Account Access,10.0,3,0
TKT700214,C100172,2026-05-08,Return Request,33.7,4,1
TKT700215,C100173,2026-07-08,Return Request,22.8,1,1
TKT700216,C100174,2026-02-20,Technical Support,3.5,3,0
TKT700217,C100175,2025-12-21,Account Access,9.5,1,0
TKT700218,C100177,2026-06-23,Refund Request,18.5,1,0
TKT700219,C100177,2025-12-12,General Inquiry,27.3,2,1
TKT700220,C100177,2025-04-22,Billing Issue,2.1,1,0
TKT700221,C100178,2024-12-20,Account Access,5.6,4,0
TKT700222,C100180,2026-07-26,Billing Issue,16.5,2,1
TKT700223,C100182,2026-01-21,Billing Issue,12.9,2,0
TKT700224,C100182,2026-05-12,Refund Request,7.6,1,0
TKT700225,C100182,2025-12-27,Refund Request,12.6,1,0
TKT700226,C100182,2025-10-21,Account Access,50.8,1,0
TKT700227,C100184,2026-07-22,Return Request,10.6,3,1
TKT700228,C100185,2025-03-19,Product Defect,14.8,3,0
TKT700229,C100186,2023-05-12,Product Defect,13.1,5,0
TKT700230,C100187,2026-01-29,Delivery Delay,19.5,1,1
TKT700231,C100187,2026-01-15,General Inquiry,6.6,2,0
TKT700232,C100187,2026-08-04,Technical Support,29.0,3,0
TKT700233,C100187,2026-07-28,Account Access,23.9,1,0
TKT700234,C100187,2026-01-04,General Inquiry,9.5,1,0
TKT700235,C100188,2026-04-22,Billing Issue,20.0,1,0
TKT700236,C100188,2025-09-27,Billing Issue,16.1,2,0
TKT700237,C100188,2025-11-21,Billing Issue,18.2,1,1
TKT700238,C100188,2026-07-09,Technical Support,1.8,2,1
TKT700239,C100190,2026-04-13,Technical Support,2.0,5,0
TKT700240,C100193,2026-03-18,Technical Support,24.8,2,0
TKT700241,C100193,2026-07-27,Product Defect,28.4,2,0
TKT700242,C100194,2026-06-03,Refund Request,8.9,2,0
TKT700243,C100195,2022-08-17,Refund Request,7.2,1,0
TKT700244,C100195,2023-03-16,Technical Support,7.7,3,0
TKT700245,C100195,2026-03-09,Delivery Delay,18.4,1,0
TKT700246,C100196,2026-07-29,Billing Issue,19.3,2,0
TKT700247,C100196,2026-03-31,Technical Support,4.4,1,0
TKT700248,C100197,2024-08-13,Billing Issue,11.3,3,0
TKT700249,C100198,2024-12-08,Delivery Delay,3.5,1,0
TKT700250,C100199,2023-07-11,Billing Issue,23.7,4,0
TKT700251,C100199,2021-10-15,Billing Issue,4.9,3,0
TKT700252,C100202,2025-09-03,General Inquiry,13.8,2,0
TKT700253,C100202,2025-02-23,Account Access,5.9,2,0
TKT700254,C100203,2026-01-14,Return Request,11.0,3,0
TKT700255,C100203,2025-04-04,Refund Request,16.1,3,0
TKT700256,C100204,2025-08-03,Account Access,8.4,2,0
TKT700257,C100205,2025-04-27,Refund Request,0.7,1,0
TKT700258,C100205,2025-02-13,General Inquiry,1.8,3,0
TKT700259,C100205,2026-07-15,Delivery Delay,10.7,1,0
TKT700260,C100205,2024-09-18,Product Defect,13.8,1,0
TKT700261,C100205,2026-03-22,Refund Request,12.0,1,0
TKT700262,C100205,2026-03-07,Technical Support,1.9,3,1
TKT700263,C100206,2026-01-21,Account Access,29.4,1,1
TKT700264,C100206,2026-02-22,General Inquiry,23.9,1,1
TKT700265,C100206,2025-11-09,Technical Support,7.3,1,0
TKT700266,C100206,2026-05-06,Account Access,24.3,1,0
TKT700267,C100207,2022-11-06,Delivery Delay,4.0,3,0
TKT700268,C100208,2026-06-30,General Inquiry,16.6,1,0
TKT700269,C100211,2022-10-19,Account Access,3.3,3,0
TKT700270,C100211,2024-11-05,General Inquiry,4.6,3,0
TKT700271,C100212,2026-01-06,Billing Issue,8.4,3,1
TKT700272,C100213,2026-03-24,Technical Support,14.2,2,0
TKT700273,C100214,2026-06-29,General Inquiry,8.5,3,0
TKT700274,C100216,2025-10-17,General Inquiry,15.6,3,0
TKT700275,C100217,2026-04-22,Return Request,23.7,2,1
TKT700276,C100217,2026-01-12,Delivery Delay,10.4,2,0
TKT700277,C100218,2025-06-06,Return Request,24.7,1,0
TKT700278,C100219,2026-01-05,General Inquiry,17.6,2,0
TKT700279,C100220,2025-07-31,Technical Support,3.0,3,0
TKT700280,C100222,2024-03-07,Delivery Delay,4.3,1,0
TKT700281,C100222,2025-06-23,Account Access,6.6,2,0
TKT700282,C100224,2024-03-11,Return Request,1.1,1,0
TKT700283,C100224,2022-12-08,Technical Support,9.8,1,0
TKT700284,C100225,2026-07-15,General Inquiry,18.0,3,0
TKT700285,C100226,2023-12-26,Product Defect,22.2,2,1
TKT700286,C100226,2022-08-07,Technical Support,15.2,2,0
TKT700287,C100227,2022-11-21,General Inquiry,47.4,2,0
TKT700288,C100229,2023-03-03,Billing Issue,5.0,2,0
TKT700289,C100230,2025-07-01,Return Request,21.0,2,0
TKT700290,C100230,2025-04-12,Billing Issue,4.9,1,1
TKT700291,C100231,2025-09-10,Delivery Delay,7.5,3,0
TKT700292,C100235,2025-05-29,Delivery Delay,40.1,4,0
TKT700293,C100235,2026-04-05,Return Request,2.5,2,0
TKT700294,C100235,2024-03-15,Billing Issue,12.9,3,1
TKT700295,C100236,2025-12-08,General Inquiry,5.4,1,0
TKT700296,C100236,2025-11-08,General Inquiry,12.3,1,0
TKT700297,C100236,2025-08-29,Return Request,14.3,1,0
TKT700298,C100238,2026-07-22,Delivery Delay,31.7,1,0
TKT700299,C100238,2023-02-15,Account Access,27.0,1,0
TKT700300,C100240,2023-10-22,Technical Support,15.8,1,1
TKT700301,C100242,2026-01-17,Account Access,27.0,1,0
TKT700302,C100242,2025-05-19,Billing Issue,9.6,1,1
TKT700303,C100244,2024-02-02,Account Access,6.6,2,0
TKT700304,C100245,2025-12-04,Return Request,13.7,1,1
TKT700305,C100248,2026-06-30,Technical Support,22.4,2,0
TKT700306,C100249,2024-06-03,Product Defect,5.8,1,0
TKT700307,C100249,2025-02-06,Billing Issue,38.8,1,0
TKT700308,C100252,2024-02-04,Product Defect,5.4,3,1
TKT700309,C100252,2023-11-15,Billing Issue,12.7,4,0
TKT700310,C100254,2026-04-04,Delivery Delay,29.3,1,0
TKT700311,C100254,2024-01-10,Refund Request,52.4,2,1
TKT700312,C100254,2025-04-14,Refund Request,15.9,1,0
TKT700313,C100254,2025-08-17,Account Access,44.0,1,1
TKT700314,C100255,2026-06-18,Billing Issue,17.8,1,0
TKT700315,C100256,2025-09-30,Billing Issue,2.9,2,0
TKT700316,C100258,2026-07-30,Product Defect,9.2,4,0
TKT700317,C100259,2025-12-12,Product Defect,18.1,3,0
TKT700318,C100259,2026-05-17,Technical Support,15.3,2,0
TKT700319,C100259,2026-03-30,Billing Issue,19.1,2,0
TKT700320,C100262,2026-01-20,Billing Issue,1.0,4,0
TKT700321,C100263,2026-07-22,Billing Issue,28.9,3,0
TKT700322,C100264,2026-02-13,Refund Request,7.1,3,1
TKT700323,C100265,2025-03-21,Delivery Delay,14.1,3,0
TKT700324,C100266,2025-02-26,Refund Request,13.8,3,1
TKT700325,C100268,2026-08-10,General Inquiry,24.2,3,0
TKT700326,C100268,2026-08-12,Delivery Delay,21.5,3,1
TKT700327,C100269,2024-12-13,Product Defect,9.9,4,0
TKT700328,C100272,2023-02-20,Delivery Delay,14.9,4,0
TKT700329,C100273,2025-09-19,Delivery Delay,6.0,2,0
TKT700330,C100274,2025-08-20,Technical Support,1.3,1,0
TKT700331,C100274,2023-03-20,General Inquiry,19.7,4,0
TKT700332,C100274,2024-04-18,Refund Request,17.9,1,0
TKT700333,C100275,2025-01-05,Product Defect,19.2,2,1
TKT700334,C100275,2025-04-24,Refund Request,11.9,2,0
TKT700335,C100276,2025-07-30,General Inquiry,15.2,4,0
TKT700336,C100279,2022-11-21,Account Access,29.0,1,0
TKT700337,C100280,2022-09-17,Product Defect,62.3,3,0
TKT700338,C100281,2025-04-18,Billing Issue,20.0,2,0
TKT700339,C100281,2025-11-21,Technical Support,11.2,1,0
TKT700340,C100281,2025-03-06,Return Request,5.0,1,0
TKT700341,C100282,2025-06-21,Account Access,4.3,2,0
TKT700342,C100284,2026-07-22,Return Request,12.1,1,0
TKT700343,C100284,2025-11-03,Account Access,52.8,1,0
TKT700344,C100284,2025-08-12,General Inquiry,7.4,1,0
TKT700345,C100284,2026-01-16,Billing Issue,18.2,1,1
TKT700346,C100284,2025-09-01,Return Request,27.0,1,0
TKT700347,C100285,2025-05-28,Refund Request,16.7,1,0
TKT700348,C100286,2026-07-24,Billing Issue,14.0,4,0
TKT700349,C100287,2022-12-15,Account Access,32.5,2,0
TKT700350,C100287,2026-06-14,Technical Support,18.6,2,0
TKT700351,C100288,2025-03-23,Refund Request,1.3,1,0
TKT700352,C100288,2025-11-30,Billing Issue,6.0,1,0
TKT700353,C100288,2026-02-09,Product Defect,8.9,2,0
TKT700354,C100289,2023-02-08,Delivery Delay,4.0,4,0
TKT700355,C100291,2024-09-03,Return Request,7.1,5,0
TKT700356,C100292,2022-10-23,General Inquiry,20.6,1,0
TKT700357,C100292,2022-02-28,Account Access,5.5,4,0
TKT700358,C100293,2026-07-31,Account Access,17.5,1,0
TKT700359,C100293,2025-12-23,Product Defect,15.2,1,0
TKT700360,C100294,2024-08-29,Refund Request,5.4,3,0
TKT700361,C100294,2025-06-03,Billing Issue,26.7,3,0
TKT700362,C100294,2023-11-05,General Inquiry,11.0,3,0
TKT700363,C100294,2024-02-12,Account Access,11.9,3,1
TKT700364,C100294,2023-10-27,General Inquiry,27.0,3,0
TKT700365,C100295,2025-08-26,Return Request,43.8,1,1
TKT700366,C100295,2024-09-20,Return Request,13.9,1,0
TKT700367,C100295,2026-01-24,Account Access,13.6,1,0
TKT700368,C100296,2025-04-01,Delivery Delay,3.3,1,0
TKT700369,C100300,2025-04-20,General Inquiry,6.4,2,0
TKT700370,C100300,2023-01-05,Account Access,6.2,3,1
TKT700371,C100300,2026-01-06,Billing Issue,12.6,2,0
TKT700372,C100300,2022-10-10,Return Request,18.0,2,0
TKT700373,C100302,2026-04-08,Refund Request,20.3,1,0
TKT700374,C100302,2026-08-06,Refund Request,16.3,2,0
TKT700375,C100303,2024-10-22,Return Request,8.8,1,0
TKT700376,C100304,2026-06-04,Refund Request,3.7,2,0
TKT700377,C100304,2025-12-20,Refund Request,45.8,2,0
TKT700378,C100304,2026-04-08,General Inquiry,9.1,1,1
TKT700379,C100306,2025-12-15,General Inquiry,3.5,4,0
TKT700380,C100306,2025-07-12,Account Access,20.8,1,0
TKT700381,C100306,2024-08-11,General Inquiry,28.4,2,0
TKT700382,C100308,2024-12-04,Delivery Delay,4.7,1,0
TKT700383,C100308,2022-03-30,Product Defect,4.0,2,1
TKT700384,C100309,2026-03-11,Refund Request,8.3,2,0
TKT700385,C100310,2026-08-02,Account Access,14.3,2,0
TKT700386,C100310,2026-07-31,Billing Issue,31.0,1,0
TKT700387,C100311,2023-12-29,Return Request,25.7,3,1
TKT700388,C100311,2022-08-16,Refund Request,47.4,2,0
TKT700389,C100315,2024-04-02,Account Access,18.1,2,0
TKT700390,C100315,2025-04-11,Billing Issue,25.2,1,1
TKT700391,C100315,2026-03-31,Delivery Delay,6.5,1,0
TKT700392,C100315,2026-07-13,Return Request,27.1,3,0
TKT700393,C100316,2026-01-15,Refund Request,33.5,1,0
TKT700394,C100317,2026-02-01,Delivery Delay,62.7,2,0
TKT700395,C100317,2025-05-11,Refund Request,22.4,1,0
TKT700396,C100318,2024-11-29,Account Access,3.9,3,0
TKT700397,C100318,2024-11-19,Technical Support,8.9,2,1
TKT700398,C100319,2023-08-18,Return Request,10.3,1,0
TKT700399,C100319,2021-11-03,Technical Support,16.4,1,0
TKT700400,C100321,2026-07-04,Delivery Delay,3.3,2,1
TKT700401,C100323,2026-04-20,Technical Support,13.4,1,0
TKT700402,C100323,2026-06-17,Technical Support,34.0,1,0
TKT700403,C100323,2026-01-17,Delivery Delay,8.8,3,0
TKT700404,C100324,2024-02-12,Technical Support,10.8,3,0
TKT700405,C100325,2026-02-14,Account Access,12.6,1,0
TKT700406,C100326,2026-06-23,Product Defect,35.9,1,0
TKT700407,C100328,2026-06-20,Account Access,15.4,1,0
TKT700408,C100328,2025-03-26,Product Defect,11.2,2,1
TKT700409,C100328,2025-07-01,Delivery Delay,44.7,1,0
TKT700410,C100330,2025-02-28,Product Defect,4.1,5,0
TKT700411,C100331,2026-07-27,General Inquiry,8.5,2,0
TKT700412,C100331,2025-11-12,Technical Support,9.2,1,1
TKT700413,C100332,2026-04-23,Return Request,6.6,4,0
TKT700414,C100333,2024-10-07,Refund Request,4.0,2,0
TKT700415,C100333,2024-05-03,Account Access,14.5,2,0
TKT700416,C100337,2026-02-13,Refund Request,14.6,5,0
TKT700417,C100338,2024-05-24,Delivery Delay,13.2,3,0
TKT700418,C100340,2022-06-10,Return Request,13.9,2,0
TKT700419,C100340,2023-06-10,Product Defect,7.0,2,0
TKT700420,C100341,2024-07-22,General Inquiry,0.6,4,0
TKT700421,C100344,2022-07-11,Account Access,9.9,3,0
TKT700422,C100344,2023-04-02,Technical Support,6.2,1,1
TKT700423,C100344,2024-10-19,General Inquiry,11.2,1,0
TKT700424,C100344,2023-09-16,Refund Request,51.2,1,0
TKT700425,C100345,2025-03-09,Account Access,16.4,1,0
TKT700426,C100345,2025-01-09,Refund Request,10.2,1,1
TKT700427,C100345,2025-07-27,Delivery Delay,15.2,2,0
TKT700428,C100346,2026-01-12,Return Request,17.6,1,0
TKT700429,C100346,2025-10-15,Billing Issue,22.7,1,0
TKT700430,C100347,2025-09-22,Product Defect,14.1,4,0
TKT700431,C100347,2024-07-01,Product Defect,9.7,1,0
TKT700432,C100348,2026-01-05,Account Access,5.3,3,0
TKT700433,C100349,2025-08-15,Technical Support,30.5,1,0
TKT700434,C100349,2025-10-08,Account Access,16.2,1,0
TKT700435,C100350,2024-05-09,Delivery Delay,13.5,2,1
TKT700436,C100350,2025-08-20,Refund Request,6.7,2,0
TKT700437,C100351,2026-03-07,Technical Support,13.9,3,0
TKT700438,C100351,2022-08-02,Refund Request,8.9,2,0
TKT700439,C100352,2023-04-11,Product Defect,1.6,2,0
TKT700440,C100353,2024-04-29,Technical Support,17.1,3,0
TKT700441,C100353,2025-11-25,Technical Support,8.1,4,0
TKT700442,C100354,2025-02-24,Product Defect,18.5,2,0
TKT700443,C100355,2024-03-13,Billing Issue,3.6,4,0
TKT700444,C100355,2021-06-27,Return Request,9.4,2,0
TKT700445,C100357,2023-10-08,Billing Issue,2.5,1,0
TKT700446,C100357,2026-06-19,Billing Issue,13.7,2,0
TKT700447,C100357,2024-09-03,Technical Support,25.8,3,0
TKT700448,C100359,2025-09-24,Return Request,25.4,1,1
TKT700449,C100360,2024-06-22,Delivery Delay,7.2,1,0
TKT700450,C100360,2025-12-30,Account Access,6.4,3,0
TKT700451,C100361,2026-01-20,Billing Issue,34.5,1,0
TKT700452,C100362,2026-08-01,Billing Issue,15.8,1,0
TKT700453,C100362,2026-08-04,Return Request,2.0,1,0
TKT700454,C100363,2024-12-11,Return Request,13.4,4,0
TKT700455,C100363,2024-11-18,Billing Issue,7.5,1,1
TKT700456,C100364,2023-09-15,Technical Support,17.2,1,0
TKT700457,C100365,2026-07-11,Product Defect,2.4,5,0
TKT700458,C100369,2024-12-08,Technical Support,12.1,3,0
TKT700459,C100369,2024-05-24,General Inquiry,41.5,3,0
TKT700460,C100370,2026-02-11,Delivery Delay,7.2,1,1
TKT700461,C100370,2025-03-08,Product Defect,36.2,1,0
TKT700462,C100371,2026-03-20,Account Access,9.6,5,0
TKT700463,C100372,2026-08-02,Account Access,22.0,3,0
TKT700464,C100373,2025-11-08,Return Request,11.8,4,0
TKT700465,C100376,2025-04-30,Product Defect,23.8,2,0
TKT700466,C100377,2024-11-30,Delivery Delay,8.3,1,0
TKT700467,C100378,2024-11-24,Product Defect,18.0,2,0
TKT700468,C100378,2026-02-21,Return Request,12.0,2,0
TKT700469,C100378,2023-08-03,General Inquiry,17.1,1,0
TKT700470,C100378,2023-02-26,Refund Request,33.5,1,1
TKT700471,C100378,2025-08-06,Product Defect,32.5,1,0
TKT700472,C100379,2023-07-21,Account Access,7.4,4,0
TKT700473,C100381,2026-03-08,General Inquiry,6.3,1,0
TKT700474,C100382,2023-12-25,Return Request,3.6,4,0
TKT700475,C100383,2024-09-16,Delivery Delay,4.4,3,0
TKT700476,C100384,2023-10-22,Account Access,36.1,1,0
TKT700477,C100384,2024-09-16,Delivery Delay,23.7,4,0
TKT700478,C100386,2026-08-05,Technical Support,8.0,1,0
TKT700479,C100388,2025-02-20,General Inquiry,2.6,3,1
TKT700480,C100388,2025-07-02,Product Defect,8.1,3,0
TKT700481,C100388,2022-09-24,Return Request,31.3,1,0
TKT700482,C100389,2022-12-01,General Inquiry,8.5,4,0
TKT700483,C100390,2025-06-07,Delivery Delay,8.8,4,0
TKT700484,C100393,2024-11-25,Technical Support,4.9,3,0
TKT700485,C100395,2025-03-25,Refund Request,6.8,2,0
TKT700486,C100397,2026-03-12,Billing Issue,8.1,4,0
TKT700487,C100399,2024-08-26,Product Defect,7.6,5,0
TKT700488,C100400,2025-02-05,Account Access,11.8,4,0
TKT700489,C100401,2026-07-04,Account Access,22.5,2,0
TKT700490,C100401,2026-06-19,General Inquiry,24.3,2,0
TKT700491,C100401,2026-08-05,Product Defect,18.2,2,0
TKT700492,C100402,2024-09-23,Refund Request,20.2,2,1
TKT700493,C100403,2025-08-20,General Inquiry,10.7,2,0
TKT700494,C100404,2026-07-09,Billing Issue,15.3,3,1
TKT700495,C100405,2026-06-08,Return Request,7.9,2,0
TKT700496,C100405,2026-03-20,Product Defect,5.2,1,0
TKT700497,C100405,2025-12-31,Product Defect,16.9,2,1
TKT700498,C100406,2024-07-01,Technical Support,18.4,3,1
TKT700499,C100407,2025-01-16,Product Defect,3.5,4,0
TKT700500,C100407,2024-03-03,Account Access,32.7,4,0
TKT700501,C100407,2024-01-19,Account Access,6.2,4,0
TKT700502,C100408,2026-01-31,Account Access,15.2,3,0
TKT700503,C100408,2025-10-30,General Inquiry,12.3,3,0
TKT700504,C100409,2024-12-20,Technical Support,11.9,4,0
TKT700505,C100409,2025-02-15,Account Access,2.3,3,0
TKT700506,C100410,2025-09-18,Delivery Delay,16.5,1,0
TKT700507,C100411,2026-07-25,Return Request,6.5,1,0
TKT700508,C100411,2026-01-04,Account Access,6.4,1,0
TKT700509,C100411,2026-07-17,Technical Support,40.3,1,1
TKT700510,C100411,2026-07-25,General Inquiry,15.1,1,0
TKT700511,C100411,2026-05-22,General Inquiry,22.8,1,0
TKT700512,C100412,2024-04-20,Delivery Delay,20.2,3,0
TKT700513,C100412,2024-07-08,Billing Issue,9.6,1,0
TKT700514,C100413,2026-05-30,Account Access,4.1,1,0
TKT700515,C100415,2022-09-16,Product Defect,3.6,5,1
TKT700516,C100415,2023-05-24,Delivery Delay,8.4,1,0
TKT700517,C100416,2022-07-16,Refund Request,4.8,1,0
TKT700518,C100419,2021-11-15,Return Request,10.5,1,0
TKT700519,C100420,2025-07-21,Technical Support,17.0,1,0
TKT700520,C100420,2025-04-22,Return Request,25.5,1,0
TKT700521,C100421,2021-12-15,Account Access,15.9,1,0
TKT700522,C100422,2023-12-19,Account Access,7.0,3,0
TKT700523,C100424,2026-01-22,Billing Issue,6.1,1,0
TKT700524,C100424,2025-07-16,Technical Support,38.2,1,1
TKT700525,C100424,2026-02-10,Account Access,11.4,1,0
TKT700526,C100424,2026-03-29,Delivery Delay,52.9,1,0
TKT700527,C100424,2026-05-14,Billing Issue,23.1,1,0
TKT700528,C100424,2025-10-03,Delivery Delay,2.9,1,0
TKT700529,C100425,2022-11-14,Technical Support,9.6,2,0
TKT700530,C100425,2021-11-15,Technical Support,23.9,1,0
TKT700531,C100425,2023-07-01,Refund Request,54.6,2,0
TKT700532,C100427,2026-07-03,Account Access,2.3,3,0
TKT700533,C100427,2026-08-03,General Inquiry,4.3,2,0
TKT700534,C100427,2026-02-08,Product Defect,5.1,2,0
TKT700535,C100428,2024-12-10,Billing Issue,22.5,2,0
TKT700536,C100430,2023-09-29,Technical Support,11.6,1,0
TKT700537,C100430,2023-03-26,Technical Support,6.7,2,0
TKT700538,C100431,2024-11-26,General Inquiry,35.1,2,0
TKT700539,C100432,2026-03-30,Product Defect,9.7,2,0
TKT700540,C100432,2026-05-10,Delivery Delay,17.1,1,0
TKT700541,C100433,2024-01-17,Delivery Delay,27.8,1,0
TKT700542,C100433,2023-04-05,Technical Support,8.1,3,0
TKT700543,C100433,2022-12-03,General Inquiry,25.5,1,0
TKT700544,C100433,2025-01-14,Account Access,53.1,3,0
TKT700545,C100434,2025-09-21,General Inquiry,9.4,3,1
TKT700546,C100434,2023-10-30,Product Defect,29.8,5,0
TKT700547,C100434,2023-05-10,General Inquiry,15.5,3,0
TKT700548,C100435,2026-07-23,General Inquiry,17.8,4,0
TKT700549,C100436,2025-03-25,Product Defect,19.0,3,0
TKT700550,C100436,2024-09-13,Technical Support,8.8,1,0
TKT700551,C100436,2025-04-07,Delivery Delay,43.4,1,0
TKT700552,C100436,2022-08-09,Delivery Delay,20.6,2,0
TKT700553,C100440,2024-07-20,Billing Issue,8.2,1,0
TKT700554,C100441,2025-10-19,Product Defect,16.8,2,0
TKT700555,C100443,2026-05-18,Product Defect,17.8,5,0
TKT700556,C100444,2026-06-10,Delivery Delay,4.4,2,0
TKT700557,C100444,2026-07-26,Product Defect,1.9,1,0
TKT700558,C100444,2026-07-10,Delivery Delay,23.4,2,0
TKT700559,C100444,2026-07-09,Delivery Delay,28.0,3,0
TKT700560,C100444,2026-07-04,Billing Issue,17.4,2,0
TKT700561,C100444,2026-07-19,Return Request,14.5,1,0
TKT700562,C100449,2023-01-25,Refund Request,18.6,2,0
TKT700563,C100449,2023-09-19,Return Request,3.5,3,0
TKT700564,C100449,2024-01-23,Refund Request,11.1,2,1
TKT700565,C100451,2025-03-01,Product Defect,37.4,4,0
TKT700566,C100451,2026-07-30,Technical Support,6.8,3,0
TKT700567,C100453,2025-12-04,Billing Issue,35.5,1,0
TKT700568,C100454,2026-04-25,Return Request,13.8,2,0
TKT700569,C100454,2025-05-20,Technical Support,14.4,2,0
TKT700570,C100454,2025-07-16,Technical Support,5.2,1,0
TKT700571,C100455,2026-05-22,Return Request,10.8,2,0
TKT700572,C100455,2024-02-02,Billing Issue,8.2,2,0
TKT700573,C100459,2026-07-27,General Inquiry,9.4,1,0
TKT700574,C100462,2025-11-12,Billing Issue,20.7,4,1
TKT700575,C100462,2024-10-02,Technical Support,5.3,3,0
TKT700576,C100463,2025-10-08,Product Defect,5.2,5,0
TKT700577,C100464,2026-05-03,Product Defect,11.6,5,0
TKT700578,C100465,2023-02-01,General Inquiry,44.2,1,1
TKT700579,C100465,2026-01-25,Account Access,31.9,1,0
TKT700580,C100465,2023-10-07,Billing Issue,60.4,1,1
TKT700581,C100466,2026-04-15,Return Request,18.3,4,0
TKT700582,C100466,2026-06-23,Delivery Delay,5.9,2,0
TKT700583,C100467,2023-07-24,Refund Request,11.3,4,0
TKT700584,C100468,2022-09-01,Billing Issue,20.7,1,0
TKT700585,C100468,2024-11-11,Delivery Delay,14.6,1,0
TKT700586,C100468,2023-11-04,Delivery Delay,15.6,2,1
TKT700587,C100468,2025-09-14,Billing Issue,13.0,2,0
TKT700588,C100471,2022-11-17,Refund Request,8.9,1,0
TKT700589,C100471,2024-07-07,Billing Issue,9.8,2,0
TKT700590,C100471,2026-03-30,Refund Request,5.7,2,1
TKT700591,C100471,2025-05-30,Return Request,48.5,2,0
TKT700592,C100473,2025-06-20,Delivery Delay,32.0,5,0
TKT700593,C100476,2026-01-22,Refund Request,14.5,2,0
TKT700594,C100476,2026-06-03,Return Request,11.0,5,0
TKT700595,C100477,2023-05-02,Return Request,23.3,1,0
TKT700596,C100480,2023-03-22,Product Defect,25.0,1,0
TKT700597,C100480,2023-11-18,Account Access,1.4,2,0
TKT700598,C100480,2024-05-25,General Inquiry,10.4,1,0
TKT700599,C100481,2026-04-26,Account Access,39.5,1,0
TKT700600,C100482,2026-03-31,Billing Issue,2.8,2,1
TKT700601,C100482,2023-02-09,Delivery Delay,15.7,3,0
TKT700602,C100482,2025-08-12,General Inquiry,1.7,2,0
TKT700603,C100483,2026-07-23,Billing Issue,8.1,5,0
TKT700604,C100485,2024-09-26,General Inquiry,2.4,3,0
TKT700605,C100485,2025-07-04,Billing Issue,2.3,3,0
TKT700606,C100485,2023-06-20,Billing Issue,38.0,4,0
TKT700607,C100486,2025-01-25,Return Request,10.9,1,0
TKT700608,C100486,2024-07-25,Account Access,4.6,1,0
TKT700609,C100487,2026-06-20,Product Defect,21.2,2,0
TKT700610,C100487,2025-08-01,Delivery Delay,13.6,3,1
TKT700611,C100488,2026-05-17,Technical Support,18.0,2,0
TKT700612,C100488,2026-05-08,Billing Issue,21.7,2,0
TKT700613,C100490,2026-07-18,Account Access,35.7,3,0
TKT700614,C100490,2025-10-14,Technical Support,2.1,3,0
TKT700615,C100491,2023-10-18,General Inquiry,2.8,4,0
TKT700616,C100491,2023-04-13,Technical Support,11.5,2,0
TKT700617,C100493,2025-10-03,Technical Support,3.3,3,0
TKT700618,C100494,2025-09-18,Delivery Delay,8.7,5,0
TKT700619,C100496,2025-12-17,Product Defect,20.3,2,1
TKT700620,C100499,2026-06-15,Refund Request,14.7,1,0
TKT700621,C100502,2026-06-07,Delivery Delay,6.9,1,0
TKT700622,C100502,2026-03-21,Billing Issue,6.1,4,0
TKT700623,C100503,2026-06-17,Billing Issue,11.0,4,0
TKT700624,C100503,2021-12-24,Technical Support,5.1,3,0
TKT700625,C100504,2025-07-01,Return Request,4.3,2,1
TKT700626,C100504,2024-10-05,Return Request,8.0,1,1
TKT700627,C100505,2025-01-06,Account Access,12.3,3,0
TKT700628,C100506,2025-04-21,Delivery Delay,15.4,2,0
TKT700629,C100506,2025-12-05,Delivery Delay,9.5,2,0
TKT700630,C100506,2025-08-02,Delivery Delay,22.0,3,0
TKT700631,C100508,2025-03-04,Technical Support,1.9,3,0
TKT700632,C100508,2025-10-31,General Inquiry,34.8,3,0
TKT700633,C100509,2024-02-18,General Inquiry,1.8,1,0
TKT700634,C100509,2025-10-07,Refund Request,10.6,2,0
TKT700635,C100511,2026-05-31,Refund Request,53.3,2,1
TKT700636,C100512,2026-06-28,Return Request,10.9,1,1
TKT700637,C100512,2026-08-02,Refund Request,35.8,1,1
TKT700638,C100513,2025-09-21,General Inquiry,13.6,3,0
TKT700639,C100513,2026-06-26,Product Defect,3.3,2,0
TKT700640,C100513,2025-10-17,Delivery Delay,16.6,2,0
TKT700641,C100513,2026-02-04,Return Request,6.2,3,0
TKT700642,C100513,2026-08-08,Account Access,9.0,1,0
TKT700643,C100514,2024-12-13,Refund Request,10.1,3,1
TKT700644,C100515,2026-07-27,Technical Support,13.2,3,0
TKT700645,C100516,2025-12-26,Delivery Delay,41.4,3,0
TKT700646,C100516,2026-08-02,Refund Request,5.2,2,0
TKT700647,C100518,2026-02-12,Product Defect,19.2,3,0
TKT700648,C100518,2024-11-08,Billing Issue,26.2,3,0
TKT700649,C100519,2026-06-08,Return Request,63.3,3,0
TKT700650,C100519,2022-05-20,Account Access,11.6,3,0
TKT700651,C100520,2026-02-19,Product Defect,7.6,3,0
TKT700652,C100522,2024-01-29,Account Access,3.2,4,0
TKT700653,C100523,2026-06-25,Account Access,10.8,3,0
TKT700654,C100524,2022-07-16,Refund Request,4.0,4,0
TKT700655,C100524,2025-10-20,Refund Request,15.5,4,0
TKT700656,C100525,2026-06-13,Delivery Delay,16.9,2,0
TKT700657,C100526,2023-12-16,Product Defect,7.4,3,0
TKT700658,C100526,2023-12-10,Billing Issue,46.3,1,0
TKT700659,C100527,2026-06-09,Account Access,14.7,5,0
TKT700660,C100528,2024-04-01,Delivery Delay,12.4,4,0
TKT700661,C100529,2022-11-08,General Inquiry,5.1,1,0
TKT700662,C100531,2025-11-24,Billing Issue,5.7,2,0
TKT700663,C100532,2023-12-26,Account Access,15.7,1,0
TKT700664,C100532,2025-07-31,Product Defect,25.2,3,0
TKT700665,C100532,2024-12-04,Delivery Delay,5.0,4,0
TKT700666,C100533,2023-03-21,Refund Request,5.8,2,0
TKT700667,C100533,2026-05-26,Billing Issue,10.1,3,0
TKT700668,C100533,2025-12-31,Billing Issue,18.5,3,0
TKT700669,C100534,2024-06-30,Account Access,14.7,1,0
TKT700670,C100534,2024-01-05,Product Defect,29.0,2,0
TKT700671,C100534,2026-05-07,Billing Issue,6.2,1,0
TKT700672,C100537,2026-07-11,Product Defect,3.0,2,0
TKT700673,C100537,2026-05-19,Product Defect,13.8,1,0
TKT700674,C100538,2023-10-11,Technical Support,6.0,3,0
TKT700675,C100539,2025-02-08,Billing Issue,21.0,3,1
TKT700676,C100539,2026-02-24,General Inquiry,23.4,2,0
TKT700677,C100540,2026-08-01,Account Access,7.7,4,0
TKT700678,C100541,2022-10-17,Technical Support,9.6,2,0
TKT700679,C100544,2026-03-23,Refund Request,18.1,4,0
TKT700680,C100547,2024-07-07,Refund Request,17.3,1,0
TKT700681,C100547,2025-01-16,Billing Issue,21.4,3,0
TKT700682,C100547,2026-06-07,Billing Issue,1.8,3,1
TKT700683,C100548,2025-08-03,Refund Request,14.9,3,0
TKT700684,C100551,2025-01-31,General Inquiry,21.0,1,0
TKT700685,C100551,2026-01-24,Product Defect,7.9,1,0
TKT700686,C100551,2025-06-14,Technical Support,13.4,1,0
TKT700687,C100552,2023-05-07,Billing Issue,6.6,1,0
TKT700688,C100552,2024-04-22,Technical Support,12.8,1,0
TKT700689,C100552,2024-09-24,Delivery Delay,8.1,2,0
TKT700690,C100554,2024-08-02,Billing Issue,20.9,2,0
TKT700691,C100554,2025-12-05,Refund Request,20.2,3,0
TKT700692,C100554,2026-05-11,Technical Support,19.2,4,0
TKT700693,C100554,2024-11-29,Delivery Delay,9.0,4,0
TKT700694,C100555,2025-01-09,Account Access,10.4,3,0
TKT700695,C100555,2024-10-24,Refund Request,4.1,2,0
TKT700696,C100560,2023-12-04,Technical Support,2.4,2,0
TKT700697,C100561,2025-07-09,Product Defect,11.6,3,0
TKT700698,C100561,2026-02-09,Technical Support,9.5,1,0
TKT700699,C100565,2026-01-26,Product Defect,24.3,2,0
TKT700700,C100565,2026-06-22,Delivery Delay,19.5,2,0
TKT700701,C100565,2024-08-05,General Inquiry,2.8,1,0
TKT700702,C100565,2024-05-09,Refund Request,4.5,4,0
TKT700703,C100566,2023-10-10,General Inquiry,13.8,4,0
TKT700704,C100566,2024-11-09,Billing Issue,9.8,3,0
TKT700705,C100569,2025-10-20,General Inquiry,8.9,3,1
TKT700706,C100570,2025-05-08,General Inquiry,19.9,3,0
TKT700707,C100570,2021-10-11,Technical Support,26.8,3,0
TKT700708,C100570,2023-02-24,Billing Issue,16.2,3,0
TKT700709,C100571,2026-05-07,Delivery Delay,12.1,2,0
TKT700710,C100573,2024-11-24,Account Access,15.4,1,1
TKT700711,C100575,2026-07-20,Billing Issue,47.2,2,0
TKT700712,C100577,2026-06-28,General Inquiry,21.9,1,0
TKT700713,C100577,2025-11-15,Delivery Delay,19.3,2,0
TKT700714,C100577,2022-11-16,Refund Request,7.3,1,0
TKT700715,C100577,2024-10-24,General Inquiry,11.9,1,0
TKT700716,C100578,2025-10-09,Billing Issue,5.9,3,0
TKT700717,C100581,2023-11-05,Technical Support,21.2,4,0
TKT700718,C100582,2022-12-13,General Inquiry,3.0,3,0
TKT700719,C100582,2023-08-21,Delivery Delay,30.1,2,0
TKT700720,C100584,2023-08-11,Account Access,7.0,2,0
TKT700721,C100585,2023-06-17,Return Request,6.9,4,0
TKT700722,C100587,2025-01-18,Delivery Delay,8.3,3,0
TKT700723,C100587,2025-11-05,Refund Request,19.2,2,0
TKT700724,C100587,2023-01-14,Account Access,16.9,1,0
TKT700725,C100587,2025-05-19,Account Access,3.0,1,0
TKT700726,C100589,2023-06-15,Technical Support,22.3,3,0
TKT700727,C100589,2026-08-06,General Inquiry,21.2,4,0
TKT700728,C100590,2022-09-07,Account Access,14.9,3,0
TKT700729,C100590,2021-11-29,Technical Support,23.9,4,0
TKT700730,C100591,2025-10-08,Refund Request,31.8,1,0
TKT700731,C100591,2025-11-13,Technical Support,51.9,2,0
TKT700732,C100591,2026-04-11,General Inquiry,13.4,1,0
TKT700733,C100591,2023-06-07,General Inquiry,7.7,1,0
TKT700734,C100591,2025-11-03,General Inquiry,24.7,1,0
TKT700735,C100592,2024-11-22,Return Request,44.3,1,0
TKT700736,C100592,2026-05-17,Technical Support,26.9,2,0
TKT700737,C100592,2024-03-25,General Inquiry,14.9,1,0
TKT700738,C100592,2024-04-09,Delivery Delay,16.4,1,0
TKT700739,C100592,2025-10-19,Delivery Delay,34.4,1,0
TKT700740,C100595,2024-07-21,General Inquiry,34.3,1,0
TKT700741,C100595,2025-01-25,Product Defect,14.4,3,0
TKT700742,C100595,2026-07-30,Delivery Delay,5.4,2,0
TKT700743,C100596,2024-07-07,Refund Request,2.8,4,0
TKT700744,C100597,2024-03-30,Billing Issue,18.8,2,1
TKT700745,C100598,2024-06-24,Return Request,4.2,5,0
TKT700746,C100599,2024-02-10,Account Access,10.1,2,0
TKT700747,C100600,2025-06-25,Billing Issue,3.3,2,0
TKT700748,C100601,2026-08-12,Technical Support,24.4,1,0
TKT700749,C100602,2021-09-08,Return Request,24.1,2,0
TKT700750,C100602,2023-07-30,Account Access,34.4,4,0
TKT700751,C100602,2025-02-08,Technical Support,8.1,1,0
TKT700752,C100603,2024-12-16,Return Request,19.8,1,0
TKT700753,C100603,2026-02-26,Product Defect,12.4,4,0
TKT700754,C100603,2025-07-12,Billing Issue,41.1,1,0
TKT700755,C100603,2024-04-01,General Inquiry,5.7,2,0
TKT700756,C100605,2026-07-04,General Inquiry,24.7,1,0
TKT700757,C100605,2026-03-22,Billing Issue,14.5,2,0
TKT700758,C100605,2026-07-08,Technical Support,1.7,1,0
TKT700759,C100605,2026-05-08,Billing Issue,13.5,1,0
TKT700760,C100606,2025-10-08,General Inquiry,22.9,2,0
TKT700761,C100606,2026-05-18,General Inquiry,11.3,1,0
TKT700762,C100607,2026-03-05,General Inquiry,9.4,1,1
TKT700763,C100608,2026-06-20,Technical Support,10.0,1,0
TKT700764,C100609,2023-11-22,Product Defect,46.1,3,0
TKT700765,C100609,2023-08-17,Technical Support,16.7,3,0
TKT700766,C100609,2021-10-20,Return Request,7.0,1,1
TKT700767,C100611,2025-12-12,Refund Request,3.0,4,0
TKT700768,C100611,2021-07-09,Product Defect,21.8,3,0
TKT700769,C100612,2025-12-22,Delivery Delay,3.5,1,0
TKT700770,C100613,2021-11-19,General Inquiry,12.8,3,0
TKT700771,C100614,2026-07-16,Return Request,5.8,2,0
TKT700772,C100615,2026-01-01,Technical Support,9.4,2,0
TKT700773,C100615,2025-11-10,Delivery Delay,20.8,3,0
TKT700774,C100615,2026-02-13,Return Request,8.6,3,0
TKT700775,C100615,2026-01-13,Delivery Delay,6.3,4,0
TKT700776,C100616,2026-06-02,Delivery Delay,5.8,1,0
TKT700777,C100617,2024-11-16,Technical Support,30.0,1,0
TKT700778,C100618,2025-12-25,Product Defect,11.8,1,0
TKT700779,C100618,2024-04-27,Refund Request,13.0,1,0
TKT700780,C100618,2025-03-13,Billing Issue,69.1,1,0
TKT700781,C100618,2024-07-27,Return Request,11.9,1,1
TKT700782,C100623,2022-11-05,Product Defect,38.3,1,0
TKT700783,C100626,2026-08-02,General Inquiry,6.9,3,0
TKT700784,C100627,2024-08-04,Billing Issue,5.8,1,1
TKT700785,C100627,2023-03-04,Delivery Delay,11.3,1,1
TKT700786,C100627,2024-06-12,Product Defect,8.9,1,1
TKT700787,C100629,2026-03-06,General Inquiry,13.7,4,0
TKT700788,C100629,2026-01-15,Technical Support,12.0,2,0
TKT700789,C100629,2026-01-21,Billing Issue,9.2,1,1
TKT700790,C100629,2026-03-15,Technical Support,8.9,1,1
TKT700791,C100629,2026-05-02,Refund Request,4.0,1,0
TKT700792,C100629,2025-12-12,General Inquiry,8.2,1,0
TKT700793,C100630,2025-08-07,Delivery Delay,5.7,1,0
TKT700794,C100630,2026-05-30,Billing Issue,16.5,3,0
TKT700795,C100632,2024-10-24,Billing Issue,28.9,2,0
TKT700796,C100632,2025-11-02,Technical Support,37.3,1,0
TKT700797,C100633,2025-08-14,Return Request,26.1,2,1
TKT700798,C100633,2025-09-13,Product Defect,8.4,3,1
TKT700799,C100635,2024-12-31,General Inquiry,23.8,3,0
TKT700800,C100636,2023-07-17,Refund Request,66.7,2,0
TKT700801,C100636,2024-11-30,Delivery Delay,32.8,2,1
TKT700802,C100637,2024-07-23,General Inquiry,7.0,1,1
TKT700803,C100639,2023-02-15,Delivery Delay,11.0,3,0
TKT700804,C100639,2024-04-20,Return Request,4.6,1,0
TKT700805,C100641,2026-07-19,Account Access,15.0,3,0
TKT700806,C100641,2026-08-05,Refund Request,8.0,1,0
TKT700807,C100642,2025-11-21,Billing Issue,49.3,2,0
TKT700808,C100642,2025-10-20,General Inquiry,6.2,1,1
TKT700809,C100643,2025-06-13,Billing Issue,24.7,1,0
TKT700810,C100643,2023-12-01,Technical Support,6.3,1,0
TKT700811,C100644,2026-04-21,Return Request,6.1,3,0
TKT700812,C100645,2025-07-13,Billing Issue,22.2,2,0
TKT700813,C100645,2026-08-01,Return Request,18.3,1,1
TKT700814,C100646,2026-05-14,Billing Issue,8.0,2,0
TKT700815,C100646,2024-10-08,Refund Request,11.9,2,0
TKT700816,C100648,2023-08-31,Delivery Delay,1.0,3,0
TKT700817,C100648,2026-05-04,Account Access,11.9,3,0
TKT700818,C100648,2025-08-22,Product Defect,5.0,2,1
TKT700819,C100649,2021-08-21,General Inquiry,14.3,1,0
TKT700820,C100649,2021-12-31,Technical Support,11.9,1,0
TKT700821,C100652,2025-06-08,Delivery Delay,3.8,2,0
TKT700822,C100652,2026-04-27,Return Request,8.3,3,0
TKT700823,C100654,2025-11-17,Technical Support,25.7,1,0
TKT700824,C100655,2023-04-03,Technical Support,29.3,2,0
TKT700825,C100656,2025-03-27,General Inquiry,5.4,5,0
TKT700826,C100657,2026-07-26,Delivery Delay,5.6,1,0
TKT700827,C100658,2026-03-20,Return Request,33.9,1,0
TKT700828,C100658,2023-03-29,Technical Support,13.4,2,0
TKT700829,C100658,2022-09-09,Delivery Delay,1.5,1,0
TKT700830,C100659,2026-07-29,Billing Issue,17.5,2,0
TKT700831,C100659,2025-08-27,Return Request,10.9,2,0
TKT700832,C100659,2026-04-14,Product Defect,8.3,1,0
TKT700833,C100660,2024-09-01,Return Request,18.4,1,1
TKT700834,C100660,2024-03-05,Delivery Delay,44.2,1,0
TKT700835,C100661,2025-07-02,Technical Support,10.6,2,0
TKT700836,C100664,2025-12-25,Account Access,10.9,3,0
TKT700837,C100666,2026-02-26,Delivery Delay,29.6,1,1
TKT700838,C100666,2026-07-16,Billing Issue,31.0,1,0
TKT700839,C100666,2025-04-05,Account Access,8.1,3,1
TKT700840,C100667,2026-03-15,Delivery Delay,18.7,2,0
TKT700841,C100668,2023-09-06,Refund Request,6.4,4,0
TKT700842,C100669,2026-07-31,Account Access,12.1,2,0
TKT700843,C100669,2025-10-30,Refund Request,12.1,2,0
TKT700844,C100669,2025-10-09,Technical Support,13.2,2,0
TKT700845,C100671,2022-11-14,Billing Issue,25.5,1,0
TKT700846,C100672,2021-09-10,Delivery Delay,12.2,4,0
TKT700847,C100672,2022-05-29,Refund Request,11.6,4,0
TKT700848,C100674,2024-05-25,General Inquiry,12.4,5,0
TKT700849,C100674,2023-12-08,Technical Support,5.4,2,0
TKT700850,C100674,2023-10-16,General Inquiry,7.8,2,0
TKT700851,C100676,2024-11-25,General Inquiry,8.8,2,0
TKT700852,C100676,2023-11-06,General Inquiry,11.4,1,0
TKT700853,C100676,2026-04-30,Product Defect,8.9,2,0
TKT700854,C100677,2026-02-27,General Inquiry,6.6,4,1
TKT700855,C100677,2024-05-23,Refund Request,4.7,3,0
TKT700856,C100678,2024-12-09,Refund Request,8.4,4,0
TKT700857,C100680,2025-07-13,Technical Support,7.6,2,0
TKT700858,C100680,2024-02-13,Account Access,12.2,2,1
TKT700859,C100681,2026-02-09,General Inquiry,19.2,2,0
TKT700860,C100681,2026-04-16,Refund Request,12.7,1,1
TKT700861,C100681,2026-03-29,Billing Issue,27.2,2,0
TKT700862,C100685,2026-07-26,Delivery Delay,4.0,3,0
TKT700863,C100685,2025-11-07,Refund Request,23.6,2,0
TKT700864,C100686,2024-12-15,Account Access,17.7,2,0
TKT700865,C100687,2026-05-01,Refund Request,22.1,1,0
TKT700866,C100687,2026-07-20,General Inquiry,1.5,1,0
TKT700867,C100688,2025-12-20,Product Defect,44.8,2,0
TKT700868,C100689,2022-07-30,Refund Request,19.1,1,0
TKT700869,C100689,2024-10-11,Technical Support,5.8,2,1
TKT700870,C100689,2026-02-04,Account Access,5.7,1,0
TKT700871,C100689,2024-08-26,Product Defect,36.7,1,0
TKT700872,C100691,2025-11-09,General Inquiry,11.0,1,0
TKT700873,C100693,2026-04-20,Product Defect,5.7,4,0
TKT700874,C100693,2026-01-22,Refund Request,12.8,4,0
TKT700875,C100693,2025-12-06,Return Request,16.6,4,0
TKT700876,C100694,2023-08-02,General Inquiry,51.4,2,0
TKT700877,C100694,2023-05-03,Account Access,11.2,1,0
TKT700878,C100694,2026-05-29,Return Request,21.4,2,0
TKT700879,C100694,2022-11-17,Refund Request,43.7,3,0
TKT700880,C100695,2023-10-13,Technical Support,19.7,1,0
TKT700881,C100695,2023-09-03,General Inquiry,14.4,1,0
TKT700882,C100695,2024-09-17,Billing Issue,5.3,1,0
TKT700883,C100696,2024-04-09,Product Defect,3.1,2,0
TKT700884,C100696,2024-01-18,Refund Request,2.2,4,0
TKT700885,C100697,2025-01-23,General Inquiry,11.9,2,1
TKT700886,C100698,2025-10-20,Billing Issue,3.9,3,0
TKT700887,C100699,2025-01-01,Billing Issue,47.1,4,0
TKT700888,C100699,2025-07-06,General Inquiry,7.3,2,0
TKT700889,C100699,2024-09-13,Product Defect,5.0,4,0
TKT700890,C100699,2026-07-03,Technical Support,7.3,4,0
TKT700891,C100700,2024-06-07,Product Defect,24.7,1,0
TKT700892,C100700,2025-04-20,Billing Issue,3.3,2,1
TKT700893,C100702,2025-04-17,Refund Request,10.0,2,0
TKT700894,C100703,2024-05-25,General Inquiry,3.9,3,0
TKT700895,C100703,2024-08-31,Delivery Delay,14.1,5,0
TKT700896,C100705,2026-02-18,General Inquiry,13.9,1,0
TKT700897,C100705,2024-08-02,Account Access,20.1,3,1
TKT700898,C100707,2023-11-13,Product Defect,24.4,5,0
TKT700899,C100709,2025-12-29,Refund Request,3.7,1,0
TKT700900,C100710,2024-06-13,Billing Issue,39.8,1,1
TKT700901,C100711,2026-01-09,Return Request,9.5,2,0
TKT700902,C100711,2024-08-02,Return Request,12.3,3,0
TKT700903,C100713,2021-09-29,Delivery Delay,8.3,2,0
TKT700904,C100714,2026-02-14,Delivery Delay,6.6,2,0
TKT700905,C100714,2026-06-09,Product Defect,22.0,2,0
TKT700906,C100715,2025-11-08,General Inquiry,3.0,2,0
TKT700907,C100716,2025-12-25,General Inquiry,8.4,1,0
TKT700908,C100719,2023-07-19,Billing Issue,22.9,3,0
TKT700909,C100719,2026-01-22,Return Request,13.9,4,0
TKT700910,C100722,2025-12-05,Billing Issue,14.1,2,0
TKT700911,C100724,2025-09-26,Return Request,60.1,1,0
TKT700912,C100724,2026-07-07,Billing Issue,22.8,1,0
TKT700913,C100724,2026-04-02,Delivery Delay,36.8,1,0
TKT700914,C100725,2023-12-10,Account Access,4.6,4,0
TKT700915,C100725,2026-01-21,Billing Issue,14.1,4,0
TKT700916,C100727,2025-02-10,Account Access,22.9,2,0
TKT700917,C100728,2024-09-05,General Inquiry,18.5,3,0
TKT700918,C100728,2024-05-06,Product Defect,2.9,3,0
TKT700919,C100729,2025-03-08,Delivery Delay,3.4,2,0
TKT700920,C100730,2025-08-21,Billing Issue,7.5,1,0
TKT700921,C100730,2025-08-31,Billing Issue,18.0,3,0
TKT700922,C100730,2026-01-06,Delivery Delay,8.1,1,0
TKT700923,C100731,2025-09-23,Account Access,2.5,4,1
TKT700924,C100731,2026-01-05,Technical Support,9.3,4,1
TKT700925,C100731,2025-08-11,Account Access,9.7,2,1
TKT700926,C100732,2026-01-03,Product Defect,6.8,2,0
TKT700927,C100732,2026-01-19,Billing Issue,36.2,3,0
TKT700928,C100732,2026-03-07,Billing Issue,42.4,1,0
TKT700929,C100732,2025-12-31,Technical Support,14.6,2,0
TKT700930,C100734,2026-04-16,General Inquiry,16.0,5,0
TKT700931,C100736,2024-09-24,Return Request,10.8,3,0
TKT700932,C100739,2025-12-12,General Inquiry,32.5,1,0
TKT700933,C100740,2025-04-10,Refund Request,16.5,1,0
TKT700934,C100740,2025-01-27,Billing Issue,1.3,4,0
TKT700935,C100742,2025-07-28,Product Defect,4.3,3,0
TKT700936,C100744,2026-04-10,Account Access,9.7,1,0
TKT700937,C100744,2025-05-07,Technical Support,10.6,2,0
TKT700938,C100745,2024-12-03,General Inquiry,9.7,4,0
TKT700939,C100750,2026-04-15,Return Request,7.5,4,0
TKT700940,C100750,2026-03-12,Refund Request,7.2,2,0
TKT700941,C100751,2026-03-10,Product Defect,9.1,3,0
TKT700942,C100752,2026-03-14,Product Defect,19.1,2,0
TKT700943,C100753,2026-07-31,General Inquiry,32.2,2,0
TKT700944,C100753,2026-04-21,Refund Request,6.1,2,0
TKT700945,C100753,2026-06-11,General Inquiry,22.8,2,0
TKT700946,C100754,2025-01-08,Refund Request,6.3,2,0
TKT700947,C100755,2024-04-24,Return Request,3.9,2,0
TKT700948,C100755,2024-04-29,Delivery Delay,25.9,2,0
TKT700949,C100757,2024-05-31,General Inquiry,10.7,1,0
TKT700950,C100757,2026-08-08,Refund Request,28.1,2,0
TKT700951,C100757,2023-09-27,Delivery Delay,10.6,3,1
TKT700952,C100759,2023-03-18,Product Defect,20.4,4,0
TKT700953,C100760,2025-03-26,Technical Support,3.1,3,0
TKT700954,C100760,2026-03-22,Account Access,10.8,3,0
TKT700955,C100760,2025-08-25,Refund Request,3.0,3,1
TKT700956,C100761,2023-08-27,General Inquiry,28.6,2,0
TKT700957,C100761,2023-08-26,General Inquiry,3.7,3,0
TKT700958,C100761,2023-08-01,Account Access,13.9,2,0
TKT700959,C100761,2026-05-11,Product Defect,16.6,1,0
TKT700960,C100764,2022-10-08,Technical Support,15.4,1,0
TKT700961,C100765,2025-01-18,Refund Request,4.2,2,0
TKT700962,C100766,2025-12-02,Billing Issue,20.5,4,0
TKT700963,C100768,2026-04-16,Refund Request,14.5,1,0
TKT700964,C100770,2025-01-30,Billing Issue,5.4,1,0
TKT700965,C100772,2021-06-01,Product Defect,9.4,3,0
TKT700966,C100772,2021-07-19,Billing Issue,3.7,2,0
TKT700967,C100773,2024-04-27,Product Defect,8.4,2,1
TKT700968,C100777,2026-03-04,Delivery Delay,31.0,4,0
TKT700969,C100777,2026-06-30,Delivery Delay,5.6,2,0
TKT700970,C100780,2026-07-05,Technical Support,9.4,4,0
TKT700971,C100782,2025-10-29,Product Defect,10.8,3,0
TKT700972,C100783,2026-03-13,Return Request,14.6,1,0
TKT700973,C100785,2025-09-09,General Inquiry,18.7,2,0
TKT700974,C100785,2025-01-28,General Inquiry,29.7,3,0
TKT700975,C100785,2025-06-04,General Inquiry,28.7,2,0
TKT700976,C100785,2024-05-31,Account Access,12.2,1,1
TKT700977,C100786,2025-02-15,Account Access,9.3,3,0
TKT700978,C100787,2023-08-03,Technical Support,50.8,1,1
TKT700979,C100787,2026-06-23,Account Access,24.5,2,0
TKT700980,C100787,2026-03-20,General Inquiry,22.2,1,0
TKT700981,C100788,2023-10-12,Account Access,7.3,2,0
TKT700982,C100788,2026-03-06,Technical Support,8.2,2,0
TKT700983,C100789,2026-01-31,Billing Issue,21.9,4,0
TKT700984,C100790,2026-04-01,Product Defect,4.8,1,0
TKT700985,C100791,2024-04-28,Billing Issue,2.9,4,0
TKT700986,C100793,2023-04-08,Billing Issue,6.4,3,0
TKT700987,C100794,2024-09-23,Account Access,38.3,2,1
TKT700988,C100794,2023-07-13,Product Defect,2.6,2,0
TKT700989,C100794,2022-07-18,Return Request,23.6,3,0
TKT700990,C100797,2023-11-29,Delivery Delay,4.6,2,0
TKT700991,C100798,2026-01-03,Return Request,15.6,5,0
TKT700992,C100799,2026-02-08,Return Request,18.0,3,0
TKT700993,C100800,2026-01-03,General Inquiry,19.8,2,0
TKT700994,C100800,2026-03-21,Refund Request,11.7,1,0
TKT700995,C100801,2022-12-11,Account Access,1.5,1,1
TKT700996,C100801,2022-05-13,Account Access,3.9,1,0
TKT700997,C100802,2024-04-25,Delivery Delay,11.8,3,0
TKT700998,C100803,2023-12-27,Return Request,29.9,1,1
TKT700999,C100803,2026-04-25,Delivery Delay,28.3,2,0
TKT701000,C100803,2022-12-09,Product Defect,2.2,1,0
TKT701001,C100804,2025-07-14,Product Defect,16.4,2,0
TKT701002,C100804,2025-05-03,Technical Support,47.5,1,0
TKT701003,C100804,2026-03-09,Billing Issue,39.7,1,1
TKT701004,C100805,2025-08-22,Delivery Delay,14.8,3,0
TKT701005,C100805,2026-04-28,Technical Support,9.9,2,0
TKT701006,C100807,2024-01-30,Technical Support,14.5,1,0
TKT701007,C100807,2025-04-08,Product Defect,40.9,1,0
TKT701008,C100807,2025-04-12,Delivery Delay,24.9,3,0
TKT701009,C100808,2024-08-03,Product Defect,4.4,2,0
TKT701010,C100810,2024-10-20,Product Defect,18.5,1,1
TKT701011,C100810,2025-10-01,Product Defect,20.8,2,1
TKT701012,C100810,2024-04-18,Refund Request,10.7,1,1
TKT701013,C100810,2026-02-13,Refund Request,12.9,1,0
TKT701014,C100811,2024-05-06,Technical Support,13.4,4,0
TKT701015,C100813,2026-06-20,Account Access,3.3,5,0
TKT701016,C100816,2024-03-22,Delivery Delay,15.0,2,0
TKT701017,C100817,2026-08-11,Delivery Delay,18.5,2,1
TKT701018,C100818,2022-04-24,Account Access,19.1,1,0
TKT701019,C100819,2024-04-29,Technical Support,8.8,1,0
TKT701020,C100819,2023-02-13,Technical Support,6.5,2,0
TKT701021,C100819,2025-10-29,Technical Support,28.9,1,0
TKT701022,C100820,2025-08-09,Billing Issue,5.8,1,0
TKT701023,C100820,2023-10-08,Delivery Delay,7.2,2,0
TKT701024,C100820,2024-09-12,Refund Request,13.7,2,0
TKT701025,C100820,2024-02-17,Delivery Delay,5.1,1,0
TKT701026,C100826,2026-01-12,Billing Issue,0.7,1,0
TKT701027,C100826,2023-10-19,Refund Request,11.9,3,0
TKT701028,C100827,2024-11-26,Refund Request,19.1,2,0
TKT701029,C100827,2024-05-29,General Inquiry,22.6,2,0
TKT701030,C100829,2024-09-01,Billing Issue,5.8,2,0
TKT701031,C100830,2025-02-18,Refund Request,8.4,5,0
TKT701032,C100833,2021-11-06,General Inquiry,40.8,2,1
TKT701033,C100833,2022-05-31,General Inquiry,10.6,1,1
TKT701034,C100834,2026-02-22,Account Access,31.5,2,0
TKT701035,C100834,2025-12-23,Delivery Delay,18.2,1,0
TKT701036,C100837,2025-08-14,Delivery Delay,5.6,3,1
TKT701037,C100838,2026-03-13,Refund Request,45.1,4,0
TKT701038,C100838,2025-07-04,Delivery Delay,9.2,3,0
TKT701039,C100841,2025-01-25,Refund Request,34.5,4,0
TKT701040,C100843,2025-11-30,Return Request,18.1,1,0
TKT701041,C100844,2024-10-28,Account Access,14.0,4,0
TKT701042,C100846,2023-05-21,Billing Issue,19.7,2,0
TKT701043,C100848,2025-07-28,Return Request,8.5,1,0
TKT701044,C100848,2025-12-16,Delivery Delay,12.0,2,0
TKT701045,C100849,2023-08-17,Refund Request,5.1,3,0
TKT701046,C100849,2024-05-12,Technical Support,23.4,2,0
TKT701047,C100849,2024-01-22,Technical Support,3.9,2,0
TKT701048,C100850,2026-06-19,Billing Issue,20.0,3,0
TKT701049,C100851,2026-04-03,Billing Issue,18.4,2,0
TKT701050,C100852,2026-04-20,Product Defect,0.8,3,0
TKT701051,C100852,2025-09-22,Product Defect,1.5,2,0
TKT701052,C100853,2022-09-10,Product Defect,19.8,1,0
TKT701053,C100856,2023-04-06,Refund Request,8.3,4,0
TKT701054,C100857,2025-02-10,Technical Support,20.0,4,0
TKT701055,C100859,2025-04-06,Account Access,17.2,3,0
TKT701056,C100859,2024-08-24,Account Access,14.2,3,0
TKT701057,C100859,2024-08-24,Delivery Delay,34.7,1,0
TKT701058,C100859,2025-12-15,General Inquiry,14.7,1,0
TKT701059,C100860,2025-11-23,Product Defect,6.3,4,0
TKT701060,C100860,2025-10-13,Refund Request,1.7,1,0
TKT701061,C100863,2025-08-26,Delivery Delay,10.3,4,0
TKT701062,C100863,2026-01-07,Account Access,28.2,2,0
TKT701063,C100866,2024-10-08,Account Access,22.2,3,0
TKT701064,C100866,2023-06-21,Refund Request,5.6,2,0
TKT701065,C100866,2024-07-04,Product Defect,3.8,2,0
TKT701066,C100868,2025-06-15,Delivery Delay,1.7,5,0
TKT701067,C100870,2026-02-19,Refund Request,24.6,1,0
TKT701068,C100870,2025-07-28,Return Request,13.4,1,0
TKT701069,C100870,2025-11-11,Technical Support,29.3,1,0
TKT701070,C100871,2026-03-10,General Inquiry,9.7,4,0
TKT701071,C100872,2026-05-18,Account Access,0.6,2,0
TKT701072,C100872,2025-07-21,Account Access,25.6,3,0
TKT701073,C100873,2025-08-22,Return Request,8.2,2,0
TKT701074,C100875,2023-06-03,Technical Support,5.1,5,0
TKT701075,C100875,2026-06-24,Delivery Delay,1.4,2,0
TKT701076,C100878,2026-05-26,Delivery Delay,0.3,3,0
TKT701077,C100878,2026-08-04,General Inquiry,8.8,1,0
TKT701078,C100881,2023-10-07,General Inquiry,14.1,1,0
TKT701079,C100882,2026-05-05,Billing Issue,13.8,2,0
TKT701080,C100882,2025-08-04,Account Access,11.2,1,1
TKT701081,C100883,2025-09-11,General Inquiry,20.1,2,0
TKT701082,C100883,2025-02-08,Billing Issue,29.4,4,0
TKT701083,C100885,2023-12-25,Delivery Delay,10.7,2,0
TKT701084,C100886,2025-01-27,Technical Support,8.8,3,1
TKT701085,C100886,2022-03-30,Billing Issue,7.6,1,0
TKT701086,C100886,2025-04-01,Account Access,15.7,1,0
TKT701087,C100887,2026-07-21,Refund Request,3.3,1,1
TKT701088,C100889,2025-10-31,General Inquiry,14.5,4,0
TKT701089,C100889,2025-12-07,Product Defect,37.1,3,0
TKT701090,C100889,2026-04-19,Account Access,21.1,2,0
TKT701091,C100891,2024-08-03,Technical Support,3.0,1,0
TKT701092,C100892,2023-03-22,Return Request,5.7,2,0
TKT701093,C100892,2023-10-22,Return Request,6.4,2,1
TKT701094,C100892,2025-04-03,Account Access,18.4,2,0
TKT701095,C100892,2024-08-09,Billing Issue,17.9,1,0
TKT701096,C100893,2025-11-03,Billing Issue,17.0,1,0
TKT701097,C100894,2024-09-20,Product Defect,34.9,2,0
TKT701098,C100896,2024-03-07,Technical Support,12.4,5,0
TKT701099,C100896,2026-02-03,General Inquiry,1.8,3,1
TKT701100,C100896,2025-06-29,General Inquiry,21.7,3,0
TKT701101,C100897,2024-10-17,Delivery Delay,26.1,2,0
TKT701102,C100897,2026-03-14,Return Request,21.4,2,1
TKT701103,C100897,2025-01-26,Product Defect,12.0,2,0
TKT701104,C100897,2023-10-19,Delivery Delay,3.7,1,0
TKT701105,C100897,2024-05-26,Technical Support,36.2,1,0
TKT701106,C100900,2025-11-12,Product Defect,4.7,2,0
TKT701107,C100900,2023-07-11,General Inquiry,35.7,1,0
TKT701108,C100900,2025-10-31,Refund Request,20.0,3,0
TKT701109,C100901,2026-03-23,Account Access,30.0,2,0
TKT701110,C100901,2024-04-20,Account Access,12.1,1,0
TKT701111,C100901,2021-05-06,Refund Request,11.9,2,0
TKT701112,C100902,2026-05-15,Delivery Delay,10.3,2,0
TKT701113,C100904,2026-02-24,General Inquiry,9.7,4,0
TKT701114,C100905,2025-10-06,General Inquiry,26.0,2,0
TKT701115,C100907,2025-08-14,Product Defect,10.7,4,0
TKT701116,C100909,2023-06-21,Account Access,15.5,2,0
TKT701117,C100909,2024-09-15,Return Request,30.4,1,0
TKT701118,C100911,2025-11-03,Account Access,29.1,1,0
TKT701119,C100911,2025-12-02,General Inquiry,17.8,4,1
TKT701120,C100911,2026-03-15,Return Request,9.1,3,0
TKT701121,C100912,2023-02-27,Delivery Delay,6.6,1,0
TKT701122,C100913,2026-06-04,Delivery Delay,16.1,4,1
TKT701123,C100914,2026-03-17,Refund Request,46.3,3,0
TKT701124,C100914,2024-07-15,Refund Request,20.3,2,1
TKT701125,C100915,2026-01-22,Refund Request,11.5,1,0
TKT701126,C100915,2026-01-29,Refund Request,26.1,1,0
TKT701127,C100916,2026-06-01,Account Access,7.3,1,0
TKT701128,C100918,2024-03-07,Account Access,27.7,2,0
TKT701129,C100920,2023-11-05,General Inquiry,14.2,1,0
TKT701130,C100920,2023-05-05,General Inquiry,36.0,1,0
TKT701131,C100921,2026-07-14,Technical Support,27.9,4,0
TKT701132,C100922,2022-07-25,Product Defect,8.9,2,0
TKT701133,C100922,2022-02-28,Refund Request,15.5,2,0
TKT701134,C100923,2024-12-12,Account Access,16.7,4,0
TKT701135,C100924,2025-09-27,Return Request,6.1,5,0
TKT701136,C100925,2021-04-24,Billing Issue,2.2,3,0
TKT701137,C100925,2023-09-27,Product Defect,11.9,3,0
TKT701138,C100927,2026-07-08,Product Defect,9.1,2,0
TKT701139,C100927,2026-07-03,Refund Request,2.9,1,1
TKT701140,C100927,2026-06-10,Billing Issue,13.4,2,0
TKT701141,C100927,2026-08-05,Delivery Delay,17.8,1,0
TKT701142,C100929,2026-03-14,Account Access,7.6,1,0
TKT701143,C100930,2025-10-22,Return Request,9.8,1,1
TKT701144,C100931,2024-09-02,Delivery Delay,20.6,4,0
TKT701145,C100931,2024-05-22,Billing Issue,26.1,3,0
TKT701146,C100931,2026-02-14,Product Defect,2.0,3,0
TKT701147,C100934,2025-12-12,Product Defect,15.4,1,1
TKT701148,C100935,2022-08-14,Account Access,8.0,1,0
TKT701149,C100935,2025-01-16,Technical Support,1.2,2,0
TKT701150,C100935,2023-01-24,Delivery Delay,9.3,2,0
TKT701151,C100935,2025-07-31,Account Access,8.7,2,0
TKT701152,C100937,2025-12-12,Delivery Delay,51.4,3,0
TKT701153,C100938,2025-03-28,Refund Request,6.5,5,0
TKT701154,C100938,2026-06-09,Delivery Delay,9.9,4,0
TKT701155,C100939,2026-03-28,Refund Request,30.9,1,0
TKT701156,C100940,2026-02-26,Billing Issue,10.6,3,0
TKT701157,C100948,2024-07-27,Delivery Delay,11.7,1,0
TKT701158,C100948,2024-10-14,Product Defect,2.2,4,0
TKT701159,C100948,2025-09-08,Account Access,15.9,3,0
TKT701160,C100949,2026-03-21,Product Defect,17.2,1,0
TKT701161,C100949,2023-02-01,Billing Issue,63.6,1,0
TKT701162,C100949,2022-08-29,Account Access,5.8,1,0
TKT701163,C100949,2023-10-14,Delivery Delay,3.6,1,0
TKT701164,C100950,2026-07-09,Product Defect,3.1,1,0
TKT701165,C100950,2026-07-23,Return Request,6.4,3,0
TKT701166,C100951,2025-03-29,Delivery Delay,9.2,1,0
TKT701167,C100951,2025-11-20,Product Defect,7.8,3,0
TKT701168,C100951,2026-06-04,Delivery Delay,33.7,3,0
TKT701169,C100952,2026-08-11,Refund Request,14.7,3,0
TKT701170,C100953,2025-02-09,Return Request,8.6,2,0
TKT701171,C100955,2026-03-25,Return Request,3.0,3,0
TKT701172,C100956,2026-03-31,Delivery Delay,2.7,4,0
TKT701173,C100956,2026-08-04,Refund Request,11.4,5,0
TKT701174,C100957,2023-05-04,Technical Support,3.9,1,0
TKT701175,C100957,2023-12-26,Return Request,19.4,2,0
TKT701176,C100957,2022-04-28,Technical Support,42.3,1,0
TKT701177,C100959,2025-11-23,Billing Issue,4.8,2,0
TKT701178,C100960,2024-08-29,Account Access,9.0,2,0
TKT701179,C100960,2025-12-01,Product Defect,5.4,2,0
TKT701180,C100961,2026-05-10,Return Request,11.0,2,0
TKT701181,C100962,2025-07-03,Return Request,7.4,3,0
TKT701182,C100963,2025-11-15,Account Access,25.3,1,0
TKT701183,C100963,2026-02-07,Billing Issue,5.1,1,0
TKT701184,C100966,2024-05-31,Account Access,30.5,2,0
TKT701185,C100967,2024-09-10,Delivery Delay,11.8,3,0
TKT701186,C100968,2025-07-22,Account Access,21.4,5,0
TKT701187,C100968,2021-11-15,Return Request,13.9,3,0
TKT701188,C100969,2024-11-01,Return Request,28.1,2,0
TKT701189,C100970,2026-03-30,Account Access,8.6,1,0
TKT701190,C100970,2025-09-25,Account Access,7.7,3,0
TKT701191,C100971,2025-03-27,Refund Request,14.7,1,0
TKT701192,C100971,2026-01-14,General Inquiry,22.2,4,0
TKT701193,C100972,2023-07-21,Technical Support,19.4,2,0
TKT701194,C100972,2024-02-07,Return Request,19.7,1,0
TKT701195,C100972,2024-03-12,Technical Support,21.1,3,0
TKT701196,C100972,2023-07-10,Billing Issue,19.7,1,0
TKT701197,C100972,2025-01-22,Account Access,3.8,1,0
TKT701198,C100972,2023-06-16,Technical Support,19.9,1,0
TKT701199,C100973,2025-06-21,Product Defect,8.7,2,0
TKT701200,C100974,2023-09-09,Delivery Delay,23.6,2,0
TKT701201,C100974,2025-05-09,Billing Issue,18.2,1,0
TKT701202,C100974,2026-07-22,Account Access,11.6,4,0
TKT701203,C100975,2024-09-18,Delivery Delay,24.2,2,0
TKT701204,C100976,2021-05-17,Delivery Delay,5.2,3,0
TKT701205,C100977,2024-05-16,General Inquiry,5.3,1,0
TKT701206,C100977,2024-10-26,Billing Issue,19.0,1,1
TKT701207,C100978,2026-03-13,General Inquiry,11.7,2,0
TKT701208,C100979,2025-06-13,Technical Support,11.3,2,0
TKT701209,C100979,2026-03-19,Product Defect,47.9,1,0
TKT701210,C100979,2025-02-15,Refund Request,13.1,1,0
TKT701211,C100982,2024-12-21,Product Defect,15.8,3,0
TKT701212,C100983,2025-06-22,Billing Issue,17.4,1,0
TKT701213,C100983,2026-02-10,Billing Issue,8.1,1,0
TKT701214,C100984,2025-12-01,Account Access,16.2,1,0
TKT701215,C100986,2023-04-11,Return Request,10.9,4,0
TKT701216,C100986,2023-03-11,General Inquiry,32.7,1,0
TKT701217,C100986,2024-10-05,Delivery Delay,18.0,3,0
TKT701218,C100987,2025-12-13,Delivery Delay,20.1,3,0
TKT701219,C100988,2026-08-12,Delivery Delay,1.8,3,1
TKT701220,C100990,2026-05-29,Billing Issue,9.3,2,1
TKT701221,C100992,2025-12-09,Product Defect,28.1,1,0
TKT701222,C100996,2023-01-14,Return Request,4.6,3,0
TKT701223,C100996,2026-03-31,General Inquiry,10.9,4,1
TKT701224,C100996,2022-09-14,Account Access,5.1,1,0
TKT701225,C100997,2023-12-05,Billing Issue,50.6,3,0
TKT701226,C100997,2023-09-28,Billing Issue,24.4,1,0
TKT701227,C101000,2026-04-23,Billing Issue,19.8,5,0
TKT701228,C101000,2026-06-17,Product Defect,5.9,3,1
TKT701229,C101002,2026-07-16,Product Defect,35.7,1,1
TKT701230,C101002,2026-07-08,Technical Support,27.1,1,0
TKT701231,C101002,2025-07-17,General Inquiry,10.3,1,0
TKT701232,C101003,2026-03-16,Technical Support,38.4,3,0
TKT701233,C101003,2026-02-18,Return Request,5.5,2,0
TKT701234,C101004,2022-07-17,Billing Issue,22.9,3,0
TKT701235,C101005,2026-01-23,Refund Request,11.0,1,0
TKT701236,C101005,2025-11-18,Billing Issue,10.6,3,1
TKT701237,C101007,2025-05-03,Product Defect,33.7,1,0
TKT701238,C101007,2024-12-12,Account Access,9.3,1,0
TKT701239,C101007,2024-07-20,Billing Issue,24.7,2,0
TKT701240,C101007,2023-09-30,Technical Support,52.8,2,0
TKT701241,C101008,2023-12-17,Technical Support,7.0,3,0
TKT701242,C101008,2022-02-14,Return Request,2.5,2,0
TKT701243,C101010,2025-04-10,Billing Issue,19.8,1,0
TKT701244,C101010,2023-12-10,Return Request,2.6,1,0
TKT701245,C101010,2024-10-28,Delivery Delay,3.4,1,0
TKT701246,C101012,2024-11-18,General Inquiry,21.3,5,0
TKT701247,C101012,2024-07-06,Return Request,15.5,4,0
TKT701248,C101013,2026-04-16,General Inquiry,28.7,1,0
TKT701249,C101013,2026-06-06,Return Request,7.3,1,0
TKT701250,C101013,2026-03-30,Billing Issue,13.4,1,0
TKT701251,C101014,2025-07-24,Billing Issue,9.1,3,0
TKT701252,C101015,2026-02-03,Billing Issue,8.4,1,0
TKT701253,C101015,2025-12-30,Return Request,9.3,2,0
TKT701254,C101015,2023-12-06,Account Access,14.2,1,0
TKT701255,C101015,2025-05-08,Delivery Delay,13.3,2,0
TKT701256,C101017,2025-11-20,Product Defect,41.5,3,0
TKT701257,C101018,2025-02-12,Product Defect,13.4,4,0
TKT701258,C101018,2026-03-11,Return Request,16.4,1,1
TKT701259,C101019,2024-09-13,Product Defect,4.2,1,1
TKT701260,C101019,2026-01-28,General Inquiry,15.9,1,1
TKT701261,C101019,2026-02-08,Delivery Delay,6.7,1,0
TKT701262,C101020,2026-06-11,Delivery Delay,17.0,1,0
TKT701263,C101020,2026-06-04,Product Defect,10.3,1,0
TKT701264,C101021,2025-10-21,Technical Support,4.6,2,0
TKT701265,C101021,2026-06-14,Refund Request,19.6,1,0
TKT701266,C101021,2026-02-23,Refund Request,17.7,1,0
TKT701267,C101023,2025-01-27,Delivery Delay,11.6,1,0
TKT701268,C101023,2024-12-04,Product Defect,7.9,2,0
TKT701269,C101023,2026-06-12,Delivery Delay,24.8,2,0
TKT701270,C101023,2026-07-18,Return Request,1.8,3,0
TKT701271,C101024,2026-04-29,Return Request,10.9,3,0
TKT701272,C101024,2024-10-22,Return Request,10.7,1,0
TKT701273,C101025,2024-09-12,Delivery Delay,34.8,2,0
TKT701274,C101026,2025-05-29,General Inquiry,21.1,4,0
TKT701275,C101026,2025-11-27,Account Access,12.7,2,0
TKT701276,C101029,2026-07-14,Product Defect,12.8,4,0
TKT701277,C101033,2024-02-12,Refund Request,12.3,4,0
TKT701278,C101033,2024-10-27,Delivery Delay,16.9,4,0
TKT701279,C101034,2026-02-18,Technical Support,11.4,2,0
TKT701280,C101035,2026-03-20,Return Request,59.4,1,0
TKT701281,C101035,2023-09-28,Technical Support,7.0,1,0
TKT701282,C101038,2026-04-21,Refund Request,12.5,4,1
TKT701283,C101039,2025-09-08,Account Access,26.2,3,0
TKT701284,C101040,2022-07-13,General Inquiry,12.6,4,0
TKT701285,C101040,2023-04-28,Return Request,8.3,4,0
TKT701286,C101041,2026-06-25,Technical Support,11.3,2,0
TKT701287,C101041,2026-07-15,Technical Support,38.3,1,1
TKT701288,C101041,2026-07-27,Technical Support,6.7,4,0
TKT701289,C101041,2026-07-18,Return Request,12.4,3,0
TKT701290,C101045,2025-11-01,General Inquiry,23.0,3,0
TKT701291,C101046,2021-01-06,Refund Request,6.5,2,0
TKT701292,C101046,2021-09-11,Return Request,6.9,1,0
TKT701293,C101047,2026-02-01,Delivery Delay,10.7,2,0
TKT701294,C101047,2024-07-24,Refund Request,9.4,1,0
TKT701295,C101048,2024-12-18,Return Request,63.9,4,1
TKT701296,C101048,2026-04-26,Delivery Delay,2.4,2,0
TKT701297,C101048,2026-04-03,General Inquiry,22.7,2,0
TKT701298,C101050,2026-03-22,Product Defect,28.3,1,0
TKT701299,C101051,2026-05-31,Refund Request,22.7,2,0
TKT701300,C101051,2026-05-10,Product Defect,13.2,2,0
TKT701301,C101051,2026-06-21,Delivery Delay,11.4,3,0
TKT701302,C101051,2026-07-18,General Inquiry,5.8,3,0
TKT701303,C101052,2026-06-06,Return Request,21.7,2,0
TKT701304,C101052,2026-08-02,General Inquiry,17.9,1,1
TKT701305,C101052,2026-05-14,Delivery Delay,10.6,1,0
TKT701306,C101054,2025-03-08,Product Defect,6.7,2,0
TKT701307,C101054,2025-11-20,Billing Issue,6.6,4,0
TKT701308,C101056,2026-07-02,General Inquiry,8.1,1,0
TKT701309,C101056,2025-11-15,Refund Request,29.9,3,0
TKT701310,C101056,2024-09-15,Account Access,39.1,2,0
TKT701311,C101057,2024-06-10,Refund Request,19.6,2,0
TKT701312,C101058,2025-09-10,Refund Request,12.0,1,1
TKT701313,C101058,2025-08-25,Billing Issue,24.5,1,0
TKT701314,C101059,2026-04-29,Delivery Delay,49.5,3,0
TKT701315,C101060,2026-07-06,General Inquiry,22.7,1,0
TKT701316,C101060,2026-06-01,Billing Issue,10.6,1,0
TKT701317,C101060,2026-02-22,Delivery Delay,1.6,2,1
TKT701318,C101060,2026-04-28,Product Defect,27.0,1,0
TKT701319,C101061,2025-03-06,Technical Support,9.7,5,0
TKT701320,C101062,2023-02-24,Account Access,3.7,3,0
TKT701321,C101064,2025-04-01,Return Request,5.8,1,1
TKT701322,C101064,2026-02-05,Product Defect,29.2,1,0
TKT701323,C101064,2026-01-07,General Inquiry,20.2,1,1
TKT701324,C101064,2024-09-12,Technical Support,12.6,1,0
TKT701325,C101064,2025-01-01,Billing Issue,3.3,1,0
TKT701326,C101064,2025-11-20,Technical Support,51.4,1,0
TKT701327,C101065,2023-07-20,Product Defect,11.0,1,0
TKT701328,C101065,2025-08-09,Refund Request,6.0,4,0
TKT701329,C101065,2024-09-19,General Inquiry,1.0,3,1
TKT701330,C101066,2026-03-12,Billing Issue,4.1,3,0
TKT701331,C101066,2025-11-06,Product Defect,4.0,3,0
TKT701332,C101069,2024-02-26,Delivery Delay,19.5,2,0
TKT701333,C101070,2026-01-14,Product Defect,17.1,4,0
TKT701334,C101071,2025-12-16,Billing Issue,12.0,2,0
TKT701335,C101071,2024-07-15,Refund Request,19.9,2,0
TKT701336,C101072,2023-03-17,General Inquiry,11.4,2,0
TKT701337,C101072,2022-02-24,Technical Support,2.6,2,0
TKT701338,C101073,2025-09-21,Delivery Delay,3.2,1,0
TKT701339,C101073,2025-09-17,General Inquiry,63.4,1,1
TKT701340,C101073,2026-02-07,Delivery Delay,67.4,2,0
TKT701341,C101074,2025-10-12,Product Defect,46.1,1,0
TKT701342,C101074,2024-02-29,Refund Request,5.5,1,1
TKT701343,C101074,2023-01-08,Product Defect,12.2,1,0
TKT701344,C101074,2024-05-18,Account Access,30.2,1,0
TKT701345,C101074,2022-01-29,General Inquiry,16.7,1,0
TKT701346,C101075,2026-04-29,Return Request,8.1,5,0
TKT701347,C101076,2026-02-27,Refund Request,4.5,2,1
TKT701348,C101079,2026-06-14,General Inquiry,5.0,1,1
TKT701349,C101079,2026-05-20,Technical Support,20.5,1,0
TKT701350,C101080,2024-06-16,Billing Issue,14.9,4,0
TKT701351,C101083,2025-03-24,Delivery Delay,23.0,1,0
TKT701352,C101083,2022-09-02,Delivery Delay,9.7,1,0
TKT701353,C101083,2023-11-29,Billing Issue,42.3,2,0
TKT701354,C101087,2025-02-26,General Inquiry,19.1,3,0
TKT701355,C101088,2025-05-17,Billing Issue,22.0,1,0
TKT701356,C101088,2025-02-13,Technical Support,19.6,1,0
TKT701357,C101088,2025-10-17,Billing Issue,16.3,2,0
TKT701358,C101089,2025-08-07,Refund Request,9.1,4,0
TKT701359,C101090,2023-10-23,Delivery Delay,10.4,2,0
TKT701360,C101092,2025-03-10,General Inquiry,13.8,2,0
TKT701361,C101093,2025-06-04,Account Access,17.7,3,0
TKT701362,C101093,2026-03-23,Account Access,4.5,3,0
TKT701363,C101094,2022-08-28,Billing Issue,6.0,3,0
TKT701364,C101095,2025-08-26,Account Access,8.8,3,0
TKT701365,C101095,2025-04-26,Delivery Delay,12.5,3,1
TKT701366,C101097,2023-01-23,Return Request,8.8,1,0
TKT701367,C101097,2024-03-27,Return Request,7.1,1,1
TKT701368,C101097,2026-04-22,Delivery Delay,10.4,2,0
TKT701369,C101097,2024-05-04,General Inquiry,20.8,2,0
TKT701370,C101097,2026-06-12,General Inquiry,1.6,2,0
TKT701371,C101099,2026-08-08,Technical Support,9.8,2,0
TKT701372,C101099,2026-08-12,Account Access,4.8,3,0
TKT701373,C101099,2026-08-10,Refund Request,8.5,3,0
TKT701374,C101101,2023-08-25,Billing Issue,26.0,1,0
TKT701375,C101104,2026-05-23,General Inquiry,19.5,4,0
TKT701376,C101104,2026-07-15,Delivery Delay,21.0,3,0
TKT701377,C101106,2024-06-13,Account Access,18.7,3,0
TKT701378,C101107,2024-10-09,General Inquiry,33.9,2,0
TKT701379,C101108,2025-11-09,Delivery Delay,13.1,4,0
TKT701380,C101108,2026-03-19,Return Request,7.5,4,0
TKT701381,C101109,2023-10-09,Account Access,10.4,3,0
TKT701382,C101110,2025-11-23,General Inquiry,10.2,2,0
TKT701383,C101110,2025-09-05,Billing Issue,17.5,3,0
TKT701384,C101110,2025-04-17,Account Access,26.0,4,0
TKT701385,C101112,2026-07-09,General Inquiry,8.7,2,0
TKT701386,C101112,2026-07-18,Account Access,13.2,2,1
TKT701387,C101113,2025-02-23,Technical Support,21.7,1,1
TKT701388,C101113,2024-08-14,Delivery Delay,48.7,1,1
TKT701389,C101116,2026-06-25,Delivery Delay,10.9,1,0
TKT701390,C101116,2026-03-02,Refund Request,19.5,2,0
TKT701391,C101116,2026-03-11,Product Defect,15.6,3,0
TKT701392,C101117,2026-08-12,Return Request,16.4,3,0
TKT701393,C101120,2024-03-13,Product Defect,2.9,2,0
TKT701394,C101122,2026-06-17,Account Access,23.5,3,0
TKT701395,C101122,2026-04-20,Return Request,6.6,2,0
TKT701396,C101123,2022-07-11,General Inquiry,12.3,1,0
TKT701397,C101123,2022-11-25,Delivery Delay,7.7,1,0
TKT701398,C101123,2024-01-17,Delivery Delay,25.9,1,0
TKT701399,C101123,2022-07-29,Account Access,12.7,1,0
TKT701400,C101123,2022-02-26,Delivery Delay,67.9,2,1
TKT701401,C101124,2025-06-02,Return Request,3.0,2,0
TKT701402,C101124,2026-03-16,Refund Request,8.1,3,0
TKT701403,C101124,2025-07-28,Refund Request,15.7,4,0
TKT701404,C101126,2023-03-11,General Inquiry,8.2,3,0
TKT701405,C101126,2026-03-15,Account Access,10.5,4,0
TKT701406,C101126,2026-01-14,Account Access,11.2,4,0
TKT701407,C101126,2023-04-03,Technical Support,39.3,4,0
TKT701408,C101127,2025-05-10,Refund Request,11.8,4,0
TKT701409,C101127,2022-10-01,Account Access,11.4,3,0
TKT701410,C101128,2024-02-05,Return Request,28.8,2,0
TKT701411,C101128,2024-08-01,Product Defect,3.1,2,1
TKT701412,C101129,2024-12-16,Billing Issue,10.8,2,1
TKT701413,C101129,2023-12-29,Billing Issue,7.7,1,0
TKT701414,C101129,2025-02-22,Product Defect,22.6,1,0
TKT701415,C101132,2026-06-01,Billing Issue,22.0,2,0
TKT701416,C101133,2026-08-06,Delivery Delay,15.0,1,0
TKT701417,C101133,2026-05-03,Technical Support,12.2,1,0
TKT701418,C101133,2026-05-01,Billing Issue,7.0,1,0
TKT701419,C101133,2026-04-28,Technical Support,3.5,2,0
TKT701420,C101133,2026-03-25,Billing Issue,12.2,1,1
TKT701421,C101133,2026-02-18,Technical Support,12.9,1,0
TKT701422,C101133,2026-05-24,Return Request,14.6,2,0
TKT701423,C101136,2025-05-14,Technical Support,7.8,1,0
TKT701424,C101136,2023-06-14,Refund Request,38.6,1,0
TKT701425,C101139,2025-12-02,Billing Issue,29.7,4,0
TKT701426,C101140,2025-11-27,Refund Request,5.2,3,0
TKT701427,C101142,2024-03-21,Technical Support,30.0,1,0
TKT701428,C101143,2026-04-17,General Inquiry,4.3,1,0
TKT701429,C101148,2024-10-21,General Inquiry,14.7,2,0
TKT701430,C101148,2026-05-27,Product Defect,12.6,2,0
TKT701431,C101149,2023-07-14,Product Defect,20.0,5,0
TKT701432,C101150,2026-02-08,Account Access,3.2,2,0
TKT701433,C101151,2026-05-29,Product Defect,32.9,2,1
TKT701434,C101151,2026-07-20,General Inquiry,38.2,1,0
TKT701435,C101153,2026-04-03,Technical Support,23.2,1,0
TKT701436,C101153,2024-12-03,Product Defect,3.8,1,1
TKT701437,C101153,2023-10-13,Product Defect,30.8,2,1
TKT701438,C101153,2025-05-07,Technical Support,12.2,1,1
TKT701439,C101154,2023-07-01,Return Request,24.1,2,1
TKT701440,C101154,2022-08-20,Return Request,9.3,1,0
TKT701441,C101158,2025-12-16,General Inquiry,25.9,3,1
TKT701442,C101158,2026-02-19,Refund Request,7.1,2,0
TKT701443,C101160,2024-11-17,Billing Issue,10.0,2,0
TKT701444,C101164,2025-01-24,General Inquiry,46.3,2,0
TKT701445,C101164,2024-12-26,Account Access,26.8,1,0
TKT701446,C101164,2024-08-05,Delivery Delay,14.8,2,0
TKT701447,C101165,2023-12-28,Account Access,2.9,3,0
TKT701448,C101166,2026-08-07,Delivery Delay,42.7,2,0
TKT701449,C101166,2026-06-01,General Inquiry,16.4,1,0
TKT701450,C101167,2024-05-02,Account Access,9.2,1,0
TKT701451,C101167,2023-10-07,Account Access,4.8,2,0
TKT701452,C101167,2024-02-05,Account Access,5.3,3,0
TKT701453,C101169,2026-01-28,Technical Support,14.3,1,0
TKT701454,C101170,2026-04-05,Delivery Delay,2.7,1,1
TKT701455,C101170,2026-02-23,Account Access,22.9,1,0
TKT701456,C101172,2026-05-23,Product Defect,18.5,2,0
TKT701457,C101172,2026-06-15,Delivery Delay,37.0,1,1
TKT701458,C101172,2026-07-08,Refund Request,29.3,1,1
TKT701459,C101172,2026-05-13,Billing Issue,10.4,2,0
TKT701460,C101174,2026-06-02,Product Defect,12.8,2,1
TKT701461,C101174,2026-05-19,Product Defect,16.8,4,0
TKT701462,C101174,2026-05-21,Delivery Delay,2.8,2,1
TKT701463,C101176,2024-12-08,Refund Request,8.8,2,0
TKT701464,C101178,2022-08-31,Technical Support,1.0,2,1
TKT701465,C101179,2025-11-07,Product Defect,2.7,1,0
TKT701466,C101179,2024-04-04,Account Access,17.5,2,0
TKT701467,C101180,2026-02-11,Account Access,1.7,4,0
TKT701468,C101181,2026-07-31,Technical Support,21.2,1,0
TKT701469,C101181,2025-01-23,Billing Issue,21.0,1,0
TKT701470,C101182,2026-03-13,Return Request,3.1,5,0
TKT701471,C101182,2024-07-19,Billing Issue,11.1,2,0
TKT701472,C101182,2024-12-31,Delivery Delay,2.4,1,0
TKT701473,C101183,2026-05-21,Delivery Delay,10.6,3,0
TKT701474,C101184,2022-01-25,Technical Support,9.3,2,0
TKT701475,C101185,2025-03-30,Billing Issue,2.4,1,0
TKT701476,C101185,2025-07-22,Technical Support,13.4,4,0
TKT701477,C101185,2025-08-12,Technical Support,9.9,3,1
TKT701478,C101186,2025-12-03,Account Access,24.8,1,0
TKT701479,C101186,2026-06-07,General Inquiry,19.9,3,0
TKT701480,C101186,2025-11-09,Product Defect,20.1,1,0
TKT701481,C101186,2026-05-14,General Inquiry,14.9,2,0
TKT701482,C101188,2025-07-16,Technical Support,5.7,3,0
TKT701483,C101189,2026-08-07,General Inquiry,36.0,1,0
TKT701484,C101189,2026-04-26,Refund Request,10.3,2,0
TKT701485,C101189,2026-03-20,Technical Support,45.2,1,0
TKT701486,C101189,2025-12-23,General Inquiry,14.5,1,0
TKT701487,C101190,2025-08-30,Delivery Delay,7.8,2,0
TKT701488,C101192,2022-05-15,Product Defect,24.8,3,0
TKT701489,C101193,2025-06-23,Billing Issue,21.3,4,0
TKT701490,C101195,2026-02-07,General Inquiry,14.3,3,0
TKT701491,C101198,2025-01-19,Refund Request,11.0,2,0
TKT701492,C101198,2024-02-04,Billing Issue,21.0,1,0
TKT701493,C101198,2025-05-24,Account Access,23.8,1,0
TKT701494,C101199,2021-12-20,Return Request,38.2,2,0
TKT701495,C101201,2025-01-10,General Inquiry,8.1,3,0
TKT701496,C101201,2025-04-11,Technical Support,20.1,2,0
TKT701497,C101202,2025-02-13,Billing Issue,4.9,1,0
TKT701498,C101202,2026-05-13,Delivery Delay,13.4,1,0
TKT701499,C101203,2024-07-09,Billing Issue,33.4,2,0
TKT701500,C101203,2024-10-03,Refund Request,38.8,3,0
TKT701501,C101204,2026-04-13,Return Request,14.1,3,0
TKT701502,C101208,2025-07-28,Product Defect,12.9,3,0
TKT701503,C101209,2024-07-12,Billing Issue,8.9,4,0
TKT701504,C101210,2021-11-13,Return Request,1.9,2,0
TKT701505,C101211,2026-05-21,Delivery Delay,29.9,2,1
TKT701506,C101211,2024-03-20,Return Request,1.8,2,0
TKT701507,C101211,2024-07-29,Delivery Delay,63.0,1,1
TKT701508,C101212,2025-04-30,General Inquiry,17.4,3,0
TKT701509,C101212,2025-10-28,Technical Support,2.7,4,0
TKT701510,C101213,2024-06-02,Billing Issue,12.7,1,0
TKT701511,C101213,2026-04-04,Product Defect,14.2,1,0
TKT701512,C101214,2026-06-21,Product Defect,26.5,1,0
TKT701513,C101215,2025-09-01,Delivery Delay,38.5,3,0
TKT701514,C101215,2023-09-22,Billing Issue,4.1,4,0
TKT701515,C101215,2023-10-17,Product Defect,28.9,5,0
TKT701516,C101216,2026-05-21,Return Request,10.9,4,0
TKT701517,C101216,2024-12-17,Technical Support,10.9,4,0
TKT701518,C101216,2026-07-25,Return Request,22.7,3,0
TKT701519,C101217,2026-01-14,Product Defect,7.6,3,0
TKT701520,C101217,2023-12-01,General Inquiry,32.4,1,0
TKT701521,C101217,2025-04-09,Product Defect,16.4,3,1
TKT701522,C101218,2025-11-16,Technical Support,3.0,1,0
TKT701523,C101219,2024-06-29,General Inquiry,19.8,4,0
TKT701524,C101220,2023-10-22,General Inquiry,3.9,2,0
TKT701525,C101220,2026-03-20,Account Access,13.0,2,0
TKT701526,C101220,2024-04-13,Delivery Delay,10.5,3,0
TKT701527,C101220,2022-12-30,General Inquiry,10.4,1,0
TKT701528,C101221,2026-01-13,Delivery Delay,3.4,2,0
TKT701529,C101222,2025-07-26,Billing Issue,21.6,2,0
TKT701530,C101223,2025-05-10,Return Request,19.8,1,1
TKT701531,C101224,2025-10-07,Delivery Delay,15.1,2,0
TKT701532,C101224,2025-09-02,Account Access,37.1,2,0
TKT701533,C101224,2026-02-19,Technical Support,13.2,1,0
TKT701534,C101225,2026-02-25,Return Request,34.6,1,1
TKT701535,C101226,2024-04-11,General Inquiry,15.2,2,0
TKT701536,C101228,2025-05-22,Return Request,39.4,2,0
TKT701537,C101229,2024-10-16,Return Request,15.2,1,0
TKT701538,C101231,2023-05-10,Return Request,5.8,3,0
TKT701539,C101231,2022-05-20,General Inquiry,25.7,2,0
TKT701540,C101232,2025-06-01,Technical Support,27.7,1,0
TKT701541,C101232,2026-02-11,Refund Request,7.4,2,1
TKT701542,C101232,2026-05-25,Account Access,10.6,2,0
TKT701543,C101232,2023-07-31,Delivery Delay,12.1,2,0
TKT701544,C101232,2024-05-09,General Inquiry,1.6,2,0
TKT701545,C101233,2025-05-16,Account Access,20.1,1,0
TKT701546,C101233,2025-05-13,Billing Issue,49.2,2,0
TKT701547,C101233,2026-07-30,Product Defect,34.6,1,0
TKT701548,C101233,2025-09-17,Billing Issue,10.5,1,0
TKT701549,C101235,2025-12-05,Refund Request,29.5,4,0
TKT701550,C101235,2025-06-10,Billing Issue,11.1,2,0
TKT701551,C101236,2024-06-24,Product Defect,22.6,3,0
TKT701552,C101236,2026-03-30,Technical Support,3.9,3,0
TKT701553,C101238,2023-02-06,General Inquiry,9.7,4,0
TKT701554,C101239,2026-07-05,Technical Support,25.1,3,0
TKT701555,C101239,2026-06-05,Refund Request,4.7,4,1
TKT701556,C101240,2025-02-14,Refund Request,12.0,4,0
TKT701557,C101241,2025-01-06,General Inquiry,10.6,4,0
TKT701558,C101241,2023-06-08,Billing Issue,19.4,3,0
TKT701559,C101242,2026-07-06,Refund Request,1.4,4,0
TKT701560,C101244,2024-05-10,Billing Issue,19.3,3,1
TKT701561,C101244,2025-10-18,Refund Request,12.2,3,0
TKT701562,C101245,2025-04-26,Product Defect,10.0,1,1
TKT701563,C101245,2025-10-17,Return Request,22.1,1,0
TKT701564,C101247,2026-02-04,Technical Support,9.6,2,0
TKT701565,C101250,2024-03-18,Billing Issue,25.2,3,0
TKT701566,C101251,2022-04-21,General Inquiry,18.6,2,1
TKT701567,C101252,2026-06-10,Return Request,8.2,3,0
TKT701568,C101252,2026-06-16,Return Request,6.6,4,0
TKT701569,C101253,2024-05-04,Billing Issue,26.5,3,0
TKT701570,C101254,2025-11-29,Account Access,3.0,2,0
TKT701571,C101256,2023-11-20,Delivery Delay,8.3,2,1
TKT701572,C101257,2023-06-24,General Inquiry,17.8,2,0
TKT701573,C101257,2026-04-11,Refund Request,8.0,1,0
TKT701574,C101259,2026-03-23,Product Defect,7.7,4,0
TKT701575,C101260,2024-04-05,Delivery Delay,16.2,2,0
TKT701576,C101261,2026-05-29,Billing Issue,20.8,2,0
TKT701577,C101264,2023-05-07,Return Request,10.4,3,0
TKT701578,C101266,2026-07-12,Technical Support,11.4,1,0
TKT701579,C101266,2026-07-24,Account Access,7.8,2,1
TKT701580,C101266,2026-08-04,Billing Issue,14.2,3,0
TKT701581,C101267,2026-04-21,Refund Request,5.0,2,0
TKT701582,C101268,2025-10-17,Product Defect,15.3,1,0
TKT701583,C101269,2025-09-05,Technical Support,8.2,4,0
TKT701584,C101271,2024-01-09,Technical Support,8.9,3,0
TKT701585,C101271,2025-08-02,Return Request,4.2,2,0
TKT701586,C101272,2023-06-04,Refund Request,25.0,4,0
TKT701587,C101272,2024-12-12,General Inquiry,15.9,4,1
TKT701588,C101273,2021-08-07,Return Request,5.8,2,0
TKT701589,C101273,2025-08-27,Return Request,30.6,1,0
TKT701590,C101274,2024-09-07,General Inquiry,24.3,1,0
TKT701591,C101276,2026-04-19,Account Access,10.7,3,0
TKT701592,C101276,2026-04-10,Technical Support,9.8,4,0
TKT701593,C101277,2026-05-28,Billing Issue,20.5,1,1
TKT701594,C101277,2026-03-30,Billing Issue,6.7,2,0
TKT701595,C101278,2024-01-20,Account Access,6.0,1,1
TKT701596,C101278,2021-04-09,Refund Request,19.0,2,0
TKT701597,C101278,2021-01-28,Delivery Delay,8.5,2,0
TKT701598,C101279,2026-05-20,Delivery Delay,18.3,5,0
TKT701599,C101280,2026-03-28,Account Access,13.8,1,0
TKT701600,C101282,2025-12-30,Return Request,50.2,1,0
TKT701601,C101282,2023-12-18,Refund Request,12.4,3,0
TKT701602,C101285,2023-10-28,Delivery Delay,6.0,3,0
TKT701603,C101285,2026-01-22,Product Defect,13.5,1,0
TKT701604,C101285,2026-02-08,Product Defect,51.6,2,0
TKT701605,C101286,2026-01-29,Return Request,7.5,1,0
TKT701606,C101286,2026-08-04,Billing Issue,4.5,1,0
TKT701607,C101289,2025-04-24,Technical Support,3.8,2,0
TKT701608,C101289,2026-04-10,Account Access,11.1,2,0
TKT701609,C101290,2026-07-12,Technical Support,3.0,2,0
TKT701610,C101290,2026-02-09,Return Request,26.9,2,0
TKT701611,C101290,2025-11-24,Technical Support,2.0,1,0
TKT701612,C101290,2024-12-15,Technical Support,11.8,2,1
TKT701613,C101290,2025-04-14,Technical Support,36.0,1,0
TKT701614,C101293,2026-07-25,Refund Request,3.2,4,1
TKT701615,C101293,2026-06-10,General Inquiry,41.6,2,1
TKT701616,C101293,2026-05-08,Technical Support,35.1,1,0
TKT701617,C101293,2026-05-04,Refund Request,2.4,1,0
TKT701618,C101293,2026-06-08,Technical Support,14.1,2,0
TKT701619,C101293,2026-07-10,Technical Support,18.0,1,1
TKT701620,C101296,2025-05-28,Account Access,24.3,1,0
TKT701621,C101298,2025-06-02,Delivery Delay,10.5,1,0
TKT701622,C101299,2026-08-08,Billing Issue,18.1,4,0
TKT701623,C101300,2025-01-18,Return Request,17.1,3,1
TKT701624,C101301,2025-02-11,Account Access,16.1,1,0
TKT701625,C101301,2025-09-01,Product Defect,19.8,1,1
TKT701626,C101301,2022-08-02,Refund Request,4.3,1,0
TKT701627,C101301,2023-11-08,General Inquiry,11.5,2,0
TKT701628,C101301,2026-03-21,Return Request,25.9,2,0
TKT701629,C101301,2023-06-06,Billing Issue,45.7,1,1
TKT701630,C101301,2022-09-26,Refund Request,33.2,1,0
TKT701631,C101301,2025-04-29,Refund Request,23.8,1,0
TKT701632,C101302,2024-11-05,Delivery Delay,5.9,1,0
TKT701633,C101302,2025-05-20,Delivery Delay,20.6,1,0
TKT701634,C101303,2026-06-06,Refund Request,1.3,4,0
TKT701635,C101304,2026-07-04,Product Defect,13.1,1,0
TKT701636,C101307,2024-12-16,Product Defect,13.0,1,0
TKT701637,C101307,2024-10-30,Delivery Delay,24.1,2,0
TKT701638,C101309,2026-04-11,Technical Support,10.3,1,0
TKT701639,C101309,2026-03-14,Delivery Delay,18.5,2,0
TKT701640,C101309,2026-04-21,Delivery Delay,9.8,3,0
TKT701641,C101310,2026-02-09,Refund Request,3.8,4,0
TKT701642,C101310,2025-02-17,Delivery Delay,27.7,3,0
TKT701643,C101312,2026-07-05,Technical Support,14.0,1,0
TKT701644,C101312,2026-05-27,Refund Request,17.2,1,1
TKT701645,C101312,2026-07-08,Return Request,46.0,2,1
TKT701646,C101313,2026-08-02,Return Request,4.5,3,0
TKT701647,C101313,2026-07-30,Refund Request,18.0,1,0
TKT701648,C101314,2026-07-19,Refund Request,15.9,5,0
TKT701649,C101317,2024-10-18,General Inquiry,41.2,1,0
TKT701650,C101317,2024-01-27,Refund Request,3.9,2,0
TKT701651,C101318,2024-03-10,Product Defect,15.6,1,0
TKT701652,C101318,2025-02-16,Refund Request,9.7,1,1
TKT701653,C101318,2024-11-29,Account Access,7.8,2,0
TKT701654,C101318,2025-07-18,Product Defect,23.2,3,0
TKT701655,C101320,2022-12-16,Delivery Delay,28.4,2,0
TKT701656,C101321,2025-10-13,Return Request,17.5,4,0
TKT701657,C101321,2026-04-22,Delivery Delay,18.5,3,0
TKT701658,C101322,2024-02-04,Product Defect,40.1,1,1
TKT701659,C101322,2025-07-25,Account Access,6.2,3,0
TKT701660,C101322,2026-06-22,Delivery Delay,9.8,3,0
TKT701661,C101322,2025-04-05,Refund Request,20.2,1,0
TKT701662,C101322,2026-03-08,Return Request,11.7,1,0
TKT701663,C101323,2026-08-10,General Inquiry,11.3,4,0
TKT701664,C101324,2022-11-16,Delivery Delay,8.5,3,0
TKT701665,C101324,2024-11-24,Account Access,6.6,3,0
TKT701666,C101325,2022-11-19,General Inquiry,7.3,2,0
TKT701667,C101327,2023-11-11,Product Defect,21.0,4,0
TKT701668,C101327,2025-11-23,Return Request,14.7,5,0
TKT701669,C101329,2025-05-12,Product Defect,17.4,1,0
TKT701670,C101329,2026-05-14,Refund Request,3.9,1,0
TKT701671,C101329,2024-08-31,Product Defect,5.9,2,0
TKT701672,C101331,2024-02-12,Refund Request,7.5,2,0
TKT701673,C101331,2021-12-19,Technical Support,14.5,1,0
TKT701674,C101332,2026-05-09,Delivery Delay,13.6,3,0
TKT701675,C101333,2026-05-17,General Inquiry,4.7,2,0
TKT701676,C101333,2026-07-15,Billing Issue,7.0,1,0
TKT701677,C101333,2026-07-09,Delivery Delay,37.0,1,0
TKT701678,C101334,2025-04-01,Account Access,2.2,2,0
TKT701679,C101335,2026-01-29,Product Defect,12.1,3,0
TKT701680,C101336,2025-05-27,Return Request,21.1,2,0
TKT701681,C101336,2026-08-11,Delivery Delay,14.9,1,0
TKT701682,C101338,2025-12-20,Technical Support,11.2,2,0
TKT701683,C101339,2026-01-23,Technical Support,8.8,1,1
TKT701684,C101340,2022-10-21,Billing Issue,3.8,2,0
TKT701685,C101340,2026-07-30,Billing Issue,10.4,1,0
TKT701686,C101340,2024-09-21,Delivery Delay,1.8,2,0
TKT701687,C101341,2026-08-02,Return Request,8.6,3,0
TKT701688,C101341,2026-08-07,Account Access,7.9,3,0
TKT701689,C101341,2026-08-02,Account Access,14.4,3,0
TKT701690,C101341,2026-07-26,Billing Issue,9.7,3,0
TKT701691,C101343,2025-03-15,Product Defect,17.9,3,0
TKT701692,C101345,2026-07-11,Billing Issue,17.8,3,0
TKT701693,C101346,2025-09-07,Return Request,20.6,3,0
TKT701694,C101346,2025-07-01,Account Access,23.5,1,0
TKT701695,C101348,2021-08-14,Account Access,23.7,1,0
TKT701696,C101348,2024-03-07,Product Defect,25.1,2,1
TKT701697,C101348,2024-03-30,Billing Issue,7.3,1,0
TKT701698,C101349,2025-02-28,Product Defect,20.7,1,0
TKT701699,C101349,2026-06-11,Delivery Delay,11.9,1,0
TKT701700,C101349,2026-05-18,Billing Issue,5.2,1,0
TKT701701,C101349,2026-05-25,Return Request,74.5,1,0
TKT701702,C101349,2025-07-12,Return Request,15.0,1,0
TKT701703,C101353,2025-11-22,Delivery Delay,5.5,5,0
TKT701704,C101355,2025-12-01,Technical Support,3.4,3,0
TKT701705,C101357,2026-05-10,Billing Issue,1.5,2,0
TKT701706,C101358,2023-11-28,Refund Request,5.9,2,0
TKT701707,C101359,2024-08-13,Refund Request,36.1,1,0
TKT701708,C101360,2024-04-14,Account Access,10.4,2,0
TKT701709,C101360,2024-12-20,Refund Request,6.8,2,0
TKT701710,C101362,2022-11-12,Account Access,9.5,3,0
TKT701711,C101363,2025-10-19,Technical Support,18.1,2,0
TKT701712,C101365,2026-03-30,Technical Support,32.6,2,0
TKT701713,C101367,2024-01-13,Product Defect,12.2,1,1
TKT701714,C101367,2025-07-02,Delivery Delay,9.9,1,0
TKT701715,C101368,2025-08-31,General Inquiry,6.5,2,0
TKT701716,C101368,2025-10-25,Product Defect,6.7,1,0
TKT701717,C101368,2026-01-21,Delivery Delay,15.6,2,0
TKT701718,C101368,2024-10-16,Return Request,7.0,3,0
TKT701719,C101370,2024-04-24,Return Request,25.4,2,0
TKT701720,C101370,2023-09-17,Product Defect,22.0,2,0
TKT701721,C101370,2024-09-28,General Inquiry,5.4,2,0
TKT701722,C101372,2026-06-26,Technical Support,21.7,3,0
TKT701723,C101373,2025-04-01,Product Defect,2.1,2,0
TKT701724,C101373,2023-09-16,Refund Request,20.7,2,1
TKT701725,C101373,2026-02-04,Billing Issue,29.4,2,0
TKT701726,C101374,2024-03-11,Technical Support,8.1,1,1
TKT701727,C101374,2025-08-13,Product Defect,61.0,1,0
TKT701728,C101374,2025-02-16,Technical Support,40.0,1,0
TKT701729,C101374,2026-01-28,Account Access,6.6,1,0
TKT701730,C101374,2023-07-22,Account Access,19.3,1,0
TKT701731,C101375,2025-03-23,Technical Support,22.1,3,0
TKT701732,C101376,2024-04-12,Technical Support,27.6,1,0
TKT701733,C101378,2026-07-25,Refund Request,11.3,4,0
TKT701734,C101378,2025-12-31,Billing Issue,10.4,2,1
TKT701735,C101378,2025-12-25,General Inquiry,15.3,4,0
TKT701736,C101379,2026-06-02,Return Request,22.8,1,0
TKT701737,C101382,2023-07-09,Technical Support,40.2,3,0
TKT701738,C101382,2026-06-23,Account Access,12.4,2,0
TKT701739,C101383,2026-02-24,Product Defect,7.8,4,0
TKT701740,C101383,2026-06-01,Refund Request,6.0,3,0
TKT701741,C101384,2026-08-05,Account Access,18.7,1,0
TKT701742,C101384,2026-07-17,Product Defect,6.5,1,1
TKT701743,C101385,2025-07-25,Refund Request,24.9,2,0
TKT701744,C101385,2024-04-17,Billing Issue,2.2,2,0
TKT701745,C101385,2026-02-21,Billing Issue,15.6,1,0
TKT701746,C101385,2025-05-03,Return Request,21.5,2,0
TKT701747,C101387,2026-03-28,Delivery Delay,7.8,2,0
TKT701748,C101388,2025-06-11,Delivery Delay,12.0,3,0
TKT701749,C101390,2026-04-09,Account Access,21.6,3,0
TKT701750,C101390,2024-10-24,General Inquiry,8.5,1,0
TKT701751,C101392,2026-02-23,Refund Request,27.1,2,0
TKT701752,C101392,2026-03-15,Product Defect,17.0,2,0
TKT701753,C101393,2024-01-26,General Inquiry,28.8,3,1
TKT701754,C101394,2022-05-15,Delivery Delay,20.9,1,0
TKT701755,C101394,2023-07-01,Refund Request,10.4,1,1
TKT701756,C101394,2024-02-05,Technical Support,11.1,2,1
TKT701757,C101394,2025-10-14,Refund Request,3.7,1,0
TKT701758,C101395,2026-06-24,General Inquiry,10.3,3,0
TKT701759,C101397,2025-04-27,Technical Support,11.7,1,0
TKT701760,C101397,2026-06-28,Refund Request,1.2,2,0
TKT701761,C101400,2024-02-16,Delivery Delay,13.0,2,0
TKT701762,C101401,2024-08-12,General Inquiry,19.3,4,0
TKT701763,C101401,2022-05-30,Product Defect,2.1,3,0
TKT701764,C101402,2026-08-05,Technical Support,17.9,3,0
TKT701765,C101403,2026-07-03,Account Access,8.1,3,0
TKT701766,C101404,2026-04-03,Return Request,14.0,3,0
TKT701767,C101404,2024-07-07,General Inquiry,12.4,1,0
TKT701768,C101404,2025-08-23,Product Defect,12.8,1,0
TKT701769,C101404,2026-06-22,Account Access,6.5,1,0
TKT701770,C101405,2025-11-19,Delivery Delay,17.5,1,0
TKT701771,C101405,2026-07-16,Account Access,24.0,1,0
TKT701772,C101406,2026-03-04,Billing Issue,15.1,3,1
TKT701773,C101406,2026-07-02,Billing Issue,9.8,3,0
TKT701774,C101406,2026-06-05,Billing Issue,7.5,3,0
TKT701775,C101407,2024-01-28,Technical Support,16.5,5,0
TKT701776,C101407,2025-03-13,Billing Issue,8.9,1,1
TKT701777,C101409,2025-10-29,Product Defect,22.6,3,0
TKT701778,C101411,2024-06-22,Technical Support,17.0,3,0
TKT701779,C101412,2026-02-21,Product Defect,2.7,1,0
TKT701780,C101412,2024-05-10,Technical Support,11.4,2,0
TKT701781,C101412,2024-12-23,General Inquiry,54.4,1,0
TKT701782,C101412,2025-06-20,Return Request,4.6,1,0
TKT701783,C101413,2025-09-20,Product Defect,25.3,2,0
TKT701784,C101413,2026-02-15,Delivery Delay,4.0,1,0
TKT701785,C101413,2023-07-24,Refund Request,64.0,1,0
TKT701786,C101413,2025-03-27,Refund Request,18.8,1,1
TKT701787,C101414,2026-01-19,Return Request,37.5,1,0
TKT701788,C101416,2024-06-02,Account Access,15.8,3,0
TKT701789,C101417,2023-10-21,Return Request,10.3,1,1
TKT701790,C101419,2025-01-30,Refund Request,7.2,4,0
TKT701791,C101420,2026-02-06,Delivery Delay,32.2,2,0
TKT701792,C101420,2025-07-31,Billing Issue,13.6,2,0
TKT701793,C101420,2026-04-01,General Inquiry,9.1,3,0
TKT701794,C101421,2026-01-21,Product Defect,2.6,2,0
TKT701795,C101421,2026-01-31,Delivery Delay,31.8,3,0
TKT701796,C101421,2024-05-22,Technical Support,4.9,4,0
TKT701797,C101422,2023-06-15,Delivery Delay,5.2,1,0
TKT701798,C101423,2026-02-10,General Inquiry,32.7,1,0
TKT701799,C101423,2023-10-26,Technical Support,31.3,1,1
TKT701800,C101424,2026-07-23,Account Access,2.8,4,0
TKT701801,C101426,2023-08-02,Billing Issue,17.4,1,0
TKT701802,C101429,2025-09-06,General Inquiry,18.2,4,0
TKT701803,C101429,2025-07-21,Billing Issue,57.4,2,0
TKT701804,C101431,2026-05-03,Delivery Delay,33.3,3,0
TKT701805,C101431,2026-01-04,Account Access,14.7,3,0
TKT701806,C101434,2025-04-15,General Inquiry,0.0,2,0
TKT701807,C101434,2024-12-13,Delivery Delay,21.2,1,0
TKT701808,C101434,2026-06-16,Billing Issue,5.5,2,0
TKT701809,C101436,2026-01-22,Return Request,23.7,2,1
TKT701810,C101437,2026-08-02,Refund Request,3.7,3,0
TKT701811,C101439,2022-11-09,Technical Support,7.9,1,0
TKT701812,C101439,2026-08-12,Product Defect,5.1,1,1
TKT701813,C101441,2025-12-27,Technical Support,6.0,3,0
TKT701814,C101442,2024-10-25,Technical Support,1.3,1,0
TKT701815,C101442,2022-09-05,Billing Issue,4.9,1,0
TKT701816,C101444,2024-02-17,Return Request,11.5,2,0
TKT701817,C101444,2024-03-08,Billing Issue,8.6,1,0
TKT701818,C101444,2026-05-06,Billing Issue,10.4,1,1
TKT701819,C101445,2026-07-23,Billing Issue,13.6,2,0
TKT701820,C101445,2025-09-10,General Inquiry,20.4,2,0
TKT701821,C101446,2025-05-26,Refund Request,6.0,1,0
TKT701822,C101446,2024-08-30,Account Access,19.4,2,0
TKT701823,C101447,2024-06-21,Technical Support,3.2,1,0
TKT701824,C101447,2025-05-16,General Inquiry,24.2,2,1
TKT701825,C101447,2023-05-27,Billing Issue,16.8,2,1
TKT701826,C101447,2025-10-02,Product Defect,13.8,1,0
TKT701827,C101449,2025-11-13,Refund Request,15.8,1,0
TKT701828,C101450,2023-09-21,Return Request,32.0,3,0
TKT701829,C101450,2024-08-20,General Inquiry,24.6,1,0
TKT701830,C101450,2023-07-21,Billing Issue,11.0,1,0
TKT701831,C101451,2022-10-04,Account Access,34.7,2,1
TKT701832,C101452,2025-10-13,Account Access,10.8,3,0
TKT701833,C101455,2024-10-14,Refund Request,26.2,2,0
TKT701834,C101455,2025-12-24,Technical Support,6.1,5,0
TKT701835,C101456,2025-08-22,Delivery Delay,10.2,1,0
TKT701836,C101456,2023-10-05,Delivery Delay,20.4,2,0
TKT701837,C101458,2026-03-28,Delivery Delay,14.3,2,0
TKT701838,C101458,2026-03-01,General Inquiry,21.7,1,0
TKT701839,C101458,2026-05-10,Account Access,42.8,1,1
TKT701840,C101458,2026-05-24,Delivery Delay,29.8,1,0
TKT701841,C101460,2026-08-03,Technical Support,15.0,1,1
TKT701842,C101460,2026-05-26,Refund Request,12.6,2,1
TKT701843,C101460,2026-04-02,Refund Request,20.7,1,1
TKT701844,C101462,2026-06-23,Product Defect,21.5,4,0
TKT701845,C101464,2025-11-13,Technical Support,6.2,2,0
TKT701846,C101466,2024-12-06,Delivery Delay,2.2,2,1
TKT701847,C101466,2023-02-27,Return Request,9.8,1,0
TKT701848,C101468,2026-03-25,Billing Issue,18.6,3,0
TKT701849,C101471,2026-04-12,Delivery Delay,3.7,1,0
TKT701850,C101473,2025-09-24,Delivery Delay,5.9,1,0
TKT701851,C101474,2026-07-25,Delivery Delay,26.9,1,0
TKT701852,C101474,2026-03-21,Delivery Delay,1.7,1,0
TKT701853,C101475,2026-05-31,Return Request,9.4,1,0
TKT701854,C101476,2024-03-29,Return Request,7.8,2,0
TKT701855,C101477,2024-10-03,Return Request,11.1,2,0
TKT701856,C101477,2026-06-27,Product Defect,3.6,4,0
TKT701857,C101480,2025-06-16,Delivery Delay,16.2,3,0
TKT701858,C101481,2024-12-25,Refund Request,9.2,3,0
TKT701859,C101481,2024-06-22,General Inquiry,20.4,2,0
TKT701860,C101481,2025-06-17,Refund Request,19.4,1,0
TKT701861,C101481,2025-04-19,Account Access,18.7,2,0
TKT701862,C101481,2026-03-22,Product Defect,32.9,4,0
TKT701863,C101481,2026-07-29,General Inquiry,32.0,1,0
TKT701864,C101483,2025-12-18,Billing Issue,10.2,1,0
TKT701865,C101483,2023-09-17,Technical Support,13.0,1,0
TKT701866,C101483,2026-07-26,Billing Issue,3.1,2,0
TKT701867,C101484,2026-06-05,Product Defect,10.9,2,0
TKT701868,C101484,2024-04-15,Return Request,38.5,1,0
TKT701869,C101484,2025-03-03,Return Request,32.6,1,0
TKT701870,C101486,2024-12-22,Refund Request,21.1,1,0
TKT701871,C101486,2024-07-22,Refund Request,12.7,2,0
TKT701872,C101488,2025-04-07,Billing Issue,5.6,4,0
TKT701873,C101490,2025-09-27,Technical Support,11.7,3,0
TKT701874,C101490,2025-07-01,Return Request,2.6,1,1
TKT701875,C101491,2026-03-30,Refund Request,16.6,4,0
TKT701876,C101492,2023-04-11,Account Access,8.8,3,0
TKT701877,C101493,2024-09-09,Billing Issue,16.2,3,0
TKT701878,C101493,2026-07-03,Account Access,31.6,2,0
TKT701879,C101495,2025-01-08,Billing Issue,3.6,4,0
TKT701880,C101495,2026-07-19,Billing Issue,4.8,5,0
TKT701881,C101496,2025-06-27,Billing Issue,13.3,1,0
TKT701882,C101496,2024-07-18,General Inquiry,9.0,3,0
TKT701883,C101498,2024-11-04,Delivery Delay,11.6,3,0
TKT701884,C101499,2025-03-25,Product Defect,5.9,3,0
TKT701885,C101500,2024-03-06,Account Access,8.8,3,0
TKT701886,C101501,2025-12-02,Refund Request,3.9,2,1
TKT701887,C101502,2026-08-07,Technical Support,20.0,2,0
TKT701888,C101504,2026-02-27,Account Access,48.3,1,1
TKT701889,C101504,2025-10-06,Account Access,11.8,1,0
TKT701890,C101505,2024-09-18,Account Access,1.5,4,0
TKT701891,C101505,2025-06-21,General Inquiry,25.1,2,0
TKT701892,C101505,2024-05-14,Product Defect,57.0,3,0
TKT701893,C101508,2025-06-14,General Inquiry,2.5,3,0
TKT701894,C101509,2025-05-29,General Inquiry,28.5,1,0
TKT701895,C101509,2024-12-02,Account Access,24.5,4,0
TKT701896,C101509,2025-07-12,Delivery Delay,10.9,1,0
TKT701897,C101510,2024-12-06,Billing Issue,12.0,2,0
TKT701898,C101513,2025-03-09,Technical Support,9.1,2,0
TKT701899,C101514,2026-05-15,Technical Support,9.2,3,0
TKT701900,C101515,2026-05-12,Refund Request,2.4,2,0
TKT701901,C101517,2024-07-04,Product Defect,15.0,3,0
TKT701902,C101522,2025-12-07,Return Request,9.9,4,0
TKT701903,C101524,2023-04-01,Return Request,11.3,1,0
TKT701904,C101527,2026-02-14,General Inquiry,10.6,2,0
TKT701905,C101527,2026-04-23,Product Defect,18.2,1,0
TKT701906,C101528,2024-02-20,Account Access,9.0,3,0
TKT701907,C101530,2026-07-09,Return Request,3.6,2,1
TKT701908,C101530,2023-04-30,Account Access,17.5,2,0
TKT701909,C101531,2024-10-02,Product Defect,7.0,3,0
TKT701910,C101531,2026-05-11,Return Request,12.9,3,1
TKT701911,C101533,2022-06-12,Account Access,7.1,1,0
TKT701912,C101533,2022-08-09,General Inquiry,2.2,1,0
TKT701913,C101533,2026-02-13,Return Request,23.2,1,0
TKT701914,C101533,2026-05-29,Product Defect,2.3,4,0
TKT701915,C101534,2024-08-06,Return Request,12.1,3,0
TKT701916,C101535,2025-02-11,Delivery Delay,5.1,1,0
TKT701917,C101535,2026-02-12,Billing Issue,25.7,1,0
TKT701918,C101536,2026-03-21,Refund Request,7.1,3,0
TKT701919,C101537,2026-07-24,Refund Request,17.2,1,0
TKT701920,C101537,2024-01-20,Product Defect,3.6,1,1
TKT701921,C101539,2025-05-30,Return Request,14.5,4,0
TKT701922,C101539,2025-04-21,Account Access,5.9,1,0
TKT701923,C101541,2026-05-16,Account Access,7.3,5,0
TKT701924,C101542,2026-07-10,Technical Support,18.2,4,0
TKT701925,C101544,2024-04-28,Billing Issue,12.5,2,0
TKT701926,C101545,2024-10-23,General Inquiry,39.2,2,0
TKT701927,C101548,2026-05-17,Delivery Delay,39.6,2,0
TKT701928,C101549,2025-12-09,General Inquiry,8.1,2,0
TKT701929,C101550,2025-09-14,Billing Issue,16.4,2,1
TKT701930,C101550,2025-12-02,General Inquiry,15.0,2,0
TKT701931,C101550,2026-07-11,General Inquiry,1.7,1,0
TKT701932,C101552,2026-07-24,Return Request,6.2,2,0
TKT701933,C101553,2025-08-15,Billing Issue,25.4,1,1
TKT701934,C101554,2026-02-18,Return Request,35.5,2,0
TKT701935,C101554,2026-01-21,Refund Request,29.1,3,0
TKT701936,C101555,2025-11-02,Billing Issue,7.6,3,1
TKT701937,C101555,2025-12-11,Technical Support,9.5,5,0
TKT701938,C101555,2026-05-01,Delivery Delay,24.1,1,0
TKT701939,C101556,2025-01-10,Delivery Delay,5.4,2,0
TKT701940,C101556,2025-09-04,General Inquiry,18.5,1,0
TKT701941,C101556,2024-12-28,General Inquiry,7.6,3,1
TKT701942,C101557,2025-11-08,Refund Request,12.6,3,0
TKT701943,C101558,2026-08-05,Delivery Delay,5.1,3,0
TKT701944,C101559,2024-02-28,Technical Support,8.3,1,0
TKT701945,C101559,2021-09-29,Product Defect,17.6,1,0
TKT701946,C101560,2026-05-03,Account Access,72.5,1,0
TKT701947,C101560,2024-04-15,Refund Request,29.6,1,0
TKT701948,C101561,2024-05-26,Delivery Delay,18.2,3,0
TKT701949,C101561,2024-06-05,Product Defect,10.6,1,0
TKT701950,C101562,2023-01-31,General Inquiry,16.8,1,0
TKT701951,C101564,2024-07-31,Technical Support,13.4,3,0
TKT701952,C101564,2024-11-06,Account Access,8.1,1,1
TKT701953,C101564,2024-10-31,Technical Support,26.5,2,0
TKT701954,C101566,2026-01-29,Product Defect,24.1,2,0
TKT701955,C101566,2025-10-29,Technical Support,32.5,2,0
TKT701956,C101568,2023-09-12,Return Request,14.1,2,1
TKT701957,C101571,2025-12-28,General Inquiry,6.6,1,0
TKT701958,C101573,2025-05-12,Billing Issue,4.7,3,0
TKT701959,C101575,2026-04-21,Delivery Delay,21.0,1,0
TKT701960,C101575,2025-12-24,Refund Request,17.2,2,0
TKT701961,C101575,2025-10-03,Return Request,17.0,1,0
TKT701962,C101575,2025-11-17,General Inquiry,24.5,2,1
TKT701963,C101575,2026-03-10,Return Request,7.1,1,0
TKT701964,C101576,2024-09-06,Refund Request,4.6,1,0
TKT701965,C101576,2025-11-28,Account Access,28.0,2,0
TKT701966,C101577,2025-04-16,Return Request,10.6,1,1
TKT701967,C101577,2022-05-02,Billing Issue,15.9,1,0
TKT701968,C101579,2024-01-28,Return Request,4.3,2,0
TKT701969,C101580,2024-12-22,Account Access,6.5,2,0
TKT701970,C101580,2025-12-06,Product Defect,36.4,1,0
TKT701971,C101582,2021-09-14,General Inquiry,2.2,3,0
TKT701972,C101582,2023-05-12,Product Defect,1.4,5,0
TKT701973,C101584,2024-04-17,General Inquiry,33.1,1,1
TKT701974,C101585,2026-05-14,Return Request,8.0,2,0
TKT701975,C101585,2025-09-29,Return Request,21.0,1,0
TKT701976,C101585,2026-06-08,Account Access,7.0,2,0
TKT701977,C101585,2026-03-08,Delivery Delay,15.1,2,0
TKT701978,C101585,2026-02-26,Account Access,15.2,1,0
TKT701979,C101586,2025-01-21,Return Request,11.4,3,0
TKT701980,C101586,2026-02-04,Return Request,21.2,4,0
TKT701981,C101587,2026-04-10,Delivery Delay,14.4,2,0
TKT701982,C101587,2024-11-24,Refund Request,5.4,2,0
TKT701983,C101589,2024-07-11,Delivery Delay,32.2,3,0
TKT701984,C101589,2026-07-24,Refund Request,7.2,1,1
TKT701985,C101591,2025-05-21,General Inquiry,20.2,1,0
TKT701986,C101591,2026-03-01,Delivery Delay,21.6,1,0
TKT701987,C101592,2024-10-20,Delivery Delay,4.1,3,0
TKT701988,C101592,2024-05-12,Refund Request,27.5,3,0
TKT701989,C101592,2025-07-18,Account Access,8.5,4,0
TKT701990,C101595,2026-08-01,General Inquiry,6.8,3,0
TKT701991,C101595,2025-12-10,Product Defect,9.5,1,1
TKT701992,C101595,2025-06-06,Return Request,28.4,2,0
TKT701993,C101596,2023-03-20,Product Defect,4.8,1,0
TKT701994,C101596,2022-11-20,Technical Support,7.2,4,0
TKT701995,C101596,2023-08-05,Refund Request,48.6,2,0
TKT701996,C101597,2026-07-10,Refund Request,2.5,2,0
TKT701997,C101600,2026-08-06,Delivery Delay,26.4,2,1
TKT701998,C101600,2024-06-27,Technical Support,27.4,3,1
TKT701999,C101600,2026-06-27,Product Defect,18.9,2,0
TKT702000,C101603,2026-07-24,Return Request,17.2,2,0
TKT702001,C101603,2026-08-02,Delivery Delay,46.9,3,1
TKT702002,C101603,2026-07-28,Return Request,4.4,3,0
TKT702003,C101604,2023-01-01,Return Request,20.4,3,0
TKT702004,C101607,2024-07-09,Product Defect,30.9,1,0
TKT702005,C101607,2025-08-15,Return Request,15.5,1,0
TKT702006,C101607,2026-05-02,Delivery Delay,17.2,2,0
TKT702007,C101608,2025-08-11,Delivery Delay,12.8,1,1
TKT702008,C101608,2025-04-26,Account Access,13.9,1,1
TKT702009,C101609,2024-07-14,Refund Request,16.3,4,0
TKT702010,C101610,2025-01-24,Billing Issue,3.6,4,1
TKT702011,C101611,2026-06-09,Technical Support,2.6,4,0
TKT702012,C101612,2026-04-23,Return Request,7.3,4,0
TKT702013,C101612,2026-06-29,General Inquiry,0.4,4,0
TKT702014,C101613,2024-11-03,Technical Support,4.1,5,0
TKT702015,C101614,2025-06-18,Technical Support,21.8,1,0
TKT702016,C101615,2023-02-25,Product Defect,29.1,2,0
TKT702017,C101615,2021-08-14,Product Defect,39.4,2,1
TKT702018,C101616,2025-06-26,Product Defect,5.3,3,0
TKT702019,C101619,2024-07-22,Product Defect,12.3,2,0
TKT702020,C101620,2024-10-21,Account Access,15.8,2,0
TKT702021,C101620,2024-08-10,General Inquiry,18.6,1,1
TKT702022,C101620,2024-11-24,Delivery Delay,43.2,1,0
TKT702023,C101621,2026-08-06,General Inquiry,2.3,2,0
TKT702024,C101621,2026-08-01,Return Request,4.9,1,0
TKT702025,C101623,2026-08-02,Billing Issue,16.7,3,0
TKT702026,C101624,2026-08-05,Technical Support,15.7,1,0
TKT702027,C101627,2023-10-09,Refund Request,31.7,2,0
TKT702028,C101628,2026-06-10,Billing Issue,13.7,4,0
TKT702029,C101633,2026-05-25,Technical Support,24.1,2,0
TKT702030,C101636,2026-05-09,Return Request,27.6,3,0
TKT702031,C101636,2022-06-19,Account Access,5.8,2,0
TKT702032,C101638,2025-01-05,General Inquiry,24.4,1,1
TKT702033,C101639,2025-04-07,Account Access,4.4,1,0
TKT702034,C101639,2026-01-17,General Inquiry,19.0,2,0
TKT702035,C101639,2025-10-09,Billing Issue,31.1,2,0
TKT702036,C101640,2026-06-05,Billing Issue,23.2,1,0
TKT702037,C101640,2025-09-25,General Inquiry,9.4,3,0
TKT702038,C101641,2023-10-05,Billing Issue,7.6,3,0
TKT702039,C101643,2026-07-31,Account Access,21.8,1,1
TKT702040,C101643,2025-05-11,Delivery Delay,22.5,1,0
TKT702041,C101643,2025-07-27,Billing Issue,15.4,3,0
TKT702042,C101643,2026-01-30,Product Defect,14.5,2,0
TKT702043,C101643,2024-02-28,Refund Request,4.9,1,0
TKT702044,C101644,2025-03-14,Billing Issue,3.3,2,1
TKT702045,C101644,2025-11-24,Refund Request,11.5,2,1
TKT702046,C101644,2025-09-26,Account Access,19.3,4,0
TKT702047,C101645,2023-01-12,Technical Support,14.9,4,0
TKT702048,C101647,2026-03-24,General Inquiry,24.6,2,0
TKT702049,C101648,2025-06-06,General Inquiry,12.8,3,1
TKT702050,C101648,2025-02-05,General Inquiry,26.3,2,0
TKT702051,C101649,2023-03-08,Billing Issue,24.4,1,0
TKT702052,C101649,2023-10-31,Billing Issue,16.8,1,0
TKT702053,C101649,2026-01-15,Return Request,10.8,1,0
TKT702054,C101650,2024-11-28,Product Defect,24.2,4,0
TKT702055,C101651,2025-10-08,Account Access,13.0,2,0
TKT702056,C101652,2026-05-02,General Inquiry,7.3,1,0
TKT702057,C101652,2026-06-29,Return Request,51.0,4,0
TKT702058,C101653,2026-07-30,Return Request,5.8,4,0
TKT702059,C101653,2026-08-05,Product Defect,2.5,5,0
TKT702060,C101654,2026-06-21,Return Request,5.1,4,0
TKT702061,C101655,2025-12-29,Refund Request,17.2,1,0
TKT702062,C101655,2026-02-24,General Inquiry,5.0,1,1
TKT702063,C101656,2022-09-03,Product Defect,38.9,1,0
TKT702064,C101656,2025-01-31,Account Access,17.5,2,0
TKT702065,C101657,2024-11-19,Delivery Delay,6.5,2,0
TKT702066,C101658,2022-05-24,Refund Request,5.6,3,0
TKT702067,C101660,2026-05-16,Return Request,17.9,1,1
TKT702068,C101661,2025-06-25,General Inquiry,19.2,2,1
TKT702069,C101661,2025-10-06,Return Request,21.0,1,0
TKT702070,C101661,2025-09-21,Billing Issue,16.6,1,0
TKT702071,C101664,2025-11-03,Billing Issue,26.2,3,0
TKT702072,C101664,2026-06-07,Account Access,3.7,2,0
TKT702073,C101665,2025-12-04,Billing Issue,5.3,5,0
TKT702074,C101665,2026-06-02,Technical Support,19.2,2,1
TKT702075,C101665,2024-03-03,Product Defect,1.1,2,0
TKT702076,C101665,2025-02-14,Billing Issue,29.9,3,0
TKT702077,C101668,2024-05-23,Billing Issue,16.1,4,0
TKT702078,C101669,2026-05-16,General Inquiry,6.9,3,0
TKT702079,C101670,2026-07-01,Product Defect,6.1,3,0
TKT702080,C101670,2026-07-01,Billing Issue,9.7,2,0
TKT702081,C101674,2026-05-07,Delivery Delay,13.0,3,0
TKT702082,C101675,2025-01-12,Delivery Delay,27.5,1,0
TKT702083,C101675,2023-10-15,Delivery Delay,25.8,1,0
TKT702084,C101676,2024-02-23,Account Access,5.7,3,0
TKT702085,C101679,2025-05-02,Account Access,20.3,2,0
TKT702086,C101679,2025-01-17,Return Request,11.2,1,1
TKT702087,C101679,2024-02-08,Delivery Delay,3.0,2,0
TKT702088,C101680,2025-02-09,Return Request,1.9,3,0
TKT702089,C101681,2023-03-16,Account Access,9.8,3,0
TKT702090,C101681,2025-04-13,Return Request,4.5,2,0
TKT702091,C101681,2025-02-12,Refund Request,22.3,3,0
TKT702092,C101681,2024-02-11,Delivery Delay,5.4,2,0
TKT702093,C101685,2025-04-30,Technical Support,14.3,1,0
TKT702094,C101685,2023-01-09,Delivery Delay,13.9,1,0
TKT702095,C101686,2026-04-17,Account Access,39.5,3,1
TKT702096,C101686,2026-01-18,Return Request,6.1,3,1
TKT702097,C101692,2026-04-05,Technical Support,21.7,3,0
TKT702098,C101693,2024-10-06,Technical Support,25.0,2,0
TKT702099,C101694,2025-08-14,General Inquiry,18.2,2,0
TKT702100,C101694,2026-08-09,Refund Request,19.9,1,0
TKT702101,C101694,2024-08-03,Account Access,11.3,1,0
TKT702102,C101696,2025-10-06,Product Defect,15.1,5,0
TKT702103,C101696,2026-02-25,Return Request,7.8,4,0
TKT702104,C101697,2025-05-02,Refund Request,27.3,2,0
TKT702105,C101697,2024-05-14,Refund Request,7.2,1,0
TKT702106,C101697,2023-06-03,Technical Support,6.2,2,0
TKT702107,C101698,2025-01-22,General Inquiry,5.4,1,1
TKT702108,C101698,2024-12-26,Account Access,8.3,4,1
TKT702109,C101699,2025-01-23,Delivery Delay,21.5,1,0
TKT702110,C101700,2025-11-24,Delivery Delay,16.8,2,0
TKT702111,C101700,2025-08-20,Product Defect,14.7,3,0
TKT702112,C101700,2025-09-28,Refund Request,13.8,4,0
TKT702113,C101700,2025-10-16,Billing Issue,5.8,2,1
TKT702114,C101702,2026-02-09,Refund Request,9.3,2,0
TKT702115,C101702,2026-04-22,General Inquiry,20.2,2,0
TKT702116,C101702,2025-12-03,Delivery Delay,1.5,1,0
TKT702117,C101702,2025-08-20,Technical Support,16.2,1,0
TKT702118,C101702,2025-11-25,Technical Support,17.1,1,0
TKT702119,C101702,2026-04-28,General Inquiry,9.4,2,0
TKT702120,C101703,2023-12-18,Product Defect,26.7,1,0
TKT702121,C101704,2026-03-03,Billing Issue,15.0,3,1
TKT702122,C101705,2026-07-24,General Inquiry,48.5,4,0
TKT702123,C101707,2026-07-16,Return Request,11.3,1,0
TKT702124,C101707,2025-07-27,Billing Issue,31.1,2,0
TKT702125,C101707,2026-02-22,Technical Support,10.5,2,1
TKT702126,C101709,2023-09-10,Return Request,5.9,1,0
TKT702127,C101709,2026-04-09,General Inquiry,24.2,4,0
TKT702128,C101710,2026-08-09,Delivery Delay,6.8,4,1
TKT702129,C101714,2025-10-24,Billing Issue,5.4,3,0
TKT702130,C101714,2025-01-05,General Inquiry,5.0,3,0
TKT702131,C101715,2024-08-03,Refund Request,43.6,2,0
TKT702132,C101715,2024-09-14,Delivery Delay,16.9,2,1
TKT702133,C101716,2025-12-04,Technical Support,9.7,3,0
TKT702134,C101717,2026-08-09,Refund Request,9.2,2,1
TKT702135,C101717,2026-08-03,General Inquiry,3.7,2,0
TKT702136,C101719,2024-04-02,Technical Support,16.4,2,0
TKT702137,C101719,2024-09-30,General Inquiry,17.0,1,1
TKT702138,C101719,2023-11-30,Delivery Delay,14.2,1,0
TKT702139,C101720,2024-01-01,Product Defect,25.7,2,0
TKT702140,C101720,2025-03-09,Technical Support,11.6,1,0
TKT702141,C101721,2026-06-01,Technical Support,7.9,3,0
TKT702142,C101722,2025-12-12,Billing Issue,6.0,4,0
TKT702143,C101724,2026-02-24,Technical Support,3.3,1,0
TKT702144,C101724,2022-02-08,Product Defect,9.0,1,0
TKT702145,C101726,2025-09-21,Return Request,41.4,3,0
TKT702146,C101727,2025-05-01,General Inquiry,9.7,1,0
TKT702147,C101727,2026-02-01,Delivery Delay,29.1,1,0
TKT702148,C101728,2024-04-11,Billing Issue,15.7,3,0
TKT702149,C101729,2024-03-27,Refund Request,4.5,2,0
TKT702150,C101730,2026-02-12,Account Access,5.0,2,0
TKT702151,C101730,2025-04-09,Refund Request,5.4,4,0
TKT702152,C101731,2026-02-02,Delivery Delay,10.1,3,0
TKT702153,C101734,2023-03-22,General Inquiry,1.7,4,0
TKT702154,C101734,2024-07-01,Return Request,9.6,3,0
TKT702155,C101734,2022-05-26,Account Access,17.9,2,0
TKT702156,C101734,2024-10-31,Technical Support,8.9,4,0
TKT702157,C101735,2026-06-07,Billing Issue,22.5,3,1
TKT702158,C101736,2022-11-29,Technical Support,15.5,3,0
TKT702159,C101736,2022-09-01,Return Request,17.6,1,0
TKT702160,C101739,2023-11-04,General Inquiry,29.9,1,0
TKT702161,C101739,2024-03-09,Refund Request,14.2,1,0
TKT702162,C101739,2026-07-18,Billing Issue,5.4,1,0
TKT702163,C101739,2025-12-31,Account Access,10.7,2,1
TKT702164,C101739,2026-01-22,Account Access,21.5,2,0
TKT702165,C101740,2021-12-07,Return Request,4.4,3,0
TKT702166,C101745,2024-09-05,Return Request,15.1,1,1
TKT702167,C101745,2025-06-01,Product Defect,17.0,1,0
TKT702168,C101745,2026-01-29,Account Access,12.5,1,1
TKT702169,C101749,2023-08-17,Delivery Delay,23.4,3,1
TKT702170,C101751,2023-08-21,Product Defect,22.9,1,0
TKT702171,C101754,2025-01-01,Billing Issue,4.8,1,0
TKT702172,C101754,2025-07-23,Refund Request,23.6,2,0
TKT702173,C101755,2026-03-25,Technical Support,13.0,1,1
TKT702174,C101755,2025-10-24,Refund Request,4.1,2,0
TKT702175,C101755,2022-12-09,General Inquiry,19.8,1,0
TKT702176,C101756,2024-04-13,Return Request,9.6,1,0
TKT702177,C101756,2023-01-22,Product Defect,3.2,2,0
TKT702178,C101756,2025-03-10,Refund Request,6.2,2,0
TKT702179,C101760,2026-08-08,Billing Issue,16.0,1,0
TKT702180,C101761,2025-08-06,Refund Request,29.8,3,0
TKT702181,C101761,2025-10-19,Return Request,16.9,2,0
TKT702182,C101761,2023-10-28,Technical Support,5.8,1,0
TKT702183,C101765,2023-01-28,Technical Support,27.1,4,0
TKT702184,C101766,2026-06-14,Product Defect,17.1,2,1
TKT702185,C101767,2025-06-09,General Inquiry,41.5,2,0
TKT702186,C101767,2026-01-03,Account Access,9.7,2,0
TKT702187,C101767,2024-08-27,Delivery Delay,8.5,1,1
TKT702188,C101770,2026-07-11,Delivery Delay,19.0,1,0
TKT702189,C101770,2026-04-28,Technical Support,15.3,1,0
TKT702190,C101770,2026-08-09,Billing Issue,36.3,1,0
TKT702191,C101770,2026-02-23,Billing Issue,33.5,3,0
TKT702192,C101771,2023-09-06,Return Request,11.5,2,0
TKT702193,C101772,2024-09-30,General Inquiry,18.3,3,1
TKT702194,C101773,2026-03-05,Delivery Delay,18.4,3,0
TKT702195,C101776,2024-03-22,General Inquiry,22.7,1,0
TKT702196,C101776,2022-07-04,Account Access,56.6,1,1
TKT702197,C101776,2023-02-20,General Inquiry,38.7,1,1
TKT702198,C101776,2023-01-06,Delivery Delay,37.6,1,0
TKT702199,C101776,2026-07-16,General Inquiry,44.1,3,1
TKT702200,C101777,2026-07-31,Return Request,19.8,1,0
TKT702201,C101777,2026-08-12,Technical Support,26.7,1,0
TKT702202,C101778,2024-12-24,Delivery Delay,11.6,3,0
TKT702203,C101778,2024-12-28,Refund Request,11.6,3,0
TKT702204,C101778,2025-11-24,Delivery Delay,6.5,2,0
TKT702205,C101781,2023-06-26,Refund Request,25.0,3,0
TKT702206,C101781,2022-11-24,Account Access,10.3,2,0
TKT702207,C101782,2025-03-11,General Inquiry,38.3,3,0
TKT702208,C101782,2025-08-01,Return Request,6.1,3,0
TKT702209,C101782,2022-10-05,Return Request,16.5,3,0
TKT702210,C101784,2025-07-18,Delivery Delay,2.5,2,0
TKT702211,C101785,2025-08-27,Delivery Delay,32.8,2,0
TKT702212,C101785,2026-06-19,Refund Request,24.2,3,0
TKT702213,C101785,2024-04-18,General Inquiry,8.6,2,0
TKT702214,C101786,2026-07-20,General Inquiry,9.7,3,0
TKT702215,C101789,2023-06-19,General Inquiry,36.1,1,0
TKT702216,C101790,2025-10-23,General Inquiry,24.9,2,0
TKT702217,C101790,2025-08-17,Refund Request,3.6,2,0
TKT702218,C101790,2024-07-03,Account Access,14.4,1,1
TKT702219,C101791,2025-02-07,General Inquiry,6.4,2,1
TKT702220,C101792,2025-12-11,Refund Request,17.6,1,0
TKT702221,C101793,2024-10-03,Billing Issue,16.9,2,0
TKT702222,C101794,2025-10-24,Return Request,7.4,4,0
TKT702223,C101795,2026-08-05,Technical Support,9.7,3,0
TKT702224,C101795,2025-04-13,Product Defect,28.8,2,0
TKT702225,C101797,2022-10-16,Account Access,5.5,3,0
TKT702226,C101798,2025-12-18,Delivery Delay,24.8,2,0
TKT702227,C101798,2024-06-24,Return Request,8.0,1,0
TKT702228,C101799,2025-09-17,Product Defect,26.6,4,0
TKT702229,C101801,2025-09-19,Account Access,2.7,3,0
TKT702230,C101801,2026-03-28,Refund Request,4.8,2,0
TKT702231,C101804,2025-08-31,Refund Request,6.5,2,0
TKT702232,C101806,2025-10-09,Billing Issue,10.7,2,0
TKT702233,C101806,2024-08-03,General Inquiry,13.8,1,1
TKT702234,C101807,2022-07-20,Refund Request,31.1,1,0
TKT702235,C101808,2026-07-03,Technical Support,12.8,3,0
TKT702236,C101808,2026-03-10,Return Request,3.5,3,0
TKT702237,C101809,2026-07-06,Technical Support,18.0,2,0
TKT702238,C101809,2026-03-15,General Inquiry,19.2,1,0
TKT702239,C101809,2025-08-01,Account Access,21.5,1,0
TKT702240,C101815,2025-08-01,Delivery Delay,60.0,1,0
TKT702241,C101816,2023-09-28,Delivery Delay,4.3,3,0
TKT702242,C101816,2024-07-09,Billing Issue,2.2,4,0
TKT702243,C101818,2025-12-18,Billing Issue,5.7,3,0
TKT702244,C101821,2024-05-15,Delivery Delay,6.9,5,0
TKT702245,C101822,2025-12-17,Refund Request,12.7,3,0
TKT702246,C101823,2026-06-18,Account Access,12.7,2,1
TKT702247,C101824,2024-08-18,Billing Issue,46.9,2,0
TKT702248,C101824,2025-02-06,Billing Issue,33.4,2,0
TKT702249,C101825,2025-09-10,Refund Request,32.5,3,0
TKT702250,C101826,2026-04-05,Delivery Delay,4.1,1,0
TKT702251,C101827,2026-06-29,General Inquiry,9.9,2,0
TKT702252,C101827,2025-09-04,Account Access,12.2,2,0
TKT702253,C101827,2025-06-15,Refund Request,25.9,3,0
TKT702254,C101828,2026-05-20,Refund Request,17.2,2,0
TKT702255,C101829,2024-01-11,Billing Issue,16.7,3,0
TKT702256,C101829,2024-02-29,Refund Request,3.5,3,0
TKT702257,C101834,2024-01-05,Delivery Delay,24.0,3,0
TKT702258,C101835,2024-02-08,Billing Issue,7.4,2,0
TKT702259,C101835,2025-09-29,General Inquiry,8.3,3,0
TKT702260,C101836,2021-11-16,Delivery Delay,12.7,3,0
TKT702261,C101837,2026-01-03,Account Access,14.1,2,0
TKT702262,C101838,2026-01-02,Technical Support,15.0,1,0
TKT702263,C101839,2023-05-06,Return Request,26.2,1,1
TKT702264,C101840,2026-03-26,Return Request,10.0,2,0
TKT702265,C101841,2026-03-03,Technical Support,22.9,1,0
TKT702266,C101841,2024-04-02,Product Defect,6.8,4,0
TKT702267,C101844,2022-12-11,Return Request,5.4,5,0
TKT702268,C101845,2025-12-03,Product Defect,6.6,3,0
TKT702269,C101846,2026-06-23,Return Request,7.3,3,0
TKT702270,C101847,2022-04-07,Refund Request,5.3,1,0
TKT702271,C101847,2025-01-05,General Inquiry,32.5,3,1
TKT702272,C101847,2023-11-09,Product Defect,3.5,3,0
TKT702273,C101847,2022-11-16,General Inquiry,25.4,1,1
TKT702274,C101847,2022-03-21,Delivery Delay,7.8,1,0
TKT702275,C101848,2024-11-24,Billing Issue,33.6,1,0
TKT702276,C101848,2026-07-10,Technical Support,10.1,2,0
TKT702277,C101848,2025-08-20,Refund Request,20.0,1,1
TKT702278,C101849,2025-09-16,Billing Issue,7.3,3,0
TKT702279,C101849,2026-07-26,General Inquiry,26.6,3,0
TKT702280,C101850,2025-11-20,Return Request,8.8,4,0
TKT702281,C101851,2025-11-14,General Inquiry,9.8,3,0
TKT702282,C101854,2021-07-28,Refund Request,3.9,3,1
TKT702283,C101855,2022-07-28,Account Access,6.2,1,0
TKT702284,C101855,2023-07-19,Refund Request,7.8,1,0
TKT702285,C101856,2024-05-13,Product Defect,20.8,3,0
TKT702286,C101857,2025-10-12,General Inquiry,17.7,1,0
TKT702287,C101857,2025-04-11,Technical Support,53.8,1,0
TKT702288,C101858,2025-03-01,General Inquiry,10.5,2,1
TKT702289,C101858,2026-01-30,Technical Support,28.8,3,0
TKT702290,C101859,2023-06-08,Return Request,8.8,2,0
TKT702291,C101862,2026-06-08,Delivery Delay,14.6,3,0
TKT702292,C101862,2025-11-29,Delivery Delay,2.4,2,0
TKT702293,C101865,2025-10-17,Account Access,15.8,3,0
TKT702294,C101866,2026-04-30,Account Access,17.2,4,0
TKT702295,C101868,2026-06-18,Product Defect,15.3,4,0
TKT702296,C101869,2026-05-28,General Inquiry,7.2,2,0
TKT702297,C101869,2026-07-29,General Inquiry,54.7,3,1
TKT702298,C101870,2026-02-25,Return Request,4.4,4,0
TKT702299,C101870,2026-03-19,Refund Request,7.8,3,0
TKT702300,C101872,2024-12-15,Technical Support,10.8,1,0
TKT702301,C101872,2024-12-13,Refund Request,16.6,1,0
TKT702302,C101872,2025-04-01,Return Request,34.5,3,0
TKT702303,C101873,2026-06-29,Technical Support,4.7,3,0
TKT702304,C101875,2022-03-30,Delivery Delay,2.3,2,1
TKT702305,C101876,2026-07-27,Refund Request,7.6,2,0
TKT702306,C101876,2026-07-20,Return Request,8.5,1,0
TKT702307,C101877,2025-08-17,General Inquiry,9.9,3,0
TKT702308,C101877,2026-06-10,Return Request,3.0,2,0
TKT702309,C101878,2026-01-29,Refund Request,6.0,5,0
TKT702310,C101878,2026-02-11,Delivery Delay,4.2,4,0
TKT702311,C101880,2025-04-27,Return Request,0.9,3,0
TKT702312,C101881,2025-07-28,Account Access,33.3,1,0
TKT702313,C101881,2022-08-06,Billing Issue,11.5,1,0
TKT702314,C101881,2022-05-13,General Inquiry,14.2,2,0
TKT702315,C101881,2022-09-12,Return Request,2.4,3,0
TKT702316,C101882,2026-02-28,General Inquiry,1.3,4,0
TKT702317,C101884,2026-05-30,Billing Issue,5.6,3,0
TKT702318,C101885,2025-01-19,Account Access,16.9,1,1
TKT702319,C101885,2025-06-05,Billing Issue,29.6,1,1
TKT702320,C101885,2025-12-08,General Inquiry,48.0,1,0
TKT702321,C101888,2026-05-01,General Inquiry,2.1,2,0
TKT702322,C101888,2025-09-03,Billing Issue,7.9,1,0
TKT702323,C101890,2024-03-17,Account Access,4.8,2,1
TKT702324,C101890,2023-07-14,Product Defect,11.1,3,0
TKT702325,C101890,2025-03-09,Product Defect,3.1,1,0
TKT702326,C101891,2021-10-01,Account Access,35.6,2,0
TKT702327,C101892,2025-12-04,General Inquiry,26.6,1,0
TKT702328,C101893,2022-05-06,Billing Issue,30.4,1,0
TKT702329,C101893,2024-02-28,General Inquiry,22.7,3,0
TKT702330,C101895,2025-11-23,Return Request,5.2,5,0
TKT702331,C101897,2026-05-21,Refund Request,33.3,4,0
TKT702332,C101897,2026-06-02,Refund Request,4.7,4,0
TKT702333,C101898,2025-04-23,Product Defect,26.1,2,0
TKT702334,C101900,2025-03-30,Delivery Delay,13.6,3,0
TKT702335,C101901,2025-03-15,Billing Issue,16.7,4,0
TKT702336,C101902,2024-04-19,General Inquiry,12.7,1,0
TKT702337,C101902,2022-12-31,Return Request,10.4,1,0
TKT702338,C101902,2024-10-03,Refund Request,12.1,1,0
TKT702339,C101903,2022-01-05,General Inquiry,29.6,1,0
TKT702340,C101903,2025-03-22,Delivery Delay,63.7,1,1
TKT702341,C101903,2025-01-18,Delivery Delay,20.8,1,0
TKT702342,C101905,2025-06-29,Technical Support,25.8,2,0
TKT702343,C101905,2025-01-23,Billing Issue,19.3,2,0
TKT702344,C101905,2024-12-01,Billing Issue,13.3,4,0
TKT702345,C101905,2023-12-30,Account Access,12.8,2,0
TKT702346,C101906,2026-01-24,Account Access,10.6,1,0
TKT702347,C101906,2026-04-16,Billing Issue,7.9,2,0
TKT702348,C101907,2026-06-02,Return Request,1.7,2,0
TKT702349,C101908,2025-04-14,Account Access,28.3,2,0
TKT702350,C101908,2026-07-08,Refund Request,11.4,2,0
TKT702351,C101910,2023-02-12,Refund Request,15.4,1,0
TKT702352,C101912,2025-08-23,Account Access,15.2,1,0
TKT702353,C101912,2025-07-27,Technical Support,48.5,3,0
TKT702354,C101913,2025-05-17,Return Request,27.5,2,1
TKT702355,C101914,2024-06-07,Return Request,11.6,2,0
TKT702356,C101915,2025-01-27,Product Defect,11.9,4,0
TKT702357,C101915,2026-04-25,Return Request,4.6,2,0
TKT702358,C101916,2025-05-12,Billing Issue,18.6,1,0
TKT702359,C101916,2025-02-25,Delivery Delay,61.4,2,1
TKT702360,C101916,2024-12-19,Product Defect,7.2,1,1
TKT702361,C101920,2024-04-25,Delivery Delay,12.2,3,0
TKT702362,C101920,2024-03-02,Technical Support,5.1,3,0
TKT702363,C101921,2024-01-16,Billing Issue,14.7,2,0
TKT702364,C101922,2026-06-13,Account Access,5.6,4,0
TKT702365,C101925,2024-10-16,General Inquiry,20.2,4,0
TKT702366,C101926,2026-04-24,Refund Request,25.6,1,0
TKT702367,C101927,2026-04-16,General Inquiry,9.6,3,0
TKT702368,C101928,2023-02-28,Billing Issue,23.7,1,0
TKT702369,C101928,2023-07-25,General Inquiry,14.2,2,1
TKT702370,C101928,2024-02-21,Technical Support,22.2,2,0
TKT702371,C101928,2026-05-29,Delivery Delay,23.4,2,1
TKT702372,C101928,2024-05-21,Delivery Delay,5.8,1,0
TKT702373,C101928,2025-07-22,Product Defect,6.6,2,1
TKT702374,C101933,2026-01-01,General Inquiry,4.1,3,1
TKT702375,C101934,2025-11-26,Refund Request,3.3,5,0
TKT702376,C101937,2024-07-10,Billing Issue,12.4,2,1
TKT702377,C101937,2025-01-19,Account Access,9.7,2,0
TKT702378,C101937,2022-07-28,Return Request,32.3,3,0
TKT702379,C101937,2025-06-21,Refund Request,27.8,1,0
TKT702380,C101939,2024-04-27,Billing Issue,13.1,1,0
TKT702381,C101939,2024-03-07,Technical Support,6.3,3,0
TKT702382,C101939,2025-07-22,Technical Support,48.7,3,0
TKT702383,C101939,2026-05-10,Product Defect,12.4,2,0
TKT702384,C101940,2025-06-05,General Inquiry,11.4,3,0
TKT702385,C101941,2026-01-18,Technical Support,21.4,3,0
TKT702386,C101941,2024-11-29,Technical Support,17.2,3,0
TKT702387,C101941,2025-08-28,General Inquiry,10.2,3,0
TKT702388,C101949,2026-07-30,Return Request,9.2,1,0
TKT702389,C101950,2022-12-19,General Inquiry,6.0,3,0
TKT702390,C101951,2023-11-16,Return Request,13.2,4,0
TKT702391,C101952,2025-08-31,General Inquiry,15.1,2,0
TKT702392,C101954,2026-08-04,Delivery Delay,25.6,1,0
TKT702393,C101954,2026-08-09,Refund Request,15.2,1,0
TKT702394,C101954,2026-03-17,Delivery Delay,5.1,1,0
TKT702395,C101955,2025-07-26,Account Access,8.4,1,0
TKT702396,C101955,2026-07-24,General Inquiry,15.1,1,0
TKT702397,C101956,2026-06-03,Return Request,16.9,1,1
TKT702398,C101956,2026-04-29,Billing Issue,8.5,1,0
TKT702399,C101956,2026-08-07,Delivery Delay,19.5,1,0
TKT702400,C101960,2025-09-18,Return Request,10.2,3,0
TKT702401,C101961,2025-07-23,Delivery Delay,8.2,1,0
TKT702402,C101962,2026-05-10,General Inquiry,4.8,1,0
TKT702403,C101962,2023-10-21,General Inquiry,68.2,2,0
TKT702404,C101966,2022-11-12,General Inquiry,1.0,2,0
TKT702405,C101966,2025-07-28,General Inquiry,8.5,1,0
TKT702406,C101966,2022-06-19,Account Access,3.0,1,0
TKT702407,C101967,2025-03-22,Technical Support,10.5,1,0
TKT702408,C101967,2024-10-09,Refund Request,15.1,1,0
TKT702409,C101970,2026-08-07,Billing Issue,22.7,2,0
TKT702410,C101970,2026-07-21,Return Request,6.4,2,0
TKT702411,C101970,2026-07-29,Billing Issue,45.3,2,0
TKT702412,C101971,2023-07-13,Refund Request,14.6,1,0
TKT702413,C101972,2026-04-12,Delivery Delay,4.7,4,0
TKT702414,C101972,2025-11-14,Delivery Delay,5.7,2,0
TKT702415,C101974,2024-01-31,General Inquiry,2.1,1,0
TKT702416,C101975,2025-04-07,Delivery Delay,5.6,3,0
TKT702417,C101976,2025-10-01,Refund Request,11.7,4,0
TKT702418,C101977,2026-04-28,General Inquiry,2.9,1,0
TKT702419,C101977,2026-04-22,Product Defect,17.0,3,0
TKT702420,C101978,2026-07-11,General Inquiry,0.8,4,0
TKT702421,C101982,2026-02-15,Billing Issue,3.3,3,0
TKT702422,C101982,2026-07-11,Refund Request,4.5,5,0
TKT702423,C101982,2026-03-20,Return Request,3.5,3,0
TKT702424,C101982,2026-01-10,Product Defect,10.1,4,0
TKT702425,C101984,2026-07-01,Product Defect,28.1,1,0
TKT702426,C101985,2026-01-22,Technical Support,5.3,4,0
TKT702427,C101985,2025-09-23,Refund Request,13.5,2,0
TKT702428,C101989,2024-04-23,Account Access,18.0,4,0
TKT702429,C101989,2024-07-19,Account Access,6.8,3,0
TKT702430,C101990,2026-07-26,Account Access,1.4,3,0
TKT702431,C101991,2024-12-18,Return Request,12.9,4,0
TKT702432,C101992,2026-07-11,Return Request,1.8,2,0
TKT702433,C101992,2026-08-05,Refund Request,17.6,1,0
TKT702434,C101993,2024-08-21,Billing Issue,17.0,3,0
TKT702435,C101993,2024-03-27,Delivery Delay,26.3,3,0
TKT702436,C101994,2026-07-28,Billing Issue,4.5,2,0
TKT702437,C101994,2026-07-25,Account Access,11.3,2,0
TKT702438,C101994,2026-07-11,Delivery Delay,8.8,2,0
TKT702439,C101995,2023-11-13,Delivery Delay,6.9,5,0
TKT702440,C101996,2026-06-17,Refund Request,8.8,1,0
TKT702441,C101996,2022-12-18,Technical Support,29.7,1,0
TKT702442,C102001,2024-07-12,Billing Issue,10.7,2,0
TKT702443,C102001,2023-04-19,Product Defect,11.0,3,0
TKT702444,C102001,2024-08-06,Return Request,2.9,2,1
TKT702445,C102001,2026-05-14,Delivery Delay,46.4,1,0
TKT702446,C102002,2021-08-18,Product Defect,4.0,2,1
TKT702447,C102004,2025-12-07,Delivery Delay,25.4,3,0
TKT702448,C102005,2024-03-02,Account Access,41.3,4,0
TKT702449,C102005,2024-03-18,Return Request,31.5,3,0
TKT702450,C102005,2025-12-11,Delivery Delay,18.8,3,0
TKT702451,C102006,2024-12-11,Product Defect,10.9,2,0
TKT702452,C102006,2024-08-02,Billing Issue,35.0,1,0
TKT702453,C102008,2025-07-01,Delivery Delay,26.1,2,0
TKT702454,C102009,2026-02-17,Product Defect,7.4,4,0
TKT702455,C102011,2025-11-11,Billing Issue,8.8,3,0
TKT702456,C102014,2025-10-09,Account Access,11.1,2,0
TKT702457,C102014,2024-10-12,Billing Issue,1.5,3,0
TKT702458,C102015,2023-03-26,Billing Issue,9.8,1,0
TKT702459,C102015,2025-12-22,Delivery Delay,29.0,2,0
TKT702460,C102017,2026-05-25,Technical Support,23.9,2,0
TKT702461,C102017,2026-02-25,General Inquiry,1.1,2,0
TKT702462,C102017,2025-07-12,Refund Request,14.4,1,0
TKT702463,C102017,2025-08-02,Technical Support,10.0,2,0
TKT702464,C102019,2026-08-06,Billing Issue,9.4,2,0
TKT702465,C102020,2026-03-23,Delivery Delay,11.7,3,0
TKT702466,C102020,2024-06-24,Product Defect,6.5,2,0
TKT702467,C102021,2026-01-12,Delivery Delay,12.9,4,0
TKT702468,C102022,2022-12-09,Return Request,3.6,1,0
TKT702469,C102022,2023-09-28,Technical Support,2.4,1,1
TKT702470,C102023,2024-08-03,Technical Support,4.8,4,0
TKT702471,C102024,2023-09-13,Technical Support,4.8,3,0
TKT702472,C102025,2026-01-21,Delivery Delay,8.9,2,0
TKT702473,C102025,2025-10-06,Return Request,13.0,2,0
TKT702474,C102028,2023-08-06,General Inquiry,2.9,4,0
TKT702475,C102028,2023-12-19,Account Access,3.4,3,0
TKT702476,C102029,2023-08-28,Product Defect,16.1,3,0
TKT702477,C102029,2025-07-12,Account Access,3.0,1,0
TKT702478,C102029,2025-05-06,Technical Support,5.2,1,0
TKT702479,C102029,2026-03-15,Billing Issue,75.1,2,0
TKT702480,C102029,2025-12-14,Refund Request,19.2,1,0
TKT702481,C102030,2025-09-21,Billing Issue,34.0,2,0
TKT702482,C102030,2024-10-26,Technical Support,4.1,3,0
TKT702483,C102032,2024-08-30,Account Access,21.7,2,0
TKT702484,C102032,2025-11-28,Billing Issue,11.0,2,0
TKT702485,C102033,2024-06-09,Billing Issue,6.5,3,0
TKT702486,C102034,2026-05-16,Product Defect,3.6,2,0
TKT702487,C102034,2025-12-28,Account Access,20.5,1,0
TKT702488,C102034,2025-11-11,Account Access,18.6,3,0
TKT702489,C102035,2024-12-02,Billing Issue,13.9,3,0
TKT702490,C102037,2026-07-17,Account Access,4.4,1,0
TKT702491,C102037,2026-06-28,Account Access,9.7,1,0
TKT702492,C102039,2025-04-26,Billing Issue,4.1,1,0
TKT702493,C102041,2024-03-03,Billing Issue,16.6,1,0
TKT702494,C102041,2026-04-27,Return Request,27.0,2,0
TKT702495,C102041,2026-07-17,Delivery Delay,13.2,1,0
TKT702496,C102041,2025-04-01,Return Request,2.6,1,0
TKT702497,C102045,2024-02-29,Delivery Delay,18.4,2,0
TKT702498,C102045,2026-05-10,Product Defect,20.4,1,0
TKT702499,C102045,2025-01-01,Billing Issue,10.1,2,0
TKT702500,C102049,2022-12-04,Refund Request,7.3,1,0
TKT702501,C102051,2026-08-08,Return Request,11.1,1,0
TKT702502,C102051,2026-07-07,Return Request,23.7,3,0
TKT702503,C102051,2026-07-11,Account Access,6.4,2,0
TKT702504,C102052,2025-10-21,Billing Issue,12.6,4,0
TKT702505,C102052,2026-08-11,Product Defect,13.1,5,0
TKT702506,C102054,2024-06-29,Delivery Delay,18.7,3,0
TKT702507,C102054,2022-11-08,Product Defect,4.9,2,0
TKT702508,C102055,2025-10-27,Technical Support,10.3,2,0
TKT702509,C102058,2026-03-20,Delivery Delay,10.8,1,0
TKT702510,C102062,2026-06-24,Product Defect,8.8,4,0
TKT702511,C102065,2026-08-11,Technical Support,4.1,4,0
TKT702512,C102065,2024-01-21,Product Defect,23.4,2,0
TKT702513,C102066,2024-02-14,Billing Issue,8.4,1,1
TKT702514,C102067,2026-08-05,Product Defect,11.1,3,0
TKT702515,C102070,2026-05-12,Delivery Delay,21.2,2,0
TKT702516,C102070,2026-04-14,Account Access,8.3,1,0
TKT702517,C102070,2026-04-10,Account Access,3.6,2,0
TKT702518,C102071,2023-10-05,Billing Issue,2.8,3,0
TKT702519,C102071,2024-06-19,Refund Request,12.6,2,1
TKT702520,C102071,2024-06-05,Billing Issue,25.0,1,0
TKT702521,C102073,2025-08-19,Refund Request,25.3,1,0
TKT702522,C102074,2024-08-08,Refund Request,7.3,3,0
TKT702523,C102074,2024-10-24,Technical Support,10.7,3,0
TKT702524,C102075,2026-01-11,Account Access,21.9,4,0
TKT702525,C102076,2023-02-05,Product Defect,15.9,5,0
TKT702526,C102077,2026-05-11,Return Request,18.0,2,0
TKT702527,C102077,2025-10-20,Account Access,7.6,2,0
TKT702528,C102078,2026-06-26,Billing Issue,45.2,2,0
TKT702529,C102078,2026-06-03,Product Defect,15.4,1,0
TKT702530,C102078,2026-04-27,Delivery Delay,6.1,1,1
TKT702531,C102079,2025-12-21,Technical Support,6.5,2,0
TKT702532,C102080,2026-06-18,Return Request,20.8,1,0
TKT702533,C102081,2023-12-20,Delivery Delay,3.3,5,0
TKT702534,C102082,2023-12-30,Refund Request,13.2,3,0
TKT702535,C102083,2026-04-04,Delivery Delay,3.2,3,1
TKT702536,C102085,2025-10-21,Product Defect,29.3,1,0
TKT702537,C102091,2024-10-28,Technical Support,10.1,4,0
TKT702538,C102093,2026-04-26,Technical Support,5.1,1,0
TKT702539,C102093,2026-08-02,Delivery Delay,24.4,1,0
TKT702540,C102093,2026-06-01,Billing Issue,27.7,1,0
TKT702541,C102095,2026-06-07,Account Access,25.8,1,0
TKT702542,C102096,2026-05-18,Product Defect,23.7,2,0
TKT702543,C102098,2024-02-27,Account Access,6.1,4,0
TKT702544,C102098,2025-02-28,Return Request,3.2,2,0
TKT702545,C102098,2023-12-16,Return Request,32.2,1,1
TKT702546,C102099,2022-01-26,Return Request,17.4,2,1
TKT702547,C102103,2026-07-18,Product Defect,28.2,1,0
TKT702548,C102103,2023-01-11,General Inquiry,3.3,2,0
TKT702549,C102103,2023-11-05,Account Access,10.2,1,0
TKT702550,C102104,2026-07-28,Delivery Delay,3.0,3,0
TKT702551,C102106,2026-05-07,Billing Issue,30.4,5,0
TKT702552,C102107,2025-06-27,Product Defect,10.3,3,0
TKT702553,C102107,2025-08-11,Refund Request,4.8,1,0
TKT702554,C102107,2026-05-06,Technical Support,7.4,2,0
TKT702555,C102107,2025-05-12,Delivery Delay,29.1,1,0
TKT702556,C102107,2025-12-25,Technical Support,54.8,3,1
TKT702557,C102108,2024-09-16,Product Defect,3.0,3,0
TKT702558,C102108,2024-07-01,Account Access,11.6,4,0
TKT702559,C102109,2025-09-06,General Inquiry,3.4,2,0
TKT702560,C102109,2022-11-30,Return Request,38.4,1,0
TKT702561,C102109,2023-04-02,Product Defect,14.1,1,1
TKT702562,C102109,2024-04-27,Delivery Delay,21.7,1,0
TKT702563,C102113,2026-07-05,Delivery Delay,6.2,1,0
TKT702564,C102113,2026-01-15,Refund Request,3.1,1,0
TKT702565,C102114,2025-12-28,Product Defect,4.2,3,1
TKT702566,C102115,2024-09-19,Delivery Delay,5.4,3,0
TKT702567,C102115,2026-01-07,Account Access,8.1,3,0
TKT702568,C102115,2023-03-11,Delivery Delay,12.9,3,0
TKT702569,C102118,2023-06-20,Return Request,6.1,5,1
TKT702570,C102120,2021-12-02,Technical Support,10.5,1,0
TKT702571,C102122,2025-03-19,Billing Issue,43.7,1,1
TKT702572,C102122,2022-10-26,Return Request,21.0,1,0
TKT702573,C102123,2025-05-17,Return Request,13.7,2,1
TKT702574,C102123,2022-09-24,General Inquiry,3.9,1,0
TKT702575,C102123,2022-11-10,Account Access,5.1,2,0
TKT702576,C102125,2026-04-03,Technical Support,5.0,2,0
TKT702577,C102126,2026-06-28,Technical Support,6.5,3,0
TKT702578,C102131,2026-02-26,Return Request,5.7,1,1
TKT702579,C102131,2026-03-20,Delivery Delay,13.1,1,1
TKT702580,C102133,2023-05-28,Billing Issue,12.3,2,0
TKT702581,C102134,2026-06-19,Refund Request,15.4,1,0
TKT702582,C102134,2026-07-16,General Inquiry,31.7,2,0
TKT702583,C102137,2026-03-10,Delivery Delay,25.6,1,0
TKT702584,C102137,2026-02-02,General Inquiry,81.5,2,0
TKT702585,C102138,2024-07-10,General Inquiry,0.7,3,0
TKT702586,C102138,2024-06-30,Delivery Delay,20.3,3,0
TKT702587,C102140,2026-05-04,Technical Support,25.7,1,0
TKT702588,C102140,2025-12-22,Product Defect,26.0,3,0
TKT702589,C102140,2025-10-04,Technical Support,2.7,1,0
TKT702590,C102142,2026-07-14,Product Defect,18.3,1,0
TKT702591,C102143,2025-11-26,Account Access,12.9,4,1
TKT702592,C102144,2025-01-01,Refund Request,8.0,1,0
TKT702593,C102144,2024-06-24,Billing Issue,16.3,1,0
TKT702594,C102144,2025-10-06,Technical Support,29.3,1,0
TKT702595,C102145,2024-02-13,General Inquiry,8.7,4,0
TKT702596,C102146,2022-10-26,Technical Support,2.6,2,0
TKT702597,C102146,2021-03-24,Account Access,12.1,3,0
TKT702598,C102147,2024-03-03,Account Access,17.1,5,0
TKT702599,C102147,2024-04-21,Account Access,11.2,5,0
TKT702600,C102147,2026-05-27,Delivery Delay,13.2,2,0
TKT702601,C102151,2026-06-01,Billing Issue,22.6,1,0
TKT702602,C102155,2026-05-04,Account Access,21.4,1,0
TKT702603,C102155,2024-05-19,Return Request,13.6,1,0
TKT702604,C102156,2024-11-30,Account Access,34.0,3,0
TKT702605,C102158,2025-11-16,Billing Issue,3.1,4,0
TKT702606,C102159,2021-11-17,General Inquiry,11.7,1,0
TKT702607,C102159,2022-11-10,General Inquiry,9.2,1,0
TKT702608,C102159,2026-03-16,General Inquiry,6.9,1,1
TKT702609,C102160,2022-10-08,Account Access,10.8,1,1
TKT702610,C102160,2024-07-05,Technical Support,4.1,2,0
TKT702611,C102161,2025-08-05,Billing Issue,19.4,3,0
TKT702612,C102162,2026-07-02,Billing Issue,13.4,2,0
TKT702613,C102162,2026-07-26,Account Access,16.6,3,1
TKT702614,C102163,2024-07-26,Refund Request,4.3,4,0
TKT702615,C102165,2024-09-25,General Inquiry,0.8,4,1
TKT702616,C102166,2026-05-22,Product Defect,15.4,2,0
TKT702617,C102169,2025-03-28,Billing Issue,65.9,1,0
TKT702618,C102171,2025-09-10,Account Access,13.4,3,0
TKT702619,C102172,2024-06-26,Billing Issue,11.1,4,0
TKT702620,C102173,2023-11-03,Billing Issue,16.0,4,0
TKT702621,C102174,2024-05-24,Billing Issue,6.3,1,0
TKT702622,C102175,2026-05-17,Billing Issue,15.9,2,0
TKT702623,C102175,2026-01-27,Account Access,28.4,1,0
TKT702624,C102175,2026-06-16,Refund Request,7.6,1,0
TKT702625,C102176,2024-01-18,Product Defect,4.8,3,0
TKT702626,C102177,2024-10-17,Account Access,16.7,2,0
TKT702627,C102179,2026-02-07,Technical Support,16.6,3,0
TKT702628,C102179,2025-10-21,Technical Support,9.3,4,0
TKT702629,C102180,2023-02-16,Refund Request,12.2,3,0
TKT702630,C102180,2025-10-26,Account Access,10.2,1,0
TKT702631,C102182,2026-08-12,General Inquiry,13.7,5,0
TKT702632,C102184,2026-03-28,Return Request,5.6,4,0
TKT702633,C102184,2026-02-04,Account Access,8.0,1,0
TKT702634,C102184,2026-02-04,Refund Request,14.6,4,1
TKT702635,C102186,2023-03-28,Technical Support,8.5,4,0
TKT702636,C102187,2026-03-26,Return Request,27.9,2,0
TKT702637,C102188,2025-12-10,Product Defect,56.5,3,1
TKT702638,C102189,2026-06-04,Product Defect,8.6,3,0
TKT702639,C102190,2025-04-26,General Inquiry,1.9,2,0
TKT702640,C102192,2024-04-22,Product Defect,4.2,4,0
TKT702641,C102192,2024-02-09,Refund Request,16.6,4,0
TKT702642,C102193,2025-01-19,Account Access,14.3,1,0
TKT702643,C102193,2025-02-28,Return Request,7.6,2,0
TKT702644,C102196,2025-11-07,Technical Support,15.0,4,0
TKT702645,C102199,2023-10-26,Account Access,6.2,3,0
TKT702646,C102200,2026-04-19,Refund Request,32.9,1,1
TKT702647,C102200,2026-07-15,Delivery Delay,5.4,1,0
TKT702648,C102200,2026-04-02,Billing Issue,9.9,1,0
TKT702649,C102201,2024-06-04,Billing Issue,12.8,1,0
TKT702650,C102201,2024-01-27,Billing Issue,16.3,1,0
TKT702651,C102201,2024-05-06,Account Access,15.7,2,0
TKT702652,C102204,2026-07-15,Refund Request,7.3,2,0
TKT702653,C102204,2025-08-23,General Inquiry,13.3,4,0
TKT702654,C102205,2022-09-30,Product Defect,12.9,1,0
TKT702655,C102205,2022-06-29,Product Defect,4.7,1,0
TKT702656,C102206,2024-03-08,Account Access,3.3,2,1
TKT702657,C102206,2025-11-23,General Inquiry,9.7,2,0
TKT702658,C102206,2024-08-09,Billing Issue,13.1,1,0
TKT702659,C102206,2026-05-31,Account Access,13.4,2,0
TKT702660,C102207,2025-10-03,Technical Support,9.9,1,1
TKT702661,C102207,2025-02-16,Delivery Delay,15.5,1,0
TKT702662,C102207,2024-02-07,General Inquiry,32.3,1,0
TKT702663,C102207,2025-02-05,Technical Support,20.9,1,0
TKT702664,C102207,2023-07-14,General Inquiry,54.8,1,0
TKT702665,C102208,2023-02-05,Account Access,5.0,2,0
TKT702666,C102210,2026-03-30,Delivery Delay,4.4,4,0
TKT702667,C102210,2025-02-11,Technical Support,2.0,2,1
TKT702668,C102211,2024-10-14,Product Defect,1.7,2,1
TKT702669,C102212,2026-07-02,Return Request,28.8,1,0
TKT702670,C102212,2026-05-16,Return Request,16.9,2,0
TKT702671,C102212,2026-04-20,Technical Support,5.3,2,0
TKT702672,C102212,2026-02-14,Billing Issue,33.5,2,0
TKT702673,C102212,2026-07-06,Return Request,17.4,1,0
TKT702674,C102213,2025-11-05,Billing Issue,21.3,2,0
TKT702675,C102213,2025-12-10,Delivery Delay,27.9,1,0
TKT702676,C102215,2025-01-12,Billing Issue,39.8,1,0
TKT702677,C102215,2025-12-06,General Inquiry,9.1,1,0
TKT702678,C102217,2025-06-22,Product Defect,19.5,3,0
TKT702679,C102217,2023-10-15,Product Defect,22.0,4,0
TKT702680,C102218,2025-02-06,Product Defect,14.1,3,0
TKT702681,C102218,2025-08-03,Refund Request,5.9,4,0
TKT702682,C102221,2024-06-25,Billing Issue,31.4,2,0
TKT702683,C102224,2025-02-21,Account Access,31.3,5,0
TKT702684,C102224,2025-07-11,Return Request,26.7,2,0
TKT702685,C102227,2023-01-21,Delivery Delay,10.1,3,0
TKT702686,C102229,2024-05-17,Billing Issue,3.7,2,0
TKT702687,C102230,2025-05-14,Technical Support,11.5,3,0
TKT702688,C102230,2025-10-20,Billing Issue,11.7,1,0
TKT702689,C102231,2026-05-11,Billing Issue,29.3,1,0
TKT702690,C102232,2026-01-12,Account Access,32.4,1,0
TKT702691,C102232,2026-05-01,Account Access,13.3,3,1
TKT702692,C102234,2026-02-23,Billing Issue,60.7,1,0
TKT702693,C102234,2025-01-16,Account Access,35.7,1,0
TKT702694,C102234,2025-03-31,Delivery Delay,14.1,1,0
TKT702695,C102236,2025-04-28,Return Request,7.7,3,0
TKT702696,C102237,2022-11-08,Return Request,18.2,4,0
TKT702697,C102237,2026-07-19,Technical Support,6.9,3,0
TKT702698,C102237,2021-10-05,Refund Request,6.2,1,0
TKT702699,C102238,2025-05-17,Refund Request,2.7,1,0
TKT702700,C102238,2026-01-10,General Inquiry,11.1,1,0
TKT702701,C102238,2025-03-26,Delivery Delay,10.3,1,0
TKT702702,C102238,2025-12-04,Account Access,6.6,2,0
TKT702703,C102238,2024-12-30,Technical Support,16.1,2,0
TKT702704,C102240,2024-10-25,Delivery Delay,16.2,3,1
TKT702705,C102242,2025-01-04,Refund Request,8.8,1,0
TKT702706,C102242,2026-05-15,Return Request,26.2,1,1
TKT702707,C102242,2024-08-26,Delivery Delay,7.9,1,0
TKT702708,C102243,2023-07-12,Return Request,3.0,2,0
TKT702709,C102243,2023-04-14,Account Access,6.1,3,0
TKT702710,C102244,2023-12-10,Account Access,9.2,4,0
TKT702711,C102245,2025-08-16,Account Access,15.8,1,0
TKT702712,C102245,2025-07-11,Return Request,16.1,4,0
TKT702713,C102246,2026-02-04,Technical Support,2.7,1,1
TKT702714,C102246,2023-08-03,Refund Request,24.8,1,0
TKT702715,C102246,2026-04-30,Technical Support,17.3,3,0
TKT702716,C102246,2022-06-10,Technical Support,72.2,2,0
TKT702717,C102247,2026-01-10,Technical Support,6.5,3,0
TKT702718,C102249,2025-08-27,Return Request,6.5,2,0
TKT702719,C102252,2025-10-01,Product Defect,8.2,3,0
TKT702720,C102252,2026-07-13,Refund Request,2.2,4,0
TKT702721,C102253,2026-05-09,Account Access,7.8,3,0
TKT702722,C102253,2025-12-26,Delivery Delay,23.9,2,0
TKT702723,C102255,2026-04-25,General Inquiry,6.5,2,0
TKT702724,C102256,2025-03-06,Account Access,11.4,2,0
TKT702725,C102258,2025-06-13,Delivery Delay,12.0,1,0
TKT702726,C102258,2026-06-23,Technical Support,13.3,1,0
TKT702727,C102259,2024-02-27,Account Access,20.6,3,0
TKT702728,C102260,2026-01-06,Delivery Delay,17.1,2,1
TKT702729,C102262,2025-10-31,Account Access,27.4,1,0
TKT702730,C102263,2025-02-14,Refund Request,15.1,2,0
TKT702731,C102264,2026-02-12,Billing Issue,8.1,1,0
TKT702732,C102266,2025-11-17,Delivery Delay,9.5,1,0
TKT702733,C102268,2025-05-09,Product Defect,16.6,2,0
TKT702734,C102268,2025-08-12,Product Defect,8.2,5,0
TKT702735,C102270,2025-06-10,Delivery Delay,20.6,1,0
TKT702736,C102270,2025-04-28,Billing Issue,11.9,1,0
TKT702737,C102270,2025-04-05,Return Request,2.5,2,0
TKT702738,C102272,2026-04-14,Billing Issue,51.4,2,0
TKT702739,C102273,2025-07-27,Billing Issue,2.3,1,0
TKT702740,C102273,2026-02-10,Account Access,26.1,1,0
TKT702741,C102275,2026-06-18,General Inquiry,6.4,4,0
TKT702742,C102276,2025-09-27,General Inquiry,7.1,4,0
TKT702743,C102278,2026-07-18,Refund Request,5.0,4,0
TKT702744,C102279,2026-01-30,Delivery Delay,17.5,4,0
TKT702745,C102279,2026-07-31,Refund Request,3.2,2,0
TKT702746,C102281,2023-07-03,Refund Request,16.5,1,0
TKT702747,C102281,2025-04-14,Delivery Delay,24.8,4,0
TKT702748,C102282,2025-10-07,Return Request,4.1,2,0
TKT702749,C102282,2025-08-08,General Inquiry,17.6,2,0
TKT702750,C102283,2025-12-18,Delivery Delay,110.2,1,0
TKT702751,C102283,2025-02-01,Delivery Delay,6.2,2,0
TKT702752,C102284,2025-03-01,General Inquiry,2.9,4,0
TKT702753,C102285,2026-07-20,Product Defect,10.3,1,0
TKT702754,C102285,2026-02-19,Delivery Delay,11.8,3,0
TKT702755,C102286,2024-06-05,Delivery Delay,16.4,3,0
TKT702756,C102288,2026-02-02,General Inquiry,38.4,1,0
TKT702757,C102288,2022-11-13,Technical Support,17.2,1,0
TKT702758,C102289,2026-03-07,Refund Request,16.5,4,0
TKT702759,C102290,2026-04-02,Refund Request,7.4,3,0
TKT702760,C102291,2024-11-27,Billing Issue,17.5,5,0
TKT702761,C102291,2025-10-28,Refund Request,10.9,3,0
TKT702762,C102292,2022-12-31,Product Defect,28.9,2,0
TKT702763,C102292,2026-02-27,Billing Issue,31.7,2,0
TKT702764,C102293,2025-12-22,Refund Request,6.0,1,0
TKT702765,C102294,2026-06-12,General Inquiry,10.7,4,0
TKT702766,C102296,2022-11-14,Return Request,30.4,3,0
TKT702767,C102296,2026-01-09,Technical Support,11.6,2,0
TKT702768,C102297,2026-03-21,Refund Request,12.7,2,0
TKT702769,C102297,2024-08-20,General Inquiry,4.6,1,0
TKT702770,C102298,2022-01-25,Return Request,19.8,4,0
TKT702771,C102298,2024-05-17,Technical Support,34.5,5,0
TKT702772,C102299,2025-12-08,Billing Issue,11.9,4,0
TKT702773,C102300,2024-11-05,Return Request,1.9,3,0
TKT702774,C102303,2026-03-01,Technical Support,13.4,4,0
TKT702775,C102304,2023-09-29,Return Request,13.9,1,0
TKT702776,C102304,2026-02-20,Product Defect,8.0,2,0
TKT702777,C102305,2026-06-16,Technical Support,12.7,4,1
TKT702778,C102311,2026-06-08,Product Defect,4.6,3,1
TKT702779,C102312,2025-12-09,Billing Issue,30.6,4,0
TKT702780,C102312,2024-05-21,Refund Request,8.4,4,0
TKT702781,C102312,2024-01-25,Account Access,13.6,2,0
TKT702782,C102314,2022-12-30,Return Request,29.4,4,0
TKT702783,C102314,2023-05-11,Product Defect,6.4,1,0
TKT702784,C102315,2022-11-20,Technical Support,22.9,1,0
TKT702785,C102317,2026-07-03,Technical Support,14.2,3,0
TKT702786,C102317,2026-06-13,Product Defect,20.2,2,0
TKT702787,C102319,2025-12-13,Delivery Delay,6.0,1,0
TKT702788,C102319,2026-07-12,General Inquiry,32.0,1,0
TKT702789,C102320,2026-06-10,Technical Support,29.3,2,0
TKT702790,C102324,2026-01-16,Product Defect,20.4,2,0
TKT702791,C102325,2022-09-17,General Inquiry,8.3,4,0
TKT702792,C102325,2022-05-20,Account Access,34.7,1,0
TKT702793,C102326,2025-04-29,Technical Support,15.3,2,0
TKT702794,C102327,2026-05-24,Refund Request,1.5,1,1
TKT702795,C102328,2022-12-02,Refund Request,10.4,3,0
TKT702796,C102332,2026-06-17,Technical Support,14.0,2,0
TKT702797,C102333,2025-11-17,Billing Issue,10.6,1,0
TKT702798,C102333,2026-05-31,Refund Request,15.4,1,0
TKT702799,C102334,2026-08-01,Account Access,10.9,1,0
TKT702800,C102334,2025-11-04,General Inquiry,15.5,1,1
TKT702801,C102335,2024-11-18,Technical Support,26.0,2,0
TKT702802,C102335,2025-04-26,Refund Request,18.1,1,0
TKT702803,C102336,2025-12-18,Technical Support,11.7,1,0
TKT702804,C102337,2026-03-22,Billing Issue,2.0,2,0
TKT702805,C102341,2025-11-27,Return Request,7.4,3,0
TKT702806,C102341,2025-03-11,Delivery Delay,15.1,4,0
TKT702807,C102342,2026-07-01,Account Access,7.2,1,0
TKT702808,C102342,2026-07-24,Account Access,17.7,4,0
TKT702809,C102342,2026-07-08,Account Access,21.8,3,0
TKT702810,C102343,2026-07-31,Return Request,21.3,1,1
TKT702811,C102344,2023-01-18,General Inquiry,5.2,5,0
TKT702812,C102344,2024-07-22,Technical Support,10.2,3,0
TKT702813,C102346,2026-08-08,Refund Request,4.7,5,0
TKT702814,C102351,2024-05-06,Technical Support,5.1,1,0
TKT702815,C102353,2024-12-13,Delivery Delay,4.5,2,0
TKT702816,C102353,2026-05-04,Delivery Delay,29.0,1,0
TKT702817,C102353,2025-10-03,General Inquiry,1.2,1,1
TKT702818,C102354,2026-05-03,Technical Support,19.3,2,0
TKT702819,C102354,2025-11-04,General Inquiry,19.2,1,0
TKT702820,C102354,2025-02-09,Refund Request,30.7,2,1
TKT702821,C102354,2026-02-19,Delivery Delay,18.6,1,0
TKT702822,C102357,2026-04-06,Return Request,31.4,1,0
TKT702823,C102357,2024-01-10,Product Defect,8.2,1,0
TKT702824,C102358,2022-08-01,Return Request,36.9,2,0
TKT702825,C102358,2022-06-17,Return Request,46.9,1,1
TKT702826,C102361,2026-01-21,Return Request,8.4,2,0
TKT702827,C102362,2024-08-08,Billing Issue,46.3,1,0
TKT702828,C102363,2025-08-10,Return Request,11.2,4,0
TKT702829,C102364,2024-09-17,General Inquiry,10.0,2,1
TKT702830,C102364,2026-06-04,Refund Request,18.2,3,1
TKT702831,C102368,2026-07-21,Delivery Delay,14.5,5,0
TKT702832,C102369,2024-07-20,Product Defect,12.5,5,0
TKT702833,C102369,2023-09-22,Refund Request,11.7,3,0
TKT702834,C102370,2026-02-15,Delivery Delay,12.9,1,0
TKT702835,C102370,2026-06-27,Delivery Delay,50.6,2,0
TKT702836,C102370,2025-08-16,Refund Request,40.4,1,0
TKT702837,C102370,2026-02-20,Billing Issue,31.9,2,0
TKT702838,C102373,2025-09-06,Delivery Delay,10.1,1,0
TKT702839,C102373,2026-06-05,Refund Request,9.2,2,0
TKT702840,C102374,2025-10-26,Return Request,19.7,3,0
TKT702841,C102374,2025-10-26,Product Defect,32.4,1,0
TKT702842,C102375,2025-09-08,Delivery Delay,8.9,2,0
TKT702843,C102376,2026-06-06,Refund Request,8.0,4,0
TKT702844,C102378,2024-04-02,Delivery Delay,11.7,4,0
TKT702845,C102379,2025-10-04,Product Defect,8.8,4,0
TKT702846,C102381,2025-12-29,Return Request,17.1,2,0
TKT702847,C102381,2025-09-02,Product Defect,7.2,3,0
TKT702848,C102383,2026-08-04,Return Request,15.1,2,0
TKT702849,C102384,2022-01-19,Delivery Delay,13.5,3,1
TKT702850,C102385,2025-03-10,Billing Issue,3.9,3,0
TKT702851,C102385,2024-01-09,Refund Request,6.2,3,0
TKT702852,C102385,2025-06-15,Return Request,33.5,1,0
TKT702853,C102386,2026-01-18,Refund Request,19.5,3,0
TKT702854,C102388,2026-07-17,Delivery Delay,7.6,5,0
TKT702855,C102389,2023-11-02,Return Request,14.8,1,0
TKT702856,C102391,2026-04-24,Return Request,4.8,4,0
TKT702857,C102392,2025-08-20,Refund Request,6.0,5,0
TKT702858,C102395,2025-05-15,Return Request,20.0,2,0
TKT702859,C102395,2025-11-09,Technical Support,19.5,3,0
TKT702860,C102395,2026-04-06,Billing Issue,21.0,4,0
TKT702861,C102395,2025-02-25,Billing Issue,13.4,2,0
TKT702862,C102395,2025-02-04,Account Access,8.1,3,0
TKT702863,C102396,2024-08-12,Technical Support,7.8,3,0
TKT702864,C102401,2023-04-15,Refund Request,6.2,1,0
TKT702865,C102401,2023-10-08,Billing Issue,10.9,2,0
TKT702866,C102401,2023-03-17,Return Request,10.4,3,0
TKT702867,C102401,2023-09-20,General Inquiry,11.1,3,0
TKT702868,C102401,2023-02-11,General Inquiry,17.7,2,0
TKT702869,C102401,2025-02-22,Refund Request,10.7,3,0
TKT702870,C102402,2026-03-28,Refund Request,18.6,3,0
TKT702871,C102403,2025-11-21,Technical Support,6.6,1,0
TKT702872,C102403,2024-11-26,General Inquiry,24.8,1,1
TKT702873,C102403,2025-07-25,Account Access,22.0,1,0
TKT702874,C102403,2026-05-17,Product Defect,16.9,1,0
TKT702875,C102403,2025-02-05,Refund Request,5.8,1,0
TKT702876,C102403,2025-10-08,Account Access,11.0,1,1
TKT702877,C102405,2025-09-27,Technical Support,43.7,1,0
TKT702878,C102407,2024-10-18,General Inquiry,6.0,3,1
TKT702879,C102407,2026-07-11,General Inquiry,16.1,3,0
TKT702880,C102407,2024-08-28,Technical Support,42.6,1,0
TKT702881,C102408,2025-08-09,General Inquiry,7.4,3,0
TKT702882,C102408,2026-04-23,Return Request,11.9,3,0
TKT702883,C102409,2023-10-06,Delivery Delay,8.5,1,0
TKT702884,C102409,2026-06-13,Billing Issue,9.7,3,0
TKT702885,C102409,2024-12-18,Return Request,6.7,1,0
TKT702886,C102409,2024-01-14,Technical Support,1.3,1,0
TKT702887,C102410,2026-03-02,Refund Request,15.3,3,0
TKT702888,C102412,2026-04-11,General Inquiry,7.5,5,0
TKT702889,C102414,2025-09-12,Account Access,10.0,2,0
TKT702890,C102417,2024-07-14,Delivery Delay,8.2,3,0
TKT702891,C102420,2025-06-15,Delivery Delay,12.7,4,0
TKT702892,C102421,2022-07-06,Product Defect,8.7,1,0
TKT702893,C102423,2026-03-07,Product Defect,14.9,1,0
TKT702894,C102423,2026-04-26,Return Request,40.6,1,0
TKT702895,C102424,2023-08-17,Product Defect,32.8,1,1
TKT702896,C102424,2026-07-04,Return Request,15.4,1,0
TKT702897,C102424,2022-07-16,Refund Request,4.2,3,0
TKT702898,C102424,2024-04-08,Billing Issue,1.7,2,1
TKT702899,C102425,2025-07-24,Delivery Delay,5.2,5,0
TKT702900,C102427,2026-05-08,Account Access,5.3,2,0
TKT702901,C102429,2026-08-04,Billing Issue,23.8,2,0
TKT702902,C102429,2025-06-20,Billing Issue,11.1,2,1
TKT702903,C102429,2025-04-27,Refund Request,7.0,2,0
TKT702904,C102429,2025-10-13,Billing Issue,11.7,2,0
TKT702905,C102429,2026-05-10,Technical Support,15.3,2,0
TKT702906,C102431,2024-12-12,Delivery Delay,13.2,1,0
TKT702907,C102433,2026-03-05,Refund Request,21.4,1,0
TKT702908,C102433,2026-07-13,Refund Request,43.9,1,0
TKT702909,C102434,2025-09-15,Account Access,22.2,2,0
TKT702910,C102434,2026-01-14,Technical Support,11.9,1,0
TKT702911,C102434,2025-06-19,Account Access,11.6,1,0
TKT702912,C102434,2026-03-23,Return Request,25.7,1,0
TKT702913,C102435,2026-04-20,General Inquiry,12.5,2,0
TKT702914,C102435,2024-03-02,Delivery Delay,11.7,1,0
TKT702915,C102436,2024-08-20,Account Access,2.8,2,0
TKT702916,C102436,2022-08-03,Account Access,1.3,5,0
TKT702917,C102436,2023-09-15,General Inquiry,0.8,2,0
TKT702918,C102437,2026-02-25,Product Defect,6.7,3,1
TKT702919,C102437,2024-09-28,Technical Support,6.0,3,0
TKT702920,C102437,2025-03-27,Account Access,33.8,2,0
TKT702921,C102438,2025-07-17,General Inquiry,7.2,3,0
TKT702922,C102438,2026-04-02,Billing Issue,9.9,2,0
TKT702923,C102439,2026-05-16,Technical Support,5.1,2,0
TKT702924,C102439,2026-03-04,Delivery Delay,7.8,2,0
TKT702925,C102439,2026-07-07,Return Request,19.9,3,0
TKT702926,C102439,2026-04-16,Product Defect,34.2,3,0
TKT702927,C102440,2026-08-08,Return Request,14.0,1,0
TKT702928,C102440,2026-06-21,Refund Request,10.1,2,1
TKT702929,C102441,2025-12-01,Billing Issue,9.1,3,0
TKT702930,C102446,2026-07-04,General Inquiry,8.8,3,0
TKT702931,C102446,2025-06-19,Return Request,10.9,5,1
TKT702932,C102447,2025-05-03,Technical Support,3.5,2,0
TKT702933,C102447,2025-03-02,Refund Request,10.5,2,0
TKT702934,C102449,2026-07-12,Billing Issue,10.9,3,0
TKT702935,C102450,2025-10-17,Refund Request,24.6,2,0
TKT702936,C102450,2025-12-26,General Inquiry,9.2,4,0
TKT702937,C102450,2026-03-06,Refund Request,9.4,4,0
TKT702938,C102452,2024-06-04,Billing Issue,47.1,2,0
TKT702939,C102453,2024-10-24,Return Request,15.4,2,0
TKT702940,C102453,2025-05-13,Account Access,15.1,2,0
TKT702941,C102453,2025-09-10,Delivery Delay,17.5,3,1
TKT702942,C102455,2025-05-04,Billing Issue,6.3,1,0
TKT702943,C102455,2024-04-30,Product Defect,37.4,3,0
TKT702944,C102456,2026-04-17,Return Request,25.7,1,0
TKT702945,C102456,2026-05-12,Delivery Delay,3.5,2,0
TKT702946,C102456,2026-01-14,Refund Request,23.4,3,0
TKT702947,C102456,2026-01-27,Technical Support,35.6,1,0
TKT702948,C102457,2022-06-26,Account Access,32.5,4,0
TKT702949,C102458,2026-08-10,General Inquiry,15.8,1,1
TKT702950,C102458,2026-07-18,Return Request,6.4,1,0
TKT702951,C102458,2026-08-09,Product Defect,17.0,1,0
TKT702952,C102460,2024-11-06,Delivery Delay,14.9,4,0
TKT702953,C102460,2024-11-01,Account Access,22.6,3,0
TKT702954,C102461,2026-01-11,Technical Support,21.1,2,0
TKT702955,C102462,2026-07-21,Product Defect,29.6,1,0
TKT702956,C102462,2026-01-07,Account Access,31.7,1,1
TKT702957,C102462,2026-04-20,Account Access,16.6,1,1
TKT702958,C102463,2026-07-04,Technical Support,12.4,2,0
TKT702959,C102467,2026-05-28,Refund Request,11.8,2,0
TKT702960,C102469,2024-07-03,Billing Issue,20.6,3,0
TKT702961,C102469,2023-03-12,Refund Request,23.7,4,0
TKT702962,C102469,2025-12-14,Technical Support,13.5,2,0
TKT702963,C102471,2025-06-21,Technical Support,10.6,1,0
TKT702964,C102471,2026-06-21,General Inquiry,40.5,2,0
TKT702965,C102472,2026-05-25,General Inquiry,20.3,2,0
TKT702966,C102472,2025-10-11,General Inquiry,12.4,1,1
TKT702967,C102472,2025-10-31,Return Request,17.0,1,0
TKT702968,C102473,2026-04-27,Refund Request,22.9,2,0
TKT702969,C102473,2025-12-27,Delivery Delay,6.6,4,0
TKT702970,C102473,2025-11-18,Billing Issue,16.7,3,1
TKT702971,C102474,2025-04-22,Refund Request,15.8,1,0
TKT702972,C102475,2024-08-16,Technical Support,28.9,1,1
TKT702973,C102475,2025-07-20,General Inquiry,23.3,1,0
TKT702974,C102475,2024-08-11,Technical Support,17.4,1,0
TKT702975,C102475,2025-09-06,Delivery Delay,29.8,1,0
TKT702976,C102475,2025-10-31,Return Request,11.3,1,0
TKT702977,C102476,2024-09-12,General Inquiry,10.8,4,0
TKT702978,C102476,2023-09-27,Technical Support,5.2,5,0
TKT702979,C102477,2022-09-03,Product Defect,23.2,4,0
TKT702980,C102477,2023-07-21,Return Request,1.2,5,0
TKT702981,C102479,2026-08-10,General Inquiry,7.9,2,1
TKT702982,C102479,2026-07-20,Delivery Delay,9.9,2,1
TKT702983,C102479,2026-07-06,Billing Issue,42.4,2,0
TKT702984,C102479,2026-08-06,Return Request,31.1,1,0
TKT702985,C102480,2025-11-11,Product Defect,20.7,3,1
TKT702986,C102481,2026-01-28,Product Defect,16.0,3,0
TKT702987,C102481,2026-03-22,Refund Request,20.2,1,1
TKT702988,C102481,2026-08-05,Technical Support,19.1,2,0
TKT702989,C102481,2026-04-30,Billing Issue,25.5,3,0
TKT702990,C102481,2026-04-21,Return Request,12.0,2,0
TKT702991,C102482,2025-07-11,Technical Support,3.3,4,0
TKT702992,C102483,2025-07-30,Delivery Delay,3.9,1,1
TKT702993,C102484,2025-09-19,Delivery Delay,23.0,2,0
TKT702994,C102484,2026-06-02,Billing Issue,16.5,1,1
TKT702995,C102484,2025-09-11,Billing Issue,15.2,1,1
TKT702996,C102484,2025-08-16,General Inquiry,16.1,1,0
TKT702997,C102485,2022-03-02,Account Access,4.7,3,0
TKT702998,C102485,2021-05-25,Account Access,4.1,3,0
TKT702999,C102486,2024-03-11,Refund Request,47.2,4,0
TKT703000,C102487,2024-06-28,Product Defect,6.8,1,0
TKT703001,C102488,2024-08-16,Account Access,9.3,3,1
TKT703002,C102491,2024-02-16,Delivery Delay,37.2,2,0
TKT703003,C102495,2026-06-15,Billing Issue,8.5,2,0
TKT703004,C102495,2024-12-15,Refund Request,28.5,1,1
TKT703005,C102497,2024-04-30,Delivery Delay,55.7,1,0
TKT703006,C102499,2024-06-24,Product Defect,7.3,3,0
TKT703007,C102499,2023-06-22,Account Access,4.7,2,0
TKT703008,C102500,2025-06-13,General Inquiry,14.3,4,1
TKT703009,C102500,2025-07-03,General Inquiry,25.0,3,0
TKT703010,C102501,2025-01-26,General Inquiry,10.4,1,0
TKT703011,C102501,2025-09-10,Product Defect,25.9,1,0
TKT703012,C102504,2024-05-03,Billing Issue,9.0,1,0
TKT703013,C102504,2022-03-21,Return Request,50.4,1,0
TKT703014,C102504,2023-10-14,Account Access,25.0,2,0
TKT703015,C102508,2023-09-14,Refund Request,6.2,2,0
TKT703016,C102508,2023-08-16,Product Defect,6.8,1,0
TKT703017,C102510,2022-11-22,Billing Issue,5.7,1,1
TKT703018,C102510,2023-04-06,Refund Request,8.4,1,0
TKT703019,C102510,2026-05-27,Refund Request,20.9,1,0
TKT703020,C102511,2024-11-23,Billing Issue,1.8,1,0
TKT703021,C102512,2023-11-26,Refund Request,21.4,2,0
TKT703022,C102512,2026-07-18,Product Defect,10.0,1,0
TKT703023,C102514,2026-03-01,Delivery Delay,11.4,3,0
TKT703024,C102514,2024-12-15,General Inquiry,15.2,2,0
TKT703025,C102518,2026-06-09,Return Request,6.3,5,0
TKT703026,C102518,2024-12-19,General Inquiry,19.3,3,0
TKT703027,C102520,2026-04-15,Refund Request,2.5,4,0
TKT703028,C102521,2023-12-25,Product Defect,7.3,1,0
TKT703029,C102522,2025-08-21,Product Defect,2.3,2,0
TKT703030,C102522,2025-03-30,Account Access,5.9,1,0
TKT703031,C102522,2025-05-21,Product Defect,23.3,2,0
TKT703032,C102523,2024-07-29,Refund Request,8.0,5,0
TKT703033,C102524,2025-09-13,Account Access,11.0,2,0
TKT703034,C102524,2024-07-05,Refund Request,23.0,1,0
TKT703035,C102524,2023-11-03,Delivery Delay,12.2,1,0
TKT703036,C102524,2026-02-07,Technical Support,29.6,3,0
TKT703037,C102525,2026-04-11,Delivery Delay,4.9,1,0
TKT703038,C102526,2025-10-15,Technical Support,23.4,1,0
TKT703039,C102527,2023-04-25,Refund Request,3.4,1,0
TKT703040,C102527,2024-05-29,Technical Support,3.5,1,0
TKT703041,C102527,2022-09-19,Return Request,20.8,1,0
TKT703042,C102527,2024-02-20,Account Access,18.8,1,0
TKT703043,C102529,2025-01-15,Account Access,6.0,1,0
TKT703044,C102529,2024-07-23,Account Access,5.5,1,0
TKT703045,C102530,2024-12-27,Delivery Delay,2.1,2,0
TKT703046,C102533,2024-06-18,General Inquiry,8.9,4,0
TKT703047,C102533,2024-02-27,Return Request,55.6,1,0
TKT703048,C102533,2025-08-14,General Inquiry,11.8,1,1
TKT703049,C102534,2022-06-22,General Inquiry,8.0,2,0
TKT703050,C102534,2022-03-22,Refund Request,3.8,3,0
TKT703051,C102536,2024-01-06,Return Request,16.4,1,0
TKT703052,C102536,2024-11-13,Technical Support,9.9,2,0
TKT703053,C102536,2024-03-07,Billing Issue,23.8,1,0
TKT703054,C102541,2026-07-06,Delivery Delay,51.7,1,0
TKT703055,C102541,2026-06-23,Product Defect,33.0,1,0
TKT703056,C102543,2026-08-03,Product Defect,31.4,2,0
TKT703057,C102549,2024-02-21,Billing Issue,10.4,4,0
TKT703058,C102550,2023-03-10,Account Access,31.8,3,0
TKT703059,C102550,2026-02-13,General Inquiry,13.9,2,0
TKT703060,C102550,2024-04-23,Billing Issue,14.8,4,0
TKT703061,C102551,2025-04-05,Technical Support,0.6,2,0
TKT703062,C102551,2025-06-18,Technical Support,8.1,2,0
TKT703063,C102551,2025-09-22,Return Request,27.8,3,0
TKT703064,C102551,2025-02-25,Delivery Delay,2.7,2,0
TKT703065,C102552,2025-06-17,Product Defect,19.1,3,0
TKT703066,C102552,2024-12-16,Refund Request,5.3,3,1
TKT703067,C102553,2025-06-11,Technical Support,5.4,1,0
TKT703068,C102553,2024-07-04,Billing Issue,28.9,1,1
TKT703069,C102553,2022-10-19,Account Access,35.2,2,0
TKT703070,C102554,2025-12-21,Refund Request,10.4,2,1
TKT703071,C102554,2026-03-31,Refund Request,26.6,4,0
TKT703072,C102555,2025-05-03,Technical Support,1.1,2,0
TKT703073,C102555,2025-06-25,Product Defect,35.0,1,0
TKT703074,C102555,2026-07-11,Account Access,15.8,2,0
TKT703075,C102556,2026-03-29,Technical Support,9.7,1,0
TKT703076,C102558,2024-10-23,Delivery Delay,19.8,3,0
TKT703077,C102559,2026-08-10,Technical Support,13.8,3,0
TKT703078,C102559,2026-08-10,Return Request,7.7,2,0
TKT703079,C102559,2026-07-19,Billing Issue,7.8,1,0
TKT703080,C102559,2026-08-02,Delivery Delay,6.8,3,1
TKT703081,C102560,2026-08-12,Billing Issue,6.1,5,0
TKT703082,C102561,2025-10-21,Billing Issue,10.3,3,1
TKT703083,C102562,2023-12-28,Return Request,10.3,1,0
TKT703084,C102562,2026-06-17,Return Request,22.6,2,0
TKT703085,C102563,2023-03-07,Product Defect,50.2,1,0
TKT703086,C102565,2026-01-24,Refund Request,3.3,2,0
TKT703087,C102565,2026-07-16,Account Access,0.6,3,0
TKT703088,C102565,2025-10-23,Billing Issue,22.3,2,0
TKT703089,C102567,2025-08-02,Product Defect,7.8,1,0
TKT703090,C102567,2025-12-05,Delivery Delay,30.6,1,0
TKT703091,C102568,2024-05-09,General Inquiry,6.0,5,0
TKT703092,C102569,2025-04-03,Refund Request,9.9,3,0
TKT703093,C102571,2024-07-28,Billing Issue,9.8,3,0
TKT703094,C102573,2022-09-24,Account Access,23.8,1,1
TKT703095,C102574,2024-03-08,General Inquiry,2.8,2,0
TKT703096,C102576,2024-04-21,General Inquiry,4.7,1,1
TKT703097,C102576,2024-03-07,General Inquiry,20.0,2,0
TKT703098,C102577,2026-01-25,Account Access,10.4,2,0
TKT703099,C102578,2026-03-07,Technical Support,20.5,1,0
TKT703100,C102579,2025-12-06,Product Defect,4.9,4,0
TKT703101,C102580,2026-08-02,Product Defect,10.1,1,0
TKT703102,C102580,2026-06-29,Billing Issue,18.1,1,0
TKT703103,C102581,2023-05-06,Product Defect,27.9,2,0
TKT703104,C102584,2026-05-19,Return Request,28.6,1,0
TKT703105,C102584,2025-07-31,Technical Support,4.5,3,0
TKT703106,C102585,2026-05-15,General Inquiry,6.0,2,0
TKT703107,C102585,2026-07-28,Account Access,19.6,1,1
TKT703108,C102587,2026-01-25,Refund Request,19.7,4,0
TKT703109,C102587,2025-06-12,Technical Support,12.3,4,0
TKT703110,C102587,2024-12-24,Account Access,5.8,2,0
TKT703111,C102587,2026-08-09,Product Defect,3.3,2,0
TKT703112,C102590,2025-12-06,Billing Issue,4.5,4,0
TKT703113,C102592,2023-08-11,General Inquiry,9.9,1,0
TKT703114,C102594,2024-09-15,Account Access,15.5,2,0
TKT703115,C102594,2026-05-17,Billing Issue,6.9,3,0
TKT703116,C102595,2025-06-16,Technical Support,3.1,5,0
TKT703117,C102595,2026-06-16,Account Access,6.0,4,1
TKT703118,C102597,2024-10-07,General Inquiry,5.2,4,0
TKT703119,C102597,2023-11-22,Billing Issue,10.3,4,0
TKT703120,C102598,2023-03-16,Account Access,15.3,3,0
TKT703121,C102599,2026-06-16,Account Access,11.3,1,0
TKT703122,C102600,2025-12-25,General Inquiry,16.4,4,0
TKT703123,C102603,2022-07-28,Billing Issue,6.9,3,0
TKT703124,C102603,2022-03-01,General Inquiry,11.2,4,0
TKT703125,C102604,2026-04-23,Account Access,31.0,4,0
TKT703126,C102604,2026-07-28,Billing Issue,13.7,4,0
TKT703127,C102606,2026-05-29,Account Access,14.5,3,0
TKT703128,C102607,2022-01-07,Technical Support,13.6,3,0
TKT703129,C102608,2025-07-05,Refund Request,33.0,1,1
TKT703130,C102608,2024-12-10,Billing Issue,6.7,4,0
TKT703131,C102608,2026-03-16,Billing Issue,3.8,1,0
TKT703132,C102608,2024-08-31,Product Defect,9.0,1,0
TKT703133,C102610,2021-11-26,Product Defect,6.2,5,0
TKT703134,C102610,2023-09-03,Billing Issue,17.0,3,0
TKT703135,C102611,2026-08-08,Delivery Delay,34.5,1,0
TKT703136,C102611,2026-07-10,Delivery Delay,5.9,2,0
TKT703137,C102611,2026-06-30,General Inquiry,19.2,2,0
TKT703138,C102612,2025-06-10,Product Defect,32.1,4,0
TKT703139,C102612,2026-03-03,Return Request,2.7,5,1
TKT703140,C102614,2026-05-18,Billing Issue,32.1,4,0
TKT703141,C102615,2022-11-30,Technical Support,9.9,1,0
TKT703142,C102615,2025-11-04,Product Defect,16.9,1,0
TKT703143,C102615,2021-11-30,Product Defect,12.0,3,1
TKT703144,C102616,2025-06-09,Refund Request,12.6,1,0
TKT703145,C102616,2023-03-31,Refund Request,13.4,2,0
TKT703146,C102618,2026-07-07,Refund Request,15.6,4,0
TKT703147,C102619,2026-08-03,Account Access,29.1,2,0
TKT703148,C102621,2024-07-15,Delivery Delay,15.4,2,1
TKT703149,C102622,2026-02-01,Account Access,4.5,4,0
TKT703150,C102623,2025-07-13,Refund Request,3.4,3,0
TKT703151,C102624,2024-12-28,General Inquiry,12.0,1,0
TKT703152,C102624,2026-05-24,Return Request,21.6,1,0
TKT703153,C102625,2024-08-30,General Inquiry,3.4,3,0
TKT703154,C102626,2024-03-15,Account Access,20.7,3,0
TKT703155,C102626,2024-06-17,Refund Request,3.8,2,0
TKT703156,C102627,2023-05-12,Account Access,12.2,1,0
TKT703157,C102631,2026-07-20,General Inquiry,13.6,1,1
TKT703158,C102631,2026-03-08,Refund Request,28.4,1,0
TKT703159,C102631,2026-02-05,Refund Request,14.4,2,0
TKT703160,C102631,2026-03-16,Refund Request,3.7,2,0
TKT703161,C102633,2024-07-02,Account Access,6.8,4,0
TKT703162,C102633,2026-07-11,Return Request,11.1,4,0
TKT703163,C102634,2024-01-02,Account Access,7.2,4,0
TKT703164,C102636,2025-10-05,Delivery Delay,9.0,2,0
TKT703165,C102636,2025-08-02,Product Defect,13.9,1,0
TKT703166,C102639,2026-04-14,Product Defect,21.8,1,0
TKT703167,C102640,2026-07-13,Delivery Delay,91.4,1,1
TKT703168,C102640,2026-07-06,Delivery Delay,17.3,2,0
TKT703169,C102642,2025-08-08,Account Access,8.0,3,0
TKT703170,C102642,2023-08-20,Billing Issue,5.4,1,0
TKT703171,C102644,2026-07-15,Account Access,7.6,3,0
TKT703172,C102646,2024-03-05,Billing Issue,2.3,1,0
TKT703173,C102646,2026-06-07,Delivery Delay,15.1,2,0
TKT703174,C102647,2026-05-14,Account Access,21.1,1,0
TKT703175,C102648,2026-07-19,Product Defect,4.8,2,0
TKT703176,C102649,2025-06-29,Technical Support,14.6,4,0
TKT703177,C102650,2024-12-26,Product Defect,12.0,2,0
TKT703178,C102650,2024-11-19,General Inquiry,2.5,4,1
TKT703179,C102651,2025-02-25,General Inquiry,6.7,1,0
TKT703180,C102651,2026-03-02,General Inquiry,20.0,2,0
TKT703181,C102653,2023-10-12,Refund Request,3.8,1,1
TKT703182,C102654,2026-07-24,Account Access,14.3,1,1
TKT703183,C102654,2026-07-24,Account Access,8.7,2,0
TKT703184,C102654,2026-07-30,Product Defect,2.9,1,1
TKT703185,C102655,2022-11-15,Billing Issue,19.3,4,0
TKT703186,C102656,2026-01-28,Billing Issue,16.0,2,1
TKT703187,C102657,2026-06-05,Delivery Delay,9.4,1,0
TKT703188,C102657,2024-06-01,Technical Support,25.0,3,0
TKT703189,C102657,2022-05-23,Billing Issue,5.0,2,0
TKT703190,C102658,2023-04-05,Product Defect,56.3,2,0
TKT703191,C102658,2024-11-18,Refund Request,31.2,1,0
TKT703192,C102659,2026-01-02,Refund Request,14.6,4,0
TKT703193,C102660,2023-04-02,Account Access,9.1,4,1
TKT703194,C102661,2024-10-19,Account Access,16.2,2,0
TKT703195,C102661,2026-07-05,Delivery Delay,2.3,3,0
TKT703196,C102665,2024-12-13,Delivery Delay,19.0,1,0
TKT703197,C102668,2024-10-08,Product Defect,9.1,1,0
TKT703198,C102668,2024-12-25,Product Defect,26.3,2,0
TKT703199,C102669,2025-06-03,General Inquiry,18.3,3,0
TKT703200,C102670,2025-10-06,Return Request,20.3,2,0
TKT703201,C102670,2026-02-13,Delivery Delay,3.7,3,0
TKT703202,C102673,2025-09-18,Technical Support,9.2,2,0
TKT703203,C102673,2026-08-09,Refund Request,17.6,2,0
TKT703204,C102674,2022-11-03,Product Defect,14.1,3,1
TKT703205,C102674,2022-06-17,Return Request,11.3,1,0
TKT703206,C102675,2025-09-02,Technical Support,14.3,2,1
TKT703207,C102675,2025-08-20,Product Defect,15.0,3,0
TKT703208,C102675,2026-01-01,Product Defect,35.6,2,0
TKT703209,C102678,2023-07-14,Billing Issue,2.0,2,1
TKT703210,C102680,2023-12-25,Product Defect,14.2,1,1
TKT703211,C102680,2024-05-20,Delivery Delay,17.1,3,0
TKT703212,C102681,2026-03-04,Product Defect,10.8,1,1
TKT703213,C102683,2026-07-19,Technical Support,4.1,2,0
TKT703214,C102685,2025-11-15,Delivery Delay,15.1,1,0
TKT703215,C102686,2025-10-22,Return Request,15.9,5,0
TKT703216,C102688,2026-05-04,General Inquiry,42.1,1,0
TKT703217,C102690,2026-04-14,Billing Issue,8.5,1,0
TKT703218,C102690,2025-09-08,Account Access,9.3,1,0
TKT703219,C102690,2025-07-03,Refund Request,11.4,1,0
TKT703220,C102690,2025-09-21,Account Access,7.1,2,1
TKT703221,C102690,2025-10-10,Return Request,34.3,1,1
TKT703222,C102690,2026-05-05,Account Access,25.1,1,0
TKT703223,C102691,2026-07-08,Technical Support,36.8,1,1
TKT703224,C102691,2026-05-17,Technical Support,29.6,1,1
TKT703225,C102691,2026-05-20,Technical Support,12.0,1,0
TKT703226,C102691,2026-07-04,Delivery Delay,32.7,1,0
TKT703227,C102692,2026-02-27,Billing Issue,5.0,1,0
TKT703228,C102693,2025-07-16,Delivery Delay,9.9,4,0
TKT703229,C102694,2022-06-25,Technical Support,6.6,4,0
TKT703230,C102694,2022-07-07,Delivery Delay,7.2,5,0
TKT703231,C102695,2026-03-11,Product Defect,21.3,3,0
TKT703232,C102696,2026-03-21,Delivery Delay,47.2,3,0
TKT703233,C102697,2025-06-29,Delivery Delay,14.1,3,0
TKT703234,C102697,2026-03-14,Billing Issue,26.9,4,0
TKT703235,C102698,2024-09-11,Billing Issue,10.3,1,0
TKT703236,C102699,2026-07-25,General Inquiry,23.9,2,0
TKT703237,C102700,2024-05-14,Delivery Delay,13.8,1,1
TKT703238,C102700,2024-02-02,Return Request,19.7,2,0
TKT703239,C102700,2025-08-15,Account Access,7.0,2,0
TKT703240,C102700,2024-12-25,Refund Request,7.5,2,0
TKT703241,C102701,2026-03-30,Delivery Delay,14.8,3,0
TKT703242,C102702,2025-09-24,Return Request,14.1,1,0
TKT703243,C102702,2025-01-26,Product Defect,21.2,1,0
TKT703244,C102702,2022-07-21,Account Access,57.8,3,0
TKT703245,C102703,2024-05-25,Delivery Delay,37.7,3,1
TKT703246,C102704,2025-10-23,Billing Issue,4.5,1,0
TKT703247,C102705,2026-02-01,Billing Issue,3.9,1,0
TKT703248,C102705,2025-12-06,Billing Issue,19.7,2,0
TKT703249,C102705,2025-02-14,Return Request,13.1,4,0
TKT703250,C102706,2025-09-23,Delivery Delay,18.3,5,0
TKT703251,C102709,2026-06-17,Product Defect,23.4,3,0
TKT703252,C102710,2026-04-01,Return Request,11.9,5,0
TKT703253,C102712,2023-02-15,Return Request,6.1,5,1
TKT703254,C102716,2026-01-01,Return Request,2.3,3,0
TKT703255,C102717,2025-08-18,Billing Issue,18.5,1,0
TKT703256,C102717,2026-02-24,Billing Issue,39.8,1,0
TKT703257,C102717,2025-08-31,Technical Support,6.7,1,1
TKT703258,C102718,2025-05-26,Technical Support,4.5,2,0
TKT703259,C102719,2026-05-17,Billing Issue,3.7,1,0
TKT703260,C102719,2026-05-17,Billing Issue,11.6,1,0
TKT703261,C102720,2026-05-31,Return Request,15.5,3,0
TKT703262,C102720,2024-10-01,Refund Request,12.9,1,0
TKT703263,C102720,2023-10-29,Refund Request,3.2,3,0
TKT703264,C102720,2026-06-24,Account Access,39.3,1,0
TKT703265,C102722,2026-04-30,General Inquiry,29.1,2,1
TKT703266,C102722,2025-03-10,Billing Issue,32.6,5,0
TKT703267,C102723,2025-10-27,Billing Issue,6.1,3,0
TKT703268,C102726,2025-05-27,General Inquiry,9.7,3,0
TKT703269,C102727,2026-03-02,Delivery Delay,19.2,1,0
TKT703270,C102729,2025-04-18,Account Access,37.2,5,0
TKT703271,C102730,2024-05-22,Account Access,65.8,1,1
TKT703272,C102730,2022-08-30,Account Access,14.4,1,0
TKT703273,C102732,2025-10-29,Technical Support,5.1,1,0
TKT703274,C102733,2026-04-29,Return Request,34.5,1,0
TKT703275,C102733,2025-10-25,Technical Support,14.4,3,1
TKT703276,C102733,2025-08-04,Billing Issue,10.3,4,0
TKT703277,C102735,2025-01-17,Refund Request,20.4,3,0
TKT703278,C102736,2026-07-03,General Inquiry,44.3,1,0
TKT703279,C102736,2026-02-10,General Inquiry,21.8,2,1
TKT703280,C102737,2024-08-21,General Inquiry,21.4,1,0
TKT703281,C102737,2024-03-11,Return Request,10.1,3,0
TKT703282,C102739,2024-12-26,Billing Issue,10.7,2,0
TKT703283,C102742,2026-06-19,Return Request,25.7,4,0
TKT703284,C102742,2026-03-04,Delivery Delay,11.4,3,0
TKT703285,C102743,2023-11-19,Refund Request,9.4,4,0
TKT703286,C102744,2023-08-04,General Inquiry,6.9,2,1
TKT703287,C102744,2024-06-19,Refund Request,27.3,1,0
TKT703288,C102745,2024-11-13,Product Defect,16.1,1,1
TKT703289,C102747,2022-01-23,Technical Support,5.6,3,1
TKT703290,C102747,2024-07-15,General Inquiry,4.7,5,0
TKT703291,C102749,2026-07-06,Technical Support,40.3,2,1
TKT703292,C102750,2023-02-08,Billing Issue,28.4,2,0
TKT703293,C102750,2025-04-08,Return Request,20.6,2,0
TKT703294,C102751,2023-11-03,General Inquiry,11.6,2,0
TKT703295,C102752,2025-09-02,General Inquiry,5.6,1,0
TKT703296,C102752,2026-07-13,Account Access,12.1,1,0
TKT703297,C102752,2025-05-04,Delivery Delay,15.7,2,0
TKT703298,C102753,2025-09-17,Billing Issue,11.2,5,0
TKT703299,C102755,2026-06-29,Account Access,5.2,4,1
TKT703300,C102756,2022-01-13,Technical Support,17.9,1,0
TKT703301,C102756,2021-04-25,Billing Issue,25.1,1,0
TKT703302,C102756,2021-10-11,Delivery Delay,1.6,2,0
TKT703303,C102758,2024-10-17,Refund Request,14.6,2,0
TKT703304,C102759,2026-08-06,General Inquiry,3.8,2,0
TKT703305,C102759,2026-07-25,Delivery Delay,22.6,1,0
TKT703306,C102760,2025-11-05,Product Defect,26.9,2,1
TKT703307,C102761,2026-02-05,Delivery Delay,19.4,3,0
TKT703308,C102765,2024-08-11,Account Access,17.9,2,0
TKT703309,C102768,2024-02-24,Refund Request,7.9,1,0
TKT703310,C102768,2025-06-07,Product Defect,20.0,1,0
TKT703311,C102768,2024-11-23,General Inquiry,16.3,2,0
TKT703312,C102772,2026-03-04,Product Defect,10.1,2,0
TKT703313,C102772,2026-04-25,Billing Issue,29.5,4,0
TKT703314,C102772,2026-01-27,Product Defect,12.2,3,0
TKT703315,C102774,2022-05-25,Billing Issue,26.9,2,0
TKT703316,C102774,2026-07-16,Return Request,16.9,1,0
TKT703317,C102774,2021-06-04,Billing Issue,18.4,2,0
TKT703318,C102774,2021-10-05,General Inquiry,40.5,2,0
TKT703319,C102774,2022-06-30,Billing Issue,4.4,1,0
TKT703320,C102775,2026-07-17,Account Access,5.1,2,1
TKT703321,C102776,2024-08-15,Account Access,16.7,1,0
TKT703322,C102778,2026-06-11,Product Defect,35.6,4,0
TKT703323,C102778,2026-08-07,Account Access,17.0,2,0
TKT703324,C102779,2026-07-30,Account Access,8.1,4,0
TKT703325,C102780,2026-04-25,Product Defect,7.0,3,0
TKT703326,C102783,2025-11-18,Return Request,10.6,3,0
TKT703327,C102785,2025-11-19,Product Defect,8.0,3,0
TKT703328,C102787,2026-01-09,Technical Support,7.1,1,0
TKT703329,C102788,2024-04-07,Return Request,7.1,1,0
TKT703330,C102788,2022-04-11,Refund Request,6.6,1,0
TKT703331,C102788,2025-11-22,General Inquiry,15.7,1,0
TKT703332,C102789,2026-08-02,Billing Issue,12.9,4,1
TKT703333,C102793,2025-06-24,Delivery Delay,7.1,1,0
TKT703334,C102793,2026-02-26,Return Request,4.5,3,0
TKT703335,C102796,2025-03-07,Technical Support,13.8,1,1
TKT703336,C102796,2025-09-07,Refund Request,71.9,1,0
TKT703337,C102799,2026-04-18,Technical Support,16.4,5,0
TKT703338,C102799,2024-08-24,General Inquiry,41.8,5,0
TKT703339,C102800,2026-03-02,Account Access,7.9,3,0
TKT703340,C102800,2025-03-30,General Inquiry,5.3,3,0
TKT703341,C102801,2025-10-31,Return Request,3.7,1,0
TKT703342,C102801,2025-12-04,Return Request,26.4,1,0
TKT703343,C102801,2025-10-19,Product Defect,18.4,1,0
TKT703344,C102801,2026-02-02,Billing Issue,15.1,1,1
TKT703345,C102801,2026-03-24,Billing Issue,28.0,1,0
TKT703346,C102801,2025-12-27,Technical Support,35.1,1,0
TKT703347,C102803,2024-03-25,Billing Issue,7.5,2,0
TKT703348,C102803,2025-02-15,Account Access,7.4,3,1
TKT703349,C102804,2022-09-25,Refund Request,8.3,2,0
TKT703350,C102806,2026-01-16,Product Defect,24.2,2,0
TKT703351,C102806,2024-10-24,Product Defect,11.7,3,1
TKT703352,C102806,2024-10-24,General Inquiry,13.6,2,1
TKT703353,C102806,2023-03-17,Technical Support,15.6,3,0
TKT703354,C102806,2023-02-20,Billing Issue,8.5,1,1
TKT703355,C102807,2023-11-26,Technical Support,14.8,3,0
TKT703356,C102807,2024-08-31,Delivery Delay,17.5,2,0
TKT703357,C102807,2024-11-15,Return Request,3.8,4,0
TKT703358,C102810,2024-06-03,Account Access,24.4,3,1
TKT703359,C102810,2025-07-26,Billing Issue,11.0,4,0
TKT703360,C102817,2023-03-28,Return Request,3.7,2,0
TKT703361,C102819,2025-05-16,Refund Request,19.4,4,0
TKT703362,C102820,2024-01-28,Refund Request,16.7,4,0
TKT703363,C102820,2023-07-07,Billing Issue,6.7,3,0
TKT703364,C102821,2026-06-13,Return Request,37.3,1,0
TKT703365,C102821,2026-08-01,Refund Request,15.3,1,1
TKT703366,C102822,2026-01-30,General Inquiry,1.3,4,0
TKT703367,C102823,2026-06-27,Billing Issue,23.1,4,0
TKT703368,C102824,2024-08-26,General Inquiry,45.1,3,1
TKT703369,C102825,2026-03-04,Technical Support,12.9,4,0
TKT703370,C102826,2023-08-26,Refund Request,1.9,2,0
TKT703371,C102826,2022-10-08,Return Request,14.6,2,1
TKT703372,C102826,2022-07-31,Billing Issue,9.8,1,0
TKT703373,C102827,2026-05-08,Billing Issue,2.9,3,0
TKT703374,C102828,2026-07-18,Billing Issue,9.1,3,0
TKT703375,C102830,2025-09-06,Account Access,37.5,2,0
TKT703376,C102830,2025-03-09,Technical Support,5.7,3,1
TKT703377,C102832,2025-08-14,Return Request,12.4,2,0
TKT703378,C102832,2026-07-17,Technical Support,14.1,1,0
TKT703379,C102833,2024-07-19,Account Access,4.6,5,0
TKT703380,C102833,2025-02-20,General Inquiry,5.9,4,0
TKT703381,C102833,2024-01-15,Refund Request,7.1,3,0
TKT703382,C102839,2024-07-20,Billing Issue,0.2,4,0
TKT703383,C102839,2022-03-12,Product Defect,13.6,3,0
TKT703384,C102840,2026-03-13,Account Access,2.2,1,1
TKT703385,C102840,2026-03-25,Delivery Delay,30.4,1,0
TKT703386,C102840,2026-03-09,Return Request,42.6,1,0
TKT703387,C102841,2025-02-15,Product Defect,18.2,1,0
TKT703388,C102842,2025-08-30,Delivery Delay,9.3,2,0
TKT703389,C102842,2026-06-26,Return Request,19.0,1,0
TKT703390,C102844,2025-12-20,Refund Request,5.9,3,0
TKT703391,C102845,2023-04-16,General Inquiry,24.2,2,0
TKT703392,C102846,2022-05-22,Return Request,8.0,3,1
TKT703393,C102846,2024-01-28,General Inquiry,6.8,4,0
TKT703394,C102847,2026-07-20,Refund Request,20.9,3,0
TKT703395,C102849,2024-01-16,Return Request,9.8,1,1
TKT703396,C102849,2025-11-12,Technical Support,5.6,1,0
TKT703397,C102850,2024-09-02,Technical Support,11.4,3,0
TKT703398,C102853,2022-09-19,Billing Issue,15.7,1,0
TKT703399,C102853,2023-02-22,Product Defect,6.7,2,0
TKT703400,C102853,2024-01-09,Delivery Delay,8.2,1,1
TKT703401,C102854,2026-07-11,Return Request,10.8,3,0
TKT703402,C102854,2025-05-17,Product Defect,9.5,3,0
TKT703403,C102854,2024-09-28,Billing Issue,4.0,3,0
TKT703404,C102856,2025-05-18,Product Defect,8.5,3,0
TKT703405,C102857,2025-04-19,Billing Issue,8.2,4,0
TKT703406,C102858,2025-05-28,General Inquiry,5.3,1,0
TKT703407,C102858,2025-01-13,General Inquiry,13.0,4,1
TKT703408,C102859,2024-07-23,Delivery Delay,0.9,5,0
TKT703409,C102860,2026-01-21,General Inquiry,24.6,2,0
TKT703410,C102861,2023-05-29,Return Request,57.9,1,0
TKT703411,C102862,2026-05-28,Account Access,4.6,4,0
TKT703412,C102863,2024-04-12,Account Access,14.6,3,0
TKT703413,C102863,2024-06-19,Billing Issue,31.4,1,0
TKT703414,C102865,2026-02-09,Delivery Delay,8.6,3,0
TKT703415,C102866,2024-06-03,Billing Issue,23.9,1,0
TKT703416,C102866,2025-10-23,Technical Support,8.2,1,1
TKT703417,C102866,2025-08-06,Billing Issue,28.5,1,0
TKT703418,C102866,2026-07-14,Account Access,19.0,2,0
TKT703419,C102866,2025-09-24,Delivery Delay,15.3,1,0
TKT703420,C102869,2025-11-18,Refund Request,29.7,3,0
TKT703421,C102869,2026-05-05,Delivery Delay,9.3,2,0
TKT703422,C102871,2023-06-22,Account Access,5.1,2,0
TKT703423,C102871,2024-12-08,Technical Support,8.9,1,0
TKT703424,C102872,2026-03-05,Product Defect,23.2,1,0
TKT703425,C102874,2025-01-10,Refund Request,10.2,1,0
TKT703426,C102874,2025-10-30,Return Request,3.9,2,0
TKT703427,C102874,2022-07-28,Technical Support,15.7,1,0
TKT703428,C102874,2025-11-12,Delivery Delay,14.3,1,0
TKT703429,C102875,2022-12-16,Refund Request,8.5,4,0
TKT703430,C102875,2023-01-19,Billing Issue,8.1,4,0
TKT703431,C102877,2024-03-26,General Inquiry,22.1,1,0
TKT703432,C102877,2024-03-02,Account Access,5.8,2,1
TKT703433,C102877,2025-12-27,General Inquiry,32.5,1,1
TKT703434,C102878,2025-08-28,Product Defect,32.8,1,0
TKT703435,C102878,2024-05-08,Technical Support,6.4,1,0
TKT703436,C102879,2026-06-19,Technical Support,21.9,2,0
TKT703437,C102879,2026-06-02,Delivery Delay,7.5,1,0
TKT703438,C102880,2022-08-23,General Inquiry,9.4,3,0
TKT703439,C102881,2021-03-06,Technical Support,41.3,1,0
TKT703440,C102881,2025-11-17,Delivery Delay,1.5,1,0
TKT703441,C102881,2024-01-08,Delivery Delay,8.4,2,0
TKT703442,C102881,2021-07-22,General Inquiry,10.8,1,0
TKT703443,C102881,2023-09-22,Return Request,11.5,3,0
TKT703444,C102882,2024-10-28,Refund Request,12.3,3,0
TKT703445,C102883,2024-12-25,Billing Issue,12.4,1,0
TKT703446,C102883,2025-05-02,Product Defect,37.3,1,0
TKT703447,C102883,2025-07-27,Technical Support,2.5,3,0
TKT703448,C102883,2024-10-07,Refund Request,10.9,3,0
TKT703449,C102885,2026-07-24,Technical Support,10.7,2,0
TKT703450,C102885,2025-11-23,Billing Issue,4.8,1,0
TKT703451,C102886,2026-03-29,Product Defect,30.3,1,0
TKT703452,C102887,2026-04-18,Delivery Delay,11.9,4,0
TKT703453,C102887,2025-11-01,General Inquiry,3.5,5,0
TKT703454,C102888,2025-11-24,Product Defect,24.4,3,0
TKT703455,C102888,2026-06-11,Refund Request,16.7,3,1
TKT703456,C102889,2026-04-15,Technical Support,8.9,3,0
TKT703457,C102889,2026-05-26,Return Request,5.4,4,1
TKT703458,C102889,2026-06-18,Refund Request,18.4,2,0
TKT703459,C102891,2026-02-10,General Inquiry,33.4,2,0
TKT703460,C102893,2026-02-02,Product Defect,16.1,1,0
TKT703461,C102893,2026-06-07,Return Request,2.2,1,0
TKT703462,C102893,2026-02-27,Product Defect,16.4,1,1
TKT703463,C102893,2025-10-04,Refund Request,25.6,1,1
TKT703464,C102893,2025-04-26,Technical Support,29.7,1,0
TKT703465,C102894,2023-03-05,Return Request,15.3,1,0
TKT703466,C102894,2024-09-15,Product Defect,15.2,2,0
TKT703467,C102894,2022-11-15,Product Defect,15.8,2,0
TKT703468,C102895,2026-03-05,Billing Issue,13.4,2,0
TKT703469,C102895,2026-04-26,Account Access,15.1,2,0
TKT703470,C102896,2026-03-12,Return Request,22.0,1,0
TKT703471,C102896,2026-06-10,Refund Request,5.8,1,0
TKT703472,C102896,2026-04-22,General Inquiry,0.1,1,1
TKT703473,C102897,2025-05-23,Billing Issue,8.9,2,0
TKT703474,C102897,2025-04-28,Refund Request,11.3,3,1
TKT703475,C102898,2026-02-13,Return Request,4.2,3,0
TKT703476,C102898,2025-07-19,Return Request,7.3,2,0
TKT703477,C102899,2025-01-17,General Inquiry,7.0,3,0
TKT703478,C102902,2023-10-06,General Inquiry,4.8,5,0
TKT703479,C102903,2022-06-28,Refund Request,14.5,3,0
TKT703480,C102903,2026-06-13,Billing Issue,24.9,1,0
TKT703481,C102903,2025-06-01,Return Request,21.2,3,0
TKT703482,C102904,2024-09-22,Refund Request,5.6,1,0
TKT703483,C102904,2026-01-23,Delivery Delay,6.8,1,1
TKT703484,C102904,2026-06-20,Refund Request,40.1,1,0
TKT703485,C102905,2024-06-14,Technical Support,17.0,1,0
TKT703486,C102907,2025-01-17,Billing Issue,21.1,2,0
TKT703487,C102908,2023-11-22,Product Defect,4.6,4,0
TKT703488,C102909,2022-10-04,General Inquiry,14.6,3,0
TKT703489,C102910,2025-11-16,Delivery Delay,1.5,4,1
TKT703490,C102911,2025-06-16,Return Request,28.4,1,0
TKT703491,C102911,2025-01-15,Delivery Delay,9.8,1,0
TKT703492,C102911,2024-09-10,Technical Support,4.8,3,0
TKT703493,C102911,2024-09-17,Account Access,10.9,2,1
TKT703494,C102912,2026-06-26,General Inquiry,15.9,4,0
TKT703495,C102913,2025-05-11,Delivery Delay,51.8,2,0
TKT703496,C102913,2025-01-09,Account Access,46.5,1,0
TKT703497,C102914,2022-05-24,General Inquiry,11.0,1,0
TKT703498,C102914,2022-07-10,Refund Request,15.8,2,0
TKT703499,C102914,2025-09-19,Delivery Delay,12.9,2,1
TKT703500,C102917,2024-07-10,Technical Support,8.4,4,0
TKT703501,C102917,2023-07-22,Return Request,6.1,3,0
TKT703502,C102917,2025-07-22,Account Access,11.6,3,1
TKT703503,C102917,2023-10-26,Product Defect,31.4,3,0
TKT703504,C102917,2024-09-05,General Inquiry,20.5,5,1
TKT703505,C102918,2026-06-09,Return Request,18.9,2,0
TKT703506,C102918,2026-02-16,Account Access,22.5,3,0
TKT703507,C102919,2024-09-11,Technical Support,14.7,2,0
TKT703508,C102919,2021-10-30,Billing Issue,9.5,3,0
TKT703509,C102919,2026-03-11,Technical Support,17.9,2,0
TKT703510,C102921,2026-03-03,Return Request,17.8,1,0
TKT703511,C102921,2026-06-21,Delivery Delay,14.9,1,0
TKT703512,C102921,2026-04-24,Delivery Delay,27.7,1,0
TKT703513,C102922,2024-07-13,Refund Request,7.5,4,0
TKT703514,C102924,2026-05-21,Billing Issue,9.5,2,0
TKT703515,C102925,2026-07-14,Delivery Delay,4.5,2,0
TKT703516,C102927,2024-05-05,Account Access,8.0,3,0
TKT703517,C102929,2026-07-03,Billing Issue,11.9,2,0
TKT703518,C102929,2026-05-09,Technical Support,39.4,2,0
TKT703519,C102931,2024-12-01,Refund Request,6.1,4,1
TKT703520,C102935,2026-06-09,Refund Request,8.4,2,0
TKT703521,C102935,2023-07-25,General Inquiry,1.7,2,0
TKT703522,C102936,2025-10-13,General Inquiry,9.0,4,0
TKT703523,C102936,2025-11-11,Product Defect,2.4,3,0
TKT703524,C102937,2025-12-03,Product Defect,8.9,1,0
TKT703525,C102937,2026-02-04,Product Defect,26.7,1,0
TKT703526,C102939,2026-03-11,General Inquiry,5.5,2,0
TKT703527,C102942,2021-10-22,Technical Support,6.2,3,0
TKT703528,C102942,2023-05-20,Refund Request,6.0,2,0
TKT703529,C102942,2024-03-14,Billing Issue,10.3,1,0
TKT703530,C102942,2023-08-13,Technical Support,7.6,2,0
TKT703531,C102944,2025-12-06,Account Access,6.4,3,0
TKT703532,C102944,2026-01-17,Product Defect,6.3,1,0
TKT703533,C102945,2026-06-30,Product Defect,18.4,2,0
TKT703534,C102945,2026-03-27,Product Defect,17.1,1,0
TKT703535,C102945,2025-11-20,Delivery Delay,8.5,3,0
TKT703536,C102946,2026-01-17,Return Request,3.5,2,0
TKT703537,C102946,2026-08-07,Return Request,7.1,2,0
TKT703538,C102947,2026-03-14,General Inquiry,1.0,3,0
TKT703539,C102948,2026-03-28,Delivery Delay,1.2,1,0
TKT703540,C102950,2024-08-30,Refund Request,3.6,1,0
TKT703541,C102952,2025-08-04,Refund Request,49.8,1,1
TKT703542,C102952,2024-09-17,Account Access,4.3,1,0
TKT703543,C102953,2024-04-01,Return Request,11.6,2,0
TKT703544,C102954,2026-06-06,Account Access,4.5,1,0
TKT703545,C102954,2026-08-09,Delivery Delay,11.2,4,1
TKT703546,C102954,2026-03-24,Refund Request,4.3,2,0
TKT703547,C102955,2026-07-04,Billing Issue,29.8,1,1
TKT703548,C102955,2026-07-15,Return Request,18.7,2,0
TKT703549,C102956,2026-05-12,Return Request,14.8,1,1
TKT703550,C102956,2024-09-04,Delivery Delay,19.9,2,0
TKT703551,C102956,2026-05-12,Return Request,24.2,2,0
TKT703552,C102957,2024-08-12,General Inquiry,22.3,4,0
TKT703553,C102957,2023-09-07,General Inquiry,6.7,2,0
TKT703554,C102958,2023-01-27,Return Request,3.8,1,0
TKT703555,C102958,2023-01-03,General Inquiry,5.0,1,0
TKT703556,C102958,2025-07-07,Billing Issue,10.3,2,0
TKT703557,C102962,2025-08-03,Refund Request,2.7,1,0
TKT703558,C102962,2025-11-22,Refund Request,17.4,1,0
TKT703559,C102962,2026-01-09,Account Access,21.1,1,0
TKT703560,C102962,2026-02-03,Refund Request,19.0,1,0
TKT703561,C102962,2026-03-20,Product Defect,21.9,1,1
TKT703562,C102963,2025-11-02,Technical Support,51.4,2,0
TKT703563,C102963,2025-05-20,General Inquiry,20.2,1,0
TKT703564,C102964,2026-07-12,Delivery Delay,10.1,3,1
TKT703565,C102966,2025-08-26,Account Access,43.6,1,0
TKT703566,C102967,2026-08-09,Return Request,22.5,3,0
TKT703567,C102967,2026-08-08,Billing Issue,13.1,2,0
TKT703568,C102967,2026-08-08,Delivery Delay,27.1,3,0
TKT703569,C102968,2024-08-31,Return Request,7.1,1,0
TKT703570,C102968,2025-04-01,Account Access,16.8,3,0
TKT703571,C102968,2023-12-13,Delivery Delay,7.1,2,0
TKT703572,C102969,2025-12-03,Product Defect,17.7,1,1
TKT703573,C102969,2024-02-05,Return Request,20.3,1,0
TKT703574,C102969,2024-08-26,Product Defect,20.2,1,0
TKT703575,C102970,2026-03-01,Product Defect,43.8,3,0
TKT703576,C102970,2026-05-18,Account Access,35.4,1,0
TKT703577,C102971,2024-12-20,Billing Issue,8.8,2,0
TKT703578,C102973,2025-10-29,Return Request,9.8,1,0
TKT703579,C102974,2025-07-28,Account Access,4.6,5,0
TKT703580,C102977,2026-02-01,Return Request,10.5,1,0
TKT703581,C102978,2026-02-14,Billing Issue,8.7,4,0
TKT703582,C102979,2026-01-24,Delivery Delay,9.7,3,0
TKT703583,C102981,2023-01-23,Refund Request,19.6,2,0
TKT703584,C102981,2023-11-07,Billing Issue,11.3,1,0
TKT703585,C102983,2025-10-23,Refund Request,5.4,3,0
TKT703586,C102983,2026-06-09,Delivery Delay,10.1,3,0
TKT703587,C102984,2026-02-10,Refund Request,11.4,4,0
TKT703588,C102985,2025-11-14,Account Access,9.6,2,1
TKT703589,C102985,2022-04-15,Delivery Delay,7.3,1,0
TKT703590,C102986,2025-03-20,Refund Request,5.3,1,0
TKT703591,C102986,2025-11-14,Account Access,31.0,1,0
TKT703592,C102987,2026-08-02,Technical Support,11.1,2,0
TKT703593,C102987,2026-07-28,Product Defect,7.3,3,0
TKT703594,C102988,2022-11-13,Return Request,25.7,1,1
TKT703595,C102989,2022-12-31,Delivery Delay,10.7,1,1
TKT703596,C102990,2025-07-29,Technical Support,11.6,3,0
TKT703597,C102990,2026-01-10,General Inquiry,10.8,4,0
TKT703598,C102991,2025-10-29,Technical Support,1.5,4,0
TKT703599,C102991,2025-10-11,Technical Support,8.8,2,0
TKT703600,C102991,2023-05-02,Account Access,2.4,4,0
TKT703601,C102993,2024-09-19,Delivery Delay,20.7,2,0
TKT703602,C102993,2025-07-08,General Inquiry,3.2,2,0
TKT703603,C102993,2025-09-08,Billing Issue,26.8,4,0
TKT703604,C102994,2026-07-17,Account Access,32.1,1,0
TKT703605,C102994,2025-12-03,Product Defect,17.8,1,0
TKT703606,C102995,2026-05-18,Technical Support,14.1,4,0
TKT703607,C102997,2025-12-25,Technical Support,22.3,3,0
TKT703608,C102997,2026-06-29,Technical Support,7.1,2,0
TKT703609,C102998,2026-01-25,Billing Issue,9.3,3,0
TKT703610,C102998,2026-06-04,Technical Support,10.5,4,0
TKT703611,C102998,2025-04-06,Billing Issue,35.7,2,0
TKT703612,C102999,2025-11-03,Delivery Delay,40.8,4,0
TKT703613,C103000,2023-10-09,Billing Issue,0.9,4,1
TKT703614,C103000,2023-12-24,General Inquiry,1.7,1,0
TKT703615,C103000,2024-05-13,General Inquiry,17.6,1,0
TKT703616,C103001,2023-12-28,Delivery Delay,17.8,1,0
TKT703617,C103001,2026-05-25,Refund Request,7.9,1,0
TKT703618,C103001,2025-07-05,Return Request,37.9,1,0
TKT703619,C103003,2025-03-27,Account Access,21.4,3,0
TKT703620,C103003,2026-03-05,Technical Support,22.2,4,0
TKT703621,C103005,2026-07-21,General Inquiry,6.8,1,1
TKT703622,C103005,2026-05-02,Delivery Delay,6.9,1,1
TKT703623,C103005,2026-03-24,General Inquiry,5.1,2,0
TKT703624,C103006,2025-12-26,Refund Request,15.1,4,0
TKT703625,C103006,2026-07-21,Product Defect,2.6,3,0
TKT703626,C103007,2026-05-17,Technical Support,7.9,2,0
TKT703627,C103007,2025-12-05,Refund Request,14.1,3,0
TKT703628,C103008,2026-04-25,Delivery Delay,2.0,3,0
TKT703629,C103009,2025-05-12,General Inquiry,6.8,2,0
TKT703630,C103010,2025-08-08,Billing Issue,43.3,1,0
TKT703631,C103010,2024-08-04,Billing Issue,17.0,1,0
TKT703632,C103010,2026-07-24,Delivery Delay,35.8,1,0
TKT703633,C103011,2023-11-06,Refund Request,28.8,3,0
TKT703634,C103012,2024-06-14,Technical Support,12.1,2,0
TKT703635,C103013,2025-03-28,Billing Issue,9.3,3,0
TKT703636,C103013,2023-10-18,Account Access,8.8,2,0
TKT703637,C103013,2024-06-11,Product Defect,8.0,3,0
TKT703638,C103014,2024-03-28,Product Defect,14.6,1,0
TKT703639,C103015,2024-02-21,Technical Support,43.1,1,0
TKT703640,C103018,2024-07-27,Product Defect,65.5,1,0
TKT703641,C103018,2025-06-08,Account Access,38.1,1,0
TKT703642,C103021,2026-07-27,Refund Request,5.8,3,1
TKT703643,C103021,2026-03-01,General Inquiry,11.9,3,0
TKT703644,C103024,2025-02-03,Billing Issue,8.6,4,0
TKT703645,C103025,2025-03-15,Refund Request,6.9,1,0
TKT703646,C103025,2025-04-22,Technical Support,9.7,3,0
TKT703647,C103026,2025-08-16,Technical Support,5.5,2,0
TKT703648,C103026,2026-01-25,Refund Request,15.0,2,0
TKT703649,C103026,2024-11-05,Delivery Delay,19.2,3,1
TKT703650,C103027,2026-04-05,Delivery Delay,8.0,5,0
TKT703651,C103028,2025-12-23,Delivery Delay,15.5,3,0
TKT703652,C103028,2024-06-05,Product Defect,5.4,2,0
TKT703653,C103029,2026-01-01,General Inquiry,9.8,3,0
TKT703654,C103034,2024-02-16,Product Defect,7.6,4,0
TKT703655,C103035,2024-05-06,Billing Issue,11.9,3,0
TKT703656,C103035,2023-10-28,Technical Support,12.5,3,0
TKT703657,C103036,2026-02-22,General Inquiry,20.8,3,0
TKT703658,C103036,2026-04-07,Refund Request,11.6,1,0
TKT703659,C103038,2023-04-24,Billing Issue,7.7,4,1
TKT703660,C103039,2022-11-14,General Inquiry,26.1,3,0
TKT703661,C103043,2025-09-19,Refund Request,17.7,3,0
TKT703662,C103044,2026-02-23,Product Defect,24.1,2,1
TKT703663,C103044,2026-03-12,Return Request,14.0,1,0
TKT703664,C103044,2025-09-24,General Inquiry,8.4,2,0
TKT703665,C103045,2026-04-09,Delivery Delay,13.1,1,0
TKT703666,C103045,2025-06-16,Refund Request,11.0,2,0
TKT703667,C103046,2026-02-03,General Inquiry,14.9,1,0
TKT703668,C103046,2026-07-29,General Inquiry,2.1,1,0
TKT703669,C103046,2025-12-08,Return Request,6.6,2,0
TKT703670,C103046,2026-06-13,Billing Issue,13.5,1,0
TKT703671,C103047,2026-07-30,Technical Support,2.1,4,0
TKT703672,C103049,2025-12-23,Return Request,37.3,2,0
TKT703673,C103049,2023-02-18,Delivery Delay,22.1,3,0
TKT703674,C103049,2025-01-19,Technical Support,16.6,1,0
TKT703675,C103050,2025-06-21,Refund Request,9.9,4,1
TKT703676,C103051,2024-07-12,Technical Support,33.0,2,1
TKT703677,C103051,2024-07-30,Account Access,34.4,2,0
TKT703678,C103051,2025-06-10,Refund Request,18.4,2,0
TKT703679,C103052,2026-02-24,Refund Request,6.3,2,0
TKT703680,C103052,2024-07-05,Product Defect,33.8,3,0
TKT703681,C103052,2025-06-21,Technical Support,4.6,3,0
TKT703682,C103053,2026-02-04,General Inquiry,8.9,3,0
TKT703683,C103053,2023-11-30,General Inquiry,8.1,3,0
TKT703684,C103056,2024-04-14,Technical Support,6.9,4,0
TKT703685,C103056,2024-05-02,Product Defect,13.0,5,1
TKT703686,C103057,2024-07-19,Refund Request,9.5,3,0
TKT703687,C103058,2022-02-13,General Inquiry,3.7,3,0
TKT703688,C103060,2023-07-28,Delivery Delay,14.1,2,0
TKT703689,C103061,2026-08-12,Account Access,24.2,1,0
TKT703690,C103061,2026-08-07,Delivery Delay,21.8,2,0
TKT703691,C103062,2025-10-11,Delivery Delay,16.5,2,0
TKT703692,C103064,2026-05-22,Refund Request,3.7,3,0
TKT703693,C103065,2024-06-08,Return Request,7.9,2,0
TKT703694,C103065,2024-01-22,Product Defect,15.4,2,0
TKT703695,C103066,2026-07-29,Refund Request,3.4,2,0
TKT703696,C103067,2026-02-19,Return Request,29.9,2,0
TKT703697,C103068,2026-01-22,Product Defect,9.4,2,1
TKT703698,C103068,2026-02-03,Refund Request,51.2,1,1
TKT703699,C103069,2026-07-09,Delivery Delay,39.9,1,1
TKT703700,C103069,2024-07-23,Refund Request,9.4,1,0
TKT703701,C103069,2023-03-13,Refund Request,23.4,1,0
TKT703702,C103069,2023-12-29,Billing Issue,1.4,1,1
TKT703703,C103070,2023-10-19,Delivery Delay,2.3,2,0
TKT703704,C103070,2023-07-25,Return Request,12.1,3,1
TKT703705,C103070,2025-07-19,Refund Request,14.1,1,0
TKT703706,C103070,2025-10-31,Delivery Delay,19.9,2,0
TKT703707,C103071,2025-08-24,General Inquiry,11.3,4,0
TKT703708,C103071,2022-09-03,Refund Request,20.7,3,0
TKT703709,C103074,2022-10-03,Refund Request,16.3,2,0
TKT703710,C103079,2026-06-27,Delivery Delay,4.3,1,0
TKT703711,C103080,2026-06-19,Product Defect,2.6,2,0
TKT703712,C103080,2026-06-09,Product Defect,19.8,3,1
TKT703713,C103081,2025-03-22,Product Defect,21.4,1,0
TKT703714,C103082,2026-01-15,Delivery Delay,1.0,2,0
TKT703715,C103082,2023-12-30,Account Access,9.0,4,0
TKT703716,C103082,2022-11-11,Technical Support,13.2,2,1
TKT703717,C103083,2022-10-03,Technical Support,55.6,1,0
TKT703718,C103086,2023-11-04,Product Defect,16.6,1,0
TKT703719,C103087,2026-05-26,Account Access,17.5,3,0
TKT703720,C103088,2022-11-13,Product Defect,4.4,2,0
TKT703721,C103089,2026-02-08,Technical Support,7.5,2,0
TKT703722,C103089,2026-07-13,Refund Request,31.8,2,0
TKT703723,C103090,2024-03-18,Billing Issue,0.9,1,0
TKT703724,C103091,2025-09-29,Billing Issue,3.3,3,0
TKT703725,C103091,2023-04-22,Return Request,12.9,1,0
TKT703726,C103091,2024-05-24,Billing Issue,27.9,2,1
TKT703727,C103091,2025-06-30,Technical Support,23.8,2,0
TKT703728,C103092,2024-10-25,Delivery Delay,8.2,2,0
TKT703729,C103094,2025-09-16,Technical Support,6.1,5,0
TKT703730,C103095,2026-07-25,Product Defect,5.2,2,0
TKT703731,C103100,2024-07-02,Delivery Delay,11.1,3,0
TKT703732,C103101,2026-04-20,Refund Request,13.9,1,0
TKT703733,C103101,2026-07-25,Product Defect,48.8,1,0
TKT703734,C103101,2026-05-06,Billing Issue,8.1,2,0
TKT703735,C103103,2026-07-31,Technical Support,2.4,2,1
TKT703736,C103104,2026-06-13,Product Defect,10.6,2,1
TKT703737,C103105,2025-10-21,General Inquiry,10.2,1,0
TKT703738,C103106,2026-07-27,Delivery Delay,22.7,1,1
TKT703739,C103106,2026-06-06,Product Defect,22.5,2,0
TKT703740,C103106,2026-06-08,Technical Support,31.2,2,0
TKT703741,C103108,2026-05-31,Product Defect,17.8,3,0
TKT703742,C103110,2022-11-08,Delivery Delay,47.0,1,0
TKT703743,C103110,2026-06-15,Return Request,27.5,1,0
TKT703744,C103111,2025-08-01,Return Request,22.1,1,0
TKT703745,C103111,2025-01-10,Delivery Delay,2.5,2,0
TKT703746,C103111,2026-01-13,Refund Request,13.5,2,0
TKT703747,C103113,2024-11-22,Refund Request,21.6,2,0
TKT703748,C103114,2025-01-26,Refund Request,40.3,1,0
TKT703749,C103114,2024-08-17,Technical Support,6.6,1,0
TKT703750,C103114,2025-11-22,Account Access,20.7,2,0
TKT703751,C103114,2026-01-22,Refund Request,25.0,2,0
TKT703752,C103114,2026-01-25,Refund Request,12.3,2,0
TKT703753,C103115,2025-12-06,Delivery Delay,21.3,1,0
TKT703754,C103115,2026-01-03,Technical Support,45.3,3,0
TKT703755,C103115,2023-11-26,Return Request,11.6,3,0
TKT703756,C103118,2026-06-30,Return Request,29.9,1,0
TKT703757,C103118,2024-09-27,Delivery Delay,29.9,2,0
TKT703758,C103119,2022-04-16,Product Defect,31.1,1,0
TKT703759,C103119,2022-02-07,Account Access,15.3,2,0
TKT703760,C103119,2024-11-06,Billing Issue,15.4,1,0
TKT703761,C103120,2025-05-06,Return Request,9.0,2,0
TKT703762,C103120,2023-05-21,Product Defect,34.4,1,0
TKT703763,C103120,2025-09-07,Account Access,19.6,1,1
TKT703764,C103122,2024-09-25,Return Request,11.5,3,0
TKT703765,C103123,2026-07-16,Product Defect,5.7,2,0
TKT703766,C103123,2026-08-09,General Inquiry,27.2,1,0
TKT703767,C103123,2026-07-03,Product Defect,34.9,1,0
TKT703768,C103125,2024-07-07,General Inquiry,20.6,1,0
TKT703769,C103125,2025-06-30,Refund Request,22.7,1,0
TKT703770,C103126,2023-12-03,Technical Support,8.0,5,0
TKT703771,C103126,2023-06-06,Delivery Delay,9.1,4,0
TKT703772,C103127,2025-05-14,General Inquiry,29.4,1,0
TKT703773,C103127,2024-11-12,Technical Support,21.5,3,0
TKT703774,C103128,2025-11-28,Delivery Delay,27.7,3,0
TKT703775,C103129,2023-06-20,Return Request,6.4,1,0
TKT703776,C103129,2024-11-11,Delivery Delay,25.5,2,1
TKT703777,C103129,2024-06-08,Refund Request,11.1,1,0
TKT703778,C103129,2024-11-12,Delivery Delay,14.0,2,1
TKT703779,C103131,2026-01-22,Product Defect,3.7,5,0
TKT703780,C103132,2025-11-29,General Inquiry,24.1,2,0
TKT703781,C103133,2025-07-18,Product Defect,16.9,2,0
TKT703782,C103133,2026-04-29,Billing Issue,19.8,2,0
TKT703783,C103133,2023-05-01,Return Request,13.4,2,0
TKT703784,C103135,2026-01-21,Refund Request,22.4,4,0
TKT703785,C103136,2024-11-08,Delivery Delay,7.8,3,0
TKT703786,C103136,2025-05-31,General Inquiry,16.2,2,1
TKT703787,C103136,2023-09-24,Technical Support,8.4,1,0
TKT703788,C103139,2024-11-12,Billing Issue,6.0,3,0
TKT703789,C103140,2025-05-29,Return Request,13.3,2,0
TKT703790,C103141,2026-04-07,Refund Request,15.5,4,0
TKT703791,C103142,2026-01-15,Account Access,18.9,3,0
TKT703792,C103142,2025-04-15,Delivery Delay,11.7,2,0
TKT703793,C103142,2025-03-07,General Inquiry,6.0,2,0
TKT703794,C103143,2022-11-09,Product Defect,10.9,4,0
TKT703795,C103143,2022-07-09,Return Request,12.0,3,0
TKT703796,C103144,2025-09-19,Product Defect,8.3,2,0
TKT703797,C103145,2022-06-22,Product Defect,10.1,1,0
TKT703798,C103145,2023-03-20,Billing Issue,33.1,2,0
TKT703799,C103147,2023-06-23,Delivery Delay,18.0,3,0
TKT703800,C103147,2024-10-23,Return Request,16.7,3,0
TKT703801,C103147,2023-02-18,Billing Issue,5.2,3,1
TKT703802,C103148,2026-08-10,Account Access,11.5,3,0
TKT703803,C103149,2023-11-06,Delivery Delay,14.2,4,0
TKT703804,C103149,2021-06-06,General Inquiry,15.7,5,0
TKT703805,C103150,2024-03-18,Technical Support,2.4,4,0
TKT703806,C103151,2026-05-07,Account Access,10.2,5,0
TKT703807,C103152,2026-07-31,Delivery Delay,15.5,1,0
TKT703808,C103152,2025-11-07,Refund Request,9.7,1,0
TKT703809,C103154,2026-08-09,General Inquiry,5.2,3,0
TKT703810,C103155,2024-11-23,Delivery Delay,9.7,1,0
TKT703811,C103158,2026-07-29,Billing Issue,6.0,4,0
TKT703812,C103162,2022-02-12,Delivery Delay,13.9,1,0
TKT703813,C103162,2025-10-26,Technical Support,22.7,1,0
TKT703814,C103162,2023-02-01,General Inquiry,37.2,3,0
TKT703815,C103162,2024-06-27,Technical Support,14.0,1,0
TKT703816,C103162,2023-12-01,Return Request,20.6,1,0
TKT703817,C103163,2024-03-12,Account Access,8.0,2,0
TKT703818,C103164,2025-09-25,Billing Issue,40.5,5,0
TKT703819,C103165,2025-09-04,Technical Support,11.0,2,0
TKT703820,C103166,2024-08-13,Account Access,4.8,3,0
TKT703821,C103166,2024-05-20,Technical Support,13.0,2,0
TKT703822,C103167,2023-11-13,Product Defect,6.8,4,0
TKT703823,C103167,2025-09-10,Return Request,12.5,2,0
TKT703824,C103167,2024-12-05,Account Access,5.6,2,0
TKT703825,C103168,2026-05-13,Product Defect,12.7,1,1
TKT703826,C103169,2026-07-17,Technical Support,32.6,1,0
TKT703827,C103171,2025-07-26,Product Defect,7.6,3,0
TKT703828,C103171,2026-06-21,Return Request,6.7,4,0
TKT703829,C103173,2024-12-28,Return Request,35.7,2,1
TKT703830,C103173,2025-12-05,Billing Issue,22.0,2,0
TKT703831,C103173,2026-01-02,Refund Request,7.0,1,0
TKT703832,C103173,2025-08-01,Billing Issue,40.3,1,1
TKT703833,C103174,2022-12-17,Refund Request,6.3,5,0
TKT703834,C103175,2025-11-08,Refund Request,13.6,3,0
TKT703835,C103177,2026-05-12,General Inquiry,34.5,1,0
TKT703836,C103177,2026-01-21,Refund Request,11.2,2,0
TKT703837,C103177,2026-01-18,Refund Request,8.0,1,0
TKT703838,C103177,2026-01-19,Delivery Delay,9.5,1,0
TKT703839,C103178,2025-06-13,Technical Support,18.0,3,0
TKT703840,C103178,2024-06-04,Technical Support,26.0,5,0
TKT703841,C103179,2024-07-12,Product Defect,18.9,3,0
TKT703842,C103179,2025-10-25,Product Defect,16.1,2,1
TKT703843,C103179,2026-04-26,Billing Issue,24.3,3,0
TKT703844,C103180,2026-02-10,General Inquiry,3.0,4,0
TKT703845,C103180,2026-06-30,Account Access,31.6,4,1
TKT703846,C103180,2026-06-20,Technical Support,12.6,2,0
TKT703847,C103181,2025-08-17,Refund Request,17.7,5,0
TKT703848,C103181,2025-04-03,General Inquiry,6.3,4,0
TKT703849,C103182,2025-05-26,Technical Support,5.1,3,0
TKT703850,C103182,2026-05-10,Refund Request,23.1,4,1
TKT703851,C103183,2025-12-07,Technical Support,13.2,3,0
TKT703852,C103184,2025-05-17,Refund Request,20.5,1,0
TKT703853,C103184,2025-12-07,Technical Support,11.3,3,0
TKT703854,C103184,2025-11-21,Billing Issue,12.5,2,0
TKT703855,C103185,2023-06-30,Return Request,7.4,4,0
TKT703856,C103186,2023-10-31,Return Request,36.6,3,1
TKT703857,C103187,2022-10-14,Technical Support,7.1,3,0
TKT703858,C103188,2024-08-01,Return Request,7.9,2,0
TKT703859,C103188,2024-06-20,Product Defect,9.8,3,0
TKT703860,C103190,2022-10-05,General Inquiry,7.1,3,1
TKT703861,C103190,2023-01-06,Delivery Delay,14.8,2,0
TKT703862,C103190,2026-01-26,Technical Support,6.8,1,0
TKT703863,C103192,2026-04-21,Account Access,9.6,1,0
TKT703864,C103192,2025-05-20,Product Defect,43.2,2,0
TKT703865,C103192,2025-07-28,Delivery Delay,25.9,3,0
TKT703866,C103193,2026-06-23,General Inquiry,10.6,1,0
TKT703867,C103193,2026-05-03,Return Request,13.5,2,0
TKT703868,C103194,2026-05-30,Account Access,24.8,1,0
TKT703869,C103194,2026-07-21,General Inquiry,9.7,1,0
TKT703870,C103195,2026-03-13,Billing Issue,11.6,1,0
TKT703871,C103196,2026-07-25,Billing Issue,1.7,4,0
TKT703872,C103196,2026-06-01,Account Access,2.6,2,0
TKT703873,C103197,2025-08-26,Delivery Delay,5.7,1,1
TKT703874,C103197,2025-03-31,Technical Support,16.2,3,1
TKT703875,C103200,2026-08-09,Delivery Delay,17.2,3,0
TKT703876,C103200,2026-08-03,Billing Issue,15.9,3,0
TKT703877,C103201,2026-06-02,Technical Support,19.5,1,0
TKT703878,C103201,2026-08-03,Technical Support,13.3,1,1
TKT703879,C103203,2021-11-16,Delivery Delay,14.5,2,0
TKT703880,C103203,2023-01-01,Refund Request,19.4,3,0
TKT703881,C103203,2026-08-08,Technical Support,13.4,3,0
TKT703882,C103203,2025-12-29,Delivery Delay,23.3,2,1
TKT703883,C103203,2022-12-30,General Inquiry,4.6,2,0
TKT703884,C103203,2022-04-20,Technical Support,10.0,1,0
TKT703885,C103204,2026-07-25,Delivery Delay,8.4,1,0
TKT703886,C103204,2024-03-29,General Inquiry,14.5,3,0
TKT703887,C103204,2024-04-04,Technical Support,24.6,1,0
TKT703888,C103206,2025-02-11,General Inquiry,24.5,3,1
TKT703889,C103206,2025-03-19,Account Access,12.7,2,0
TKT703890,C103207,2022-06-01,Return Request,34.2,1,0
TKT703891,C103210,2022-12-01,Product Defect,3.7,4,0
TKT703892,C103211,2023-05-19,Account Access,10.7,1,0
TKT703893,C103211,2025-02-28,Technical Support,23.7,1,1
TKT703894,C103211,2023-07-23,General Inquiry,12.8,2,0
TKT703895,C103212,2026-06-14,Refund Request,18.2,4,0
TKT703896,C103212,2025-11-18,Product Defect,18.8,5,0
TKT703897,C103214,2025-12-06,Refund Request,6.6,3,0
TKT703898,C103215,2024-05-17,General Inquiry,7.7,3,0
TKT703899,C103216,2026-06-23,General Inquiry,5.9,5,0
TKT703900,C103218,2025-08-26,Technical Support,5.7,3,1
TKT703901,C103220,2025-07-11,Delivery Delay,16.0,2,0
TKT703902,C103222,2026-03-29,Return Request,5.7,1,1
TKT703903,C103222,2023-08-20,Technical Support,10.8,2,0
TKT703904,C103222,2023-01-03,Billing Issue,16.1,2,0
TKT703905,C103222,2025-03-11,General Inquiry,9.1,1,0
TKT703906,C103227,2026-05-25,Return Request,32.2,2,1
TKT703907,C103227,2026-06-11,General Inquiry,5.7,1,0
TKT703908,C103227,2026-06-05,Return Request,12.2,2,1
TKT703909,C103228,2026-07-31,Delivery Delay,8.7,4,0
TKT703910,C103229,2023-08-13,Technical Support,15.1,1,0
TKT703911,C103234,2026-06-16,Product Defect,4.1,3,1
TKT703912,C103235,2026-06-18,Refund Request,11.8,4,1
TKT703913,C103238,2025-06-17,General Inquiry,8.6,4,0
TKT703914,C103238,2025-01-20,Billing Issue,16.5,3,0
TKT703915,C103238,2025-12-08,Return Request,10.6,3,0
TKT703916,C103238,2024-02-14,General Inquiry,46.3,5,0
TKT703917,C103240,2026-04-20,Delivery Delay,3.0,2,0
TKT703918,C103241,2025-10-16,Billing Issue,14.8,1,0
TKT703919,C103242,2026-06-01,Account Access,6.4,3,0
TKT703920,C103243,2025-08-05,Return Request,16.3,3,0
TKT703921,C103243,2026-05-08,General Inquiry,3.9,3,0
TKT703922,C103244,2026-02-19,Account Access,9.9,2,0
TKT703923,C103244,2026-02-16,Billing Issue,18.7,1,0
TKT703924,C103244,2026-03-20,Account Access,18.8,1,0
TKT703925,C103245,2026-07-21,Return Request,6.3,2,0
TKT703926,C103248,2022-03-16,Refund Request,0.8,3,0
TKT703927,C103248,2025-10-23,Product Defect,5.6,1,0
TKT703928,C103248,2024-08-31,Technical Support,9.4,3,0
TKT703929,C103249,2024-04-23,Return Request,15.5,3,0
TKT703930,C103250,2026-05-11,Technical Support,9.9,4,0
TKT703931,C103250,2026-07-19,Return Request,6.8,4,0
TKT703932,C103250,2026-02-24,Product Defect,22.0,1,0
TKT703933,C103251,2024-12-22,Billing Issue,11.7,1,0
TKT703934,C103253,2026-06-12,Technical Support,24.8,1,1
TKT703935,C103253,2026-07-30,Product Defect,22.8,1,0
TKT703936,C103253,2026-05-05,Technical Support,22.3,1,0
TKT703937,C103253,2025-12-21,Product Defect,26.2,1,0
TKT703938,C103253,2025-12-26,Billing Issue,36.0,3,0
TKT703939,C103253,2025-11-07,General Inquiry,18.4,1,0
TKT703940,C103254,2025-06-12,Delivery Delay,13.8,3,0
TKT703941,C103254,2023-12-09,General Inquiry,2.9,2,0
TKT703942,C103257,2024-01-27,Return Request,22.9,4,0
TKT703943,C103258,2026-04-03,General Inquiry,16.7,2,1
TKT703944,C103259,2026-05-23,Technical Support,21.7,3,0
TKT703945,C103260,2025-09-13,Refund Request,17.7,2,0
TKT703946,C103261,2024-01-01,Return Request,1.3,3,0
TKT703947,C103262,2026-07-05,Account Access,9.1,4,0
TKT703948,C103262,2026-05-29,General Inquiry,5.2,3,0
TKT703949,C103264,2024-03-31,Return Request,7.6,4,0
TKT703950,C103264,2023-10-16,Technical Support,32.0,1,0
TKT703951,C103264,2023-12-13,Account Access,19.3,1,1
TKT703952,C103266,2026-06-13,Refund Request,27.1,2,0
TKT703953,C103267,2025-07-10,General Inquiry,20.7,1,0
TKT703954,C103267,2024-12-10,Product Defect,20.9,4,1
TKT703955,C103267,2026-05-19,Product Defect,28.0,3,0
TKT703956,C103270,2026-07-06,Product Defect,5.0,2,0
TKT703957,C103270,2024-08-19,Delivery Delay,24.6,4,1
TKT703958,C103270,2024-09-16,General Inquiry,24.0,2,0
TKT703959,C103272,2026-07-04,Account Access,5.7,3,1
TKT703960,C103272,2026-06-29,Delivery Delay,31.0,1,0
TKT703961,C103273,2024-07-22,Product Defect,22.1,2,0
TKT703962,C103273,2025-12-23,Account Access,17.6,1,1
TKT703963,C103273,2026-06-22,Billing Issue,16.5,1,0
TKT703964,C103275,2026-05-20,General Inquiry,9.6,3,0
TKT703965,C103275,2026-06-01,Return Request,15.4,3,0
TKT703966,C103276,2025-11-28,General Inquiry,10.8,3,0
TKT703967,C103276,2022-09-04,Billing Issue,2.4,1,1
TKT703968,C103276,2026-05-29,General Inquiry,11.6,2,0
TKT703969,C103276,2025-12-07,Return Request,17.2,1,0
TKT703970,C103276,2022-07-19,Refund Request,10.9,2,0
TKT703971,C103277,2025-03-05,Billing Issue,3.2,2,0
TKT703972,C103279,2025-03-11,Technical Support,6.6,1,0
TKT703973,C103280,2025-09-01,General Inquiry,1.7,1,0
TKT703974,C103280,2021-10-22,Account Access,11.0,1,0
TKT703975,C103280,2021-11-06,Technical Support,18.5,3,0
TKT703976,C103281,2026-02-28,Product Defect,1.5,1,0
TKT703977,C103281,2025-06-14,Product Defect,13.7,2,1
TKT703978,C103281,2026-01-25,Delivery Delay,7.9,2,0
TKT703979,C103281,2025-11-03,Billing Issue,28.3,1,0
TKT703980,C103282,2025-11-30,Delivery Delay,27.3,2,0
TKT703981,C103282,2026-07-19,Technical Support,19.0,1,1
TKT703982,C103285,2025-02-01,Refund Request,10.1,2,0
TKT703983,C103287,2026-08-10,Refund Request,12.9,3,0
TKT703984,C103287,2026-02-18,Delivery Delay,12.3,4,0
TKT703985,C103289,2025-12-21,Account Access,24.0,4,0
TKT703986,C103289,2025-10-02,Delivery Delay,29.4,3,0
TKT703987,C103289,2024-10-22,Technical Support,17.3,2,0
TKT703988,C103289,2025-02-11,General Inquiry,37.6,3,0
TKT703989,C103290,2024-02-14,Refund Request,9.3,1,0
TKT703990,C103291,2026-05-27,Product Defect,35.6,1,0
TKT703991,C103291,2024-11-16,General Inquiry,33.2,1,0
TKT703992,C103293,2022-08-14,Billing Issue,18.9,3,0
TKT703993,C103293,2024-01-29,Return Request,39.4,3,0
TKT703994,C103296,2021-11-21,Account Access,26.7,1,1
TKT703995,C103296,2026-02-28,Billing Issue,4.3,3,0
TKT703996,C103296,2024-11-30,Technical Support,16.6,2,0
TKT703997,C103297,2025-05-29,Billing Issue,9.4,1,0
TKT703998,C103297,2025-05-22,Delivery Delay,3.8,4,0
TKT703999,C103302,2026-07-18,Refund Request,15.8,2,0
TKT704000,C103302,2026-07-19,General Inquiry,27.8,2,0
TKT704001,C103303,2025-05-18,General Inquiry,14.2,3,0
TKT704002,C103305,2026-08-10,Delivery Delay,11.0,3,0
TKT704003,C103308,2025-11-27,Billing Issue,4.4,1,0
TKT704004,C103309,2025-02-25,General Inquiry,19.2,3,0
TKT704005,C103309,2026-06-17,Delivery Delay,4.2,2,0
TKT704006,C103311,2026-03-02,Account Access,28.7,1,0
TKT704007,C103312,2026-02-19,Refund Request,1.0,4,0
TKT704008,C103312,2025-12-12,Product Defect,18.5,4,0
TKT704009,C103313,2025-04-27,Refund Request,27.9,2,0
TKT704010,C103314,2026-02-04,Technical Support,11.4,1,0
TKT704011,C103314,2025-07-01,Product Defect,11.7,2,0
TKT704012,C103316,2026-04-29,Product Defect,15.1,2,0
TKT704013,C103318,2024-01-20,Account Access,14.6,2,0
TKT704014,C103318,2025-11-04,General Inquiry,11.1,5,0
TKT704015,C103318,2026-02-04,Return Request,6.4,3,0
TKT704016,C103319,2026-05-25,Technical Support,10.8,4,1
TKT704017,C103321,2024-09-20,General Inquiry,12.5,5,0
TKT704018,C103322,2024-09-01,Refund Request,33.7,2,0
TKT704019,C103324,2025-02-22,Return Request,42.0,3,1
TKT704020,C103324,2026-01-12,Product Defect,32.4,3,1
TKT704021,C103324,2026-04-12,Delivery Delay,13.1,1,1
TKT704022,C103324,2024-11-06,Product Defect,17.2,3,0
TKT704023,C103324,2025-02-12,General Inquiry,4.3,1,1
TKT704024,C103325,2026-07-31,Account Access,12.5,2,0
TKT704025,C103325,2024-04-02,General Inquiry,11.2,2,0
TKT704026,C103327,2025-09-29,Delivery Delay,24.8,2,0
TKT704027,C103328,2026-04-21,Billing Issue,4.9,2,0
TKT704028,C103329,2026-06-14,Account Access,5.6,1,0
TKT704029,C103329,2026-02-26,Account Access,90.7,1,0
TKT704030,C103331,2026-01-28,General Inquiry,12.4,1,0
TKT704031,C103331,2026-03-04,Product Defect,10.2,1,1
TKT704032,C103331,2026-03-02,Billing Issue,66.4,2,0
TKT704033,C103331,2026-07-02,Return Request,6.0,1,1
TKT704034,C103331,2025-05-14,Return Request,36.4,1,0
TKT704035,C103336,2026-05-14,General Inquiry,20.0,2,0
TKT704036,C103336,2026-07-02,Billing Issue,34.4,1,0
TKT704037,C103339,2024-12-17,Technical Support,9.7,2,0
TKT704038,C103341,2024-04-23,Billing Issue,8.0,2,0
TKT704039,C103341,2024-12-19,Delivery Delay,1.8,1,1
TKT704040,C103342,2025-11-18,Billing Issue,12.3,1,0
TKT704041,C103342,2023-06-03,Technical Support,2.5,2,0
TKT704042,C103342,2023-05-19,Billing Issue,18.5,1,0
TKT704043,C103342,2023-03-22,Delivery Delay,7.1,3,1
TKT704044,C103342,2023-09-05,Return Request,34.7,1,0
TKT704045,C103343,2025-08-03,Technical Support,2.2,4,0
TKT704046,C103344,2023-04-05,Refund Request,33.7,1,0
TKT704047,C103344,2026-02-09,Technical Support,15.7,2,0
TKT704048,C103344,2022-02-04,General Inquiry,8.5,2,0
TKT704049,C103345,2025-10-03,Account Access,32.7,5,0
TKT704050,C103346,2026-01-24,Product Defect,18.4,1,0
TKT704051,C103346,2025-11-08,Account Access,10.0,2,1
TKT704052,C103346,2026-02-04,Product Defect,12.0,4,0
TKT704053,C103347,2023-10-20,General Inquiry,2.1,3,0
TKT704054,C103347,2021-11-16,Technical Support,10.0,1,0
TKT704055,C103347,2023-05-06,Refund Request,9.0,1,0
TKT704056,C103347,2025-03-20,Billing Issue,7.9,1,0
TKT704057,C103348,2024-12-29,Product Defect,12.1,4,0
TKT704058,C103349,2026-06-16,Product Defect,10.0,2,0
TKT704059,C103349,2025-08-12,Delivery Delay,10.1,2,0
TKT704060,C103349,2024-04-21,Product Defect,35.7,3,1
TKT704061,C103352,2025-03-09,Return Request,1.0,2,0
TKT704062,C103353,2025-11-15,Technical Support,9.1,2,0
TKT704063,C103354,2025-11-27,Account Access,50.6,2,0
TKT704064,C103354,2025-12-04,Refund Request,26.0,3,0
TKT704065,C103355,2026-03-18,General Inquiry,3.9,2,0
TKT704066,C103356,2024-12-23,Product Defect,49.0,2,0
TKT704067,C103357,2026-05-27,Account Access,10.9,5,0
TKT704068,C103362,2023-04-09,Delivery Delay,30.7,1,0
TKT704069,C103362,2025-01-05,General Inquiry,2.4,3,0
TKT704070,C103362,2023-03-06,Billing Issue,4.8,2,0
TKT704071,C103362,2022-08-26,Account Access,13.8,4,0
TKT704072,C103363,2025-12-29,Delivery Delay,27.9,2,0
TKT704073,C103363,2026-01-19,Account Access,10.7,2,0
TKT704074,C103363,2025-02-10,General Inquiry,4.6,3,0
TKT704075,C103364,2024-04-09,Refund Request,20.0,1,1
TKT704076,C103365,2026-07-03,Return Request,0.9,1,1
TKT704077,C103365,2026-05-19,Product Defect,4.9,2,0
TKT704078,C103365,2026-05-06,General Inquiry,24.6,4,0
TKT704079,C103366,2025-11-14,General Inquiry,30.1,1,1
TKT704080,C103367,2025-04-26,Billing Issue,7.3,4,0
TKT704081,C103368,2023-02-08,Technical Support,7.1,4,0
TKT704082,C103368,2021-09-01,Return Request,5.2,4,0
TKT704083,C103370,2023-10-14,General Inquiry,8.9,1,0
TKT704084,C103370,2023-02-24,Product Defect,9.1,3,0
TKT704085,C103373,2026-08-12,Delivery Delay,0.6,1,0
TKT704086,C103374,2025-11-28,Refund Request,13.2,3,0
TKT704087,C103374,2025-02-08,Technical Support,32.3,3,0
TKT704088,C103376,2025-10-15,Refund Request,21.5,4,0
TKT704089,C103378,2026-06-03,Delivery Delay,4.5,2,0
TKT704090,C103378,2026-03-24,Return Request,20.0,2,1
TKT704091,C103379,2025-12-02,General Inquiry,6.7,1,0
TKT704092,C103381,2025-12-26,Refund Request,15.2,3,0
TKT704093,C103383,2024-04-26,Refund Request,17.0,1,0
TKT704094,C103385,2024-03-27,Billing Issue,23.7,1,0
TKT704095,C103385,2024-02-15,General Inquiry,19.0,1,0
TKT704096,C103386,2023-10-11,Billing Issue,10.4,4,0
TKT704097,C103386,2026-08-01,Account Access,35.9,4,0
TKT704098,C103387,2026-02-12,Technical Support,28.9,1,1
TKT704099,C103388,2025-08-06,Account Access,12.7,3,0
TKT704100,C103389,2025-11-24,Technical Support,22.1,1,0
TKT704101,C103389,2026-01-27,Refund Request,12.9,3,0
TKT704102,C103390,2025-06-12,Product Defect,22.6,2,1
TKT704103,C103390,2022-07-30,Account Access,14.4,2,0
TKT704104,C103391,2025-04-30,Return Request,12.0,2,0
TKT704105,C103393,2022-10-10,Billing Issue,19.2,1,0
TKT704106,C103393,2026-06-14,Account Access,45.8,1,1
TKT704107,C103398,2024-11-02,Product Defect,14.0,2,0
TKT704108,C103398,2024-01-06,Return Request,35.7,1,0
TKT704109,C103398,2024-08-16,Return Request,3.3,3,0
TKT704110,C103400,2023-07-26,Product Defect,29.1,4,0
TKT704111,C103401,2024-03-29,General Inquiry,23.4,1,1
TKT704112,C103403,2022-04-07,Refund Request,1.9,2,1
TKT704113,C103403,2024-05-21,Billing Issue,11.8,1,0
TKT704114,C103405,2023-11-23,Technical Support,5.0,3,0
TKT704115,C103405,2026-06-08,Delivery Delay,19.0,1,0
TKT704116,C103406,2025-09-15,General Inquiry,10.1,1,0
TKT704117,C103406,2025-07-27,General Inquiry,35.0,2,0
TKT704118,C103407,2024-05-16,Billing Issue,16.0,3,0
TKT704119,C103407,2025-11-04,General Inquiry,11.9,1,0
TKT704120,C103407,2026-01-08,Delivery Delay,15.8,2,0
TKT704121,C103407,2024-10-11,Product Defect,14.3,1,0
TKT704122,C103409,2025-05-18,General Inquiry,10.2,4,0
TKT704123,C103409,2022-03-20,Product Defect,6.5,1,0
TKT704124,C103411,2025-08-12,Billing Issue,3.2,2,0
TKT704125,C103411,2025-10-31,Return Request,20.6,2,0
TKT704126,C103413,2025-08-28,Account Access,16.9,1,0
TKT704127,C103413,2024-07-15,General Inquiry,6.0,2,1
TKT704128,C103413,2025-06-08,General Inquiry,48.1,1,0
TKT704129,C103413,2026-07-23,Product Defect,2.8,2,0
TKT704130,C103414,2023-05-03,Refund Request,6.0,2,0
TKT704131,C103416,2024-06-13,General Inquiry,21.3,3,0
TKT704132,C103416,2024-01-04,General Inquiry,30.4,2,0
TKT704133,C103417,2026-07-03,Billing Issue,9.0,5,0
TKT704134,C103418,2025-11-07,Account Access,13.8,2,0
TKT704135,C103418,2026-06-07,Technical Support,8.8,3,1
TKT704136,C103419,2024-10-24,Account Access,8.0,1,1
TKT704137,C103420,2025-01-28,General Inquiry,5.7,3,0
TKT704138,C103420,2025-10-23,General Inquiry,38.2,1,0
TKT704139,C103420,2025-02-25,Billing Issue,25.5,1,0
TKT704140,C103421,2025-04-23,Return Request,25.0,2,0
TKT704141,C103422,2024-09-07,Product Defect,9.5,2,0
TKT704142,C103422,2026-04-24,Refund Request,31.2,1,1
TKT704143,C103424,2026-06-20,Refund Request,31.2,2,0
TKT704144,C103426,2026-04-15,Account Access,16.0,5,0
TKT704145,C103426,2026-02-09,Account Access,8.4,5,0
TKT704146,C103427,2025-10-25,General Inquiry,2.6,2,0
TKT704147,C103427,2026-03-03,Refund Request,7.2,3,0
TKT704148,C103428,2025-08-29,Refund Request,23.2,3,0
TKT704149,C103428,2025-12-29,Technical Support,23.3,1,0
TKT704150,C103428,2024-08-18,Return Request,22.2,2,0
TKT704151,C103429,2026-07-28,Product Defect,30.8,3,0
TKT704152,C103429,2026-07-05,Refund Request,9.1,1,0
TKT704153,C103432,2026-03-11,Delivery Delay,16.2,3,0
TKT704154,C103433,2025-09-21,Product Defect,23.2,3,0
TKT704155,C103434,2026-03-30,General Inquiry,11.4,4,1
TKT704156,C103434,2026-02-10,Technical Support,3.3,2,0
TKT704157,C103436,2026-07-23,General Inquiry,12.1,5,0
TKT704158,C103437,2024-09-02,Delivery Delay,6.6,1,0
TKT704159,C103437,2025-06-12,Refund Request,38.7,2,1
TKT704160,C103437,2026-01-08,Account Access,14.1,1,1
TKT704161,C103437,2024-09-03,General Inquiry,14.7,2,0
TKT704162,C103438,2023-02-17,Account Access,15.8,3,0
TKT704163,C103438,2023-09-12,Refund Request,2.8,3,0
TKT704164,C103439,2025-11-03,Account Access,4.4,2,0
TKT704165,C103439,2024-12-22,Return Request,27.0,2,0
TKT704166,C103439,2026-06-10,General Inquiry,28.3,2,0
TKT704167,C103442,2025-11-29,Delivery Delay,18.8,3,0
TKT704168,C103444,2023-03-24,Product Defect,13.2,3,1
TKT704169,C103445,2025-09-30,Product Defect,18.8,3,0
TKT704170,C103446,2025-12-30,Delivery Delay,19.0,2,0
TKT704171,C103446,2024-07-03,Account Access,13.9,4,0
TKT704172,C103448,2025-03-11,Refund Request,17.6,1,0
TKT704173,C103448,2025-06-26,Billing Issue,20.4,3,0
TKT704174,C103448,2024-07-21,Refund Request,3.6,4,0
TKT704175,C103448,2024-06-08,Billing Issue,18.4,1,0
TKT704176,C103448,2025-12-10,Product Defect,33.0,2,0
TKT704177,C103449,2025-12-21,Account Access,10.3,3,0
TKT704178,C103450,2025-10-30,General Inquiry,12.7,2,1
TKT704179,C103450,2023-08-03,Refund Request,4.2,3,0
TKT704180,C103450,2026-07-04,Product Defect,12.9,2,0
TKT704181,C103451,2026-02-20,Refund Request,8.6,1,0
TKT704182,C103451,2025-12-15,General Inquiry,9.3,3,1
TKT704183,C103451,2026-07-23,General Inquiry,17.0,4,0
TKT704184,C103451,2025-12-24,General Inquiry,4.9,3,0
TKT704185,C103453,2026-03-17,Product Defect,9.0,4,0
TKT704186,C103456,2025-12-23,General Inquiry,24.8,1,0
TKT704187,C103456,2025-08-20,Technical Support,15.5,2,0
TKT704188,C103456,2026-05-29,Technical Support,31.6,2,1
TKT704189,C103457,2026-04-14,Return Request,11.9,1,0
TKT704190,C103457,2023-10-04,Technical Support,22.4,1,0
TKT704191,C103457,2024-12-22,Product Defect,4.7,1,1
TKT704192,C103457,2026-04-16,Billing Issue,17.9,1,0
TKT704193,C103458,2022-03-23,General Inquiry,31.1,1,1
TKT704194,C103458,2022-04-28,Delivery Delay,1.4,2,0
TKT704195,C103461,2023-04-09,Refund Request,7.1,3,0
TKT704196,C103461,2025-05-29,General Inquiry,12.1,2,0
TKT704197,C103462,2024-06-21,Product Defect,6.3,2,0
TKT704198,C103465,2026-01-25,Technical Support,12.4,4,0
TKT704199,C103465,2026-04-23,Refund Request,16.8,3,0
TKT704200,C103466,2023-09-21,Return Request,5.7,1,1
TKT704201,C103469,2026-06-18,Delivery Delay,53.9,1,1
TKT704202,C103469,2026-07-28,Account Access,2.1,1,0
TKT704203,C103471,2023-05-31,Billing Issue,10.2,3,0
TKT704204,C103471,2022-10-09,Return Request,5.8,2,0
TKT704205,C103472,2026-01-31,Delivery Delay,10.0,2,0
TKT704206,C103472,2024-12-22,Product Defect,7.9,4,0
TKT704207,C103475,2026-02-23,Billing Issue,14.7,1,1
TKT704208,C103475,2026-02-25,Product Defect,8.2,1,0
TKT704209,C103475,2026-06-21,Product Defect,5.5,1,1
TKT704210,C103475,2026-04-07,Account Access,2.0,1,0
TKT704211,C103476,2025-02-19,General Inquiry,9.4,2,0
TKT704212,C103478,2026-04-12,General Inquiry,13.6,3,0
TKT704213,C103478,2023-04-07,Refund Request,4.4,3,1
TKT704214,C103479,2026-08-08,Account Access,12.9,3,0
TKT704215,C103479,2026-01-26,Product Defect,11.2,2,0
TKT704216,C103479,2025-09-22,Return Request,8.3,3,1
TKT704217,C103481,2026-06-17,Return Request,27.0,1,0
TKT704218,C103482,2026-06-16,General Inquiry,11.8,2,0
TKT704219,C103482,2026-05-03,General Inquiry,7.5,2,0
TKT704220,C103485,2026-04-22,General Inquiry,7.1,3,0
TKT704221,C103485,2024-03-21,Technical Support,10.4,3,0
TKT704222,C103486,2023-12-19,Technical Support,12.9,4,0
TKT704223,C103489,2026-07-09,General Inquiry,3.2,4,0
TKT704224,C103489,2026-06-14,Refund Request,7.7,2,0
TKT704225,C103490,2025-04-03,Billing Issue,12.9,4,0
TKT704226,C103490,2023-04-17,Technical Support,15.4,2,0
TKT704227,C103490,2024-10-11,Product Defect,6.1,5,0
TKT704228,C103490,2026-05-30,General Inquiry,16.5,3,1
TKT704229,C103491,2024-07-29,Refund Request,21.0,2,0
TKT704230,C103491,2024-07-16,Delivery Delay,35.5,2,0
TKT704231,C103494,2026-06-30,General Inquiry,16.7,2,0
TKT704232,C103494,2026-08-01,Technical Support,9.2,1,0
TKT704233,C103494,2026-07-19,Delivery Delay,17.6,3,0
TKT704234,C103496,2026-03-28,Billing Issue,11.9,4,0
TKT704235,C103498,2026-08-09,Account Access,26.7,4,0
TKT704236,C103499,2026-03-30,General Inquiry,13.4,1,0
TKT704237,C103500,2025-01-22,Return Request,11.2,2,0
TKT704238,C103500,2023-06-09,General Inquiry,6.7,1,0
TKT704239,C103500,2025-10-16,Refund Request,49.6,1,0
TKT704240,C103500,2024-06-15,General Inquiry,20.2,3,0
TKT704241,C103503,2025-05-31,Delivery Delay,13.9,4,1
TKT704242,C103505,2025-02-12,Billing Issue,5.6,3,0
TKT704243,C103506,2024-12-21,Technical Support,13.0,5,0
TKT704244,C103508,2024-06-28,Product Defect,14.5,2,0
TKT704245,C103508,2022-10-02,Product Defect,3.3,1,0
TKT704246,C103509,2022-11-15,Billing Issue,9.3,1,0
TKT704247,C103509,2023-10-15,Product Defect,14.6,1,0
TKT704248,C103509,2025-09-14,Refund Request,39.5,3,1
TKT704249,C103509,2023-01-03,Account Access,15.2,2,0
TKT704250,C103509,2025-08-30,Technical Support,7.9,1,0
TKT704251,C103509,2023-12-02,Delivery Delay,8.7,1,0
TKT704252,C103509,2024-06-17,Refund Request,3.2,1,0
TKT704253,C103511,2025-05-15,Billing Issue,13.4,4,0
TKT704254,C103512,2026-06-15,General Inquiry,16.5,1,0
TKT704255,C103512,2026-03-23,Refund Request,8.0,1,0
TKT704256,C103512,2022-01-23,General Inquiry,12.2,1,0
TKT704257,C103514,2025-12-31,General Inquiry,4.6,3,0
TKT704258,C103515,2025-12-08,Return Request,5.6,4,0
TKT704259,C103516,2026-05-16,Delivery Delay,21.5,1,1
TKT704260,C103516,2026-05-20,Billing Issue,23.2,1,0
TKT704261,C103517,2024-03-17,Product Defect,7.1,3,0
TKT704262,C103517,2025-06-20,Delivery Delay,3.0,3,0
TKT704263,C103517,2022-02-17,Account Access,22.6,3,0
TKT704264,C103519,2026-06-15,Delivery Delay,1.9,3,0
TKT704265,C103520,2024-06-12,Return Request,1.3,3,0
TKT704266,C103522,2026-06-03,Technical Support,19.8,3,0
TKT704267,C103524,2026-05-11,Return Request,10.4,1,1
TKT704268,C103525,2025-01-02,Technical Support,19.7,1,0
TKT704269,C103525,2026-03-24,Technical Support,6.3,2,1
TKT704270,C103526,2026-03-07,Billing Issue,4.2,4,0
TKT704271,C103528,2025-12-22,Account Access,20.8,1,1
TKT704272,C103528,2025-08-16,General Inquiry,9.9,1,0
TKT704273,C103530,2026-07-09,Technical Support,30.9,3,1
TKT704274,C103531,2023-11-01,Return Request,21.1,1,0
TKT704275,C103532,2025-12-23,Technical Support,13.4,3,0
TKT704276,C103533,2024-10-07,General Inquiry,6.6,1,0
TKT704277,C103534,2026-03-10,Billing Issue,8.7,2,0
TKT704278,C103534,2026-01-25,Refund Request,26.7,3,0
TKT704279,C103534,2025-09-24,Technical Support,6.9,4,0
TKT704280,C103534,2025-09-10,Return Request,5.1,4,0
TKT704281,C103535,2026-03-25,Account Access,21.7,1,0
TKT704282,C103536,2025-05-22,General Inquiry,20.4,1,0
TKT704283,C103537,2025-03-26,Delivery Delay,7.8,1,1
TKT704284,C103539,2025-07-19,Product Defect,14.3,4,0
TKT704285,C103539,2026-04-27,Refund Request,38.6,3,0
TKT704286,C103541,2026-03-01,General Inquiry,1.8,2,0
TKT704287,C103546,2026-07-02,Account Access,39.5,2,0
TKT704288,C103546,2022-06-07,Technical Support,2.4,3,0
TKT704289,C103547,2025-10-08,Technical Support,3.8,3,1
TKT704290,C103548,2025-01-12,General Inquiry,14.1,4,0
TKT704291,C103549,2022-06-06,Refund Request,6.6,1,0
TKT704292,C103549,2024-09-19,Billing Issue,19.8,2,0
TKT704293,C103551,2025-11-13,Account Access,14.0,3,0
TKT704294,C103553,2024-10-23,Billing Issue,53.8,3,0
TKT704295,C103554,2026-06-27,Account Access,29.1,1,0
TKT704296,C103555,2025-11-28,Product Defect,7.2,1,0
TKT704297,C103555,2023-03-15,General Inquiry,11.6,1,0
TKT704298,C103555,2025-12-24,Technical Support,17.5,1,1
TKT704299,C103555,2024-06-26,Refund Request,6.5,1,1
TKT704300,C103555,2025-09-10,Product Defect,29.4,1,0
TKT704301,C103556,2025-06-12,Technical Support,49.9,1,0
TKT704302,C103556,2026-01-03,Technical Support,15.3,2,0
TKT704303,C103556,2025-05-11,Delivery Delay,22.4,1,1
TKT704304,C103558,2024-12-26,Billing Issue,10.3,3,0
TKT704305,C103558,2023-05-25,Product Defect,17.1,1,0
TKT704306,C103559,2022-02-06,Refund Request,14.1,2,0
TKT704307,C103559,2023-04-07,General Inquiry,32.5,2,1
TKT704308,C103560,2025-07-11,Technical Support,5.0,3,0
TKT704309,C103560,2025-05-08,Product Defect,11.9,3,1
TKT704310,C103561,2025-11-18,Technical Support,6.9,3,0
TKT704311,C103561,2026-07-24,Delivery Delay,19.1,3,0
TKT704312,C103562,2025-10-09,Account Access,50.4,1,1
TKT704313,C103567,2021-12-30,Return Request,6.9,2,0
TKT704314,C103567,2023-01-13,Product Defect,16.5,1,0
TKT704315,C103568,2026-05-05,General Inquiry,13.4,3,0
TKT704316,C103569,2025-03-09,Return Request,12.5,4,0
TKT704317,C103569,2023-10-13,Billing Issue,3.2,4,0
TKT704318,C103570,2024-08-13,Account Access,15.5,2,0
TKT704319,C103570,2024-07-21,Return Request,9.0,1,0
TKT704320,C103572,2025-10-20,Refund Request,18.5,2,0
TKT704321,C103572,2025-08-25,Delivery Delay,10.9,1,0
TKT704322,C103573,2026-04-16,Delivery Delay,75.2,1,0
TKT704323,C103573,2025-02-05,General Inquiry,8.1,1,0
TKT704324,C103573,2023-01-03,Billing Issue,13.0,1,0
TKT704325,C103573,2023-07-31,General Inquiry,14.4,2,0
TKT704326,C103574,2026-07-02,General Inquiry,7.4,3,1
TKT704327,C103574,2026-08-05,Delivery Delay,8.8,2,0
TKT704328,C103576,2025-03-18,Billing Issue,31.5,2,0
TKT704329,C103576,2025-09-25,Refund Request,30.2,2,0
TKT704330,C103576,2025-03-17,Technical Support,22.0,2,0
TKT704331,C103576,2025-10-22,Billing Issue,38.9,2,1
TKT704332,C103577,2025-12-25,Delivery Delay,30.0,3,1
TKT704333,C103577,2025-11-12,Account Access,15.5,3,1
TKT704334,C103577,2026-05-09,Delivery Delay,16.0,2,0
TKT704335,C103577,2025-05-13,Product Defect,24.4,2,0
TKT704336,C103578,2026-07-15,General Inquiry,4.0,2,0
TKT704337,C103580,2025-06-05,Refund Request,15.2,4,0
TKT704338,C103581,2023-12-10,Account Access,20.8,3,0
TKT704339,C103581,2026-04-28,Delivery Delay,3.0,4,0
TKT704340,C103582,2022-05-29,General Inquiry,26.4,2,0
TKT704341,C103584,2026-03-20,General Inquiry,6.1,4,0
TKT704342,C103585,2026-06-19,Product Defect,4.8,3,0
TKT704343,C103586,2021-04-12,Product Defect,7.6,2,0
TKT704344,C103586,2025-09-22,Return Request,8.6,1,0
TKT704345,C103587,2022-02-18,Account Access,19.0,2,0
TKT704346,C103587,2025-05-05,Refund Request,47.6,4,0
TKT704347,C103587,2024-11-25,Return Request,2.4,3,0
TKT704348,C103591,2025-11-10,Billing Issue,9.1,1,0
TKT704349,C103591,2025-10-14,Billing Issue,75.0,1,1
TKT704350,C103591,2026-03-12,Product Defect,16.7,2,0
TKT704351,C103591,2025-05-03,Technical Support,29.0,2,0
TKT704352,C103591,2026-02-18,Return Request,5.6,2,0
TKT704353,C103594,2025-06-17,General Inquiry,25.6,2,1
TKT704354,C103594,2026-03-27,Account Access,15.5,4,0
TKT704355,C103594,2025-08-12,Delivery Delay,13.4,3,0
TKT704356,C103595,2024-08-23,Refund Request,5.1,4,0
TKT704357,C103598,2025-10-03,Technical Support,8.2,1,0
TKT704358,C103598,2025-09-16,Technical Support,17.2,2,0
TKT704359,C103600,2024-07-20,Return Request,7.7,1,0
TKT704360,C103601,2024-10-21,Product Defect,25.0,2,1
TKT704361,C103602,2025-08-08,Delivery Delay,20.2,4,0
TKT704362,C103603,2026-07-15,Billing Issue,7.1,2,0
TKT704363,C103604,2024-10-03,Refund Request,15.8,1,1
TKT704364,C103604,2024-10-15,Delivery Delay,8.7,1,0
TKT704365,C103604,2023-12-22,General Inquiry,11.7,1,0
TKT704366,C103604,2025-03-01,Account Access,13.6,2,0
TKT704367,C103604,2023-10-04,Billing Issue,13.9,1,0
TKT704368,C103605,2024-07-08,Delivery Delay,12.6,3,0
TKT704369,C103611,2026-07-05,Refund Request,19.9,1,0
TKT704370,C103612,2025-05-15,Return Request,4.1,5,0
TKT704371,C103612,2026-06-11,Delivery Delay,22.4,3,0
TKT704372,C103612,2026-02-02,Return Request,13.0,3,0
TKT704373,C103613,2024-05-16,Account Access,7.8,4,0
TKT704374,C103614,2026-04-26,Product Defect,7.1,2,0
TKT704375,C103614,2026-07-31,General Inquiry,14.2,1,0
TKT704376,C103617,2025-01-20,Refund Request,4.3,4,0
TKT704377,C103617,2026-01-23,Account Access,8.0,3,0
TKT704378,C103617,2026-05-03,Account Access,7.7,2,0
TKT704379,C103618,2026-03-11,Product Defect,1.9,3,0
TKT704380,C103618,2024-06-16,General Inquiry,6.5,3,0
TKT704381,C103619,2025-11-18,Refund Request,9.6,2,0
TKT704382,C103620,2023-12-06,Refund Request,11.2,1,0
TKT704383,C103620,2024-07-15,Billing Issue,17.0,1,0
TKT704384,C103621,2023-10-27,Billing Issue,6.9,3,0
TKT704385,C103623,2026-05-12,Refund Request,40.3,1,0
TKT704386,C103623,2026-04-24,Delivery Delay,4.7,1,1
TKT704387,C103623,2026-05-16,Delivery Delay,17.6,1,0
TKT704388,C103626,2024-01-23,Return Request,9.5,3,1
TKT704389,C103626,2024-11-12,Return Request,33.0,2,0
TKT704390,C103626,2024-05-14,Refund Request,16.6,3,0
TKT704391,C103629,2026-06-03,Return Request,40.6,1,0
TKT704392,C103633,2026-07-20,Delivery Delay,19.8,1,1
TKT704393,C103635,2026-02-15,Account Access,14.1,1,0
TKT704394,C103636,2026-02-07,Technical Support,4.8,1,1
TKT704395,C103638,2024-09-06,Technical Support,4.6,3,0
TKT704396,C103639,2026-01-24,General Inquiry,22.5,2,0
TKT704397,C103639,2026-04-30,Return Request,47.3,1,0
TKT704398,C103639,2026-02-15,Account Access,16.3,1,0
TKT704399,C103639,2026-01-12,Account Access,25.0,1,0
TKT704400,C103640,2026-04-27,Refund Request,12.4,3,1
TKT704401,C103640,2025-08-27,Account Access,35.2,1,1
TKT704402,C103640,2022-04-09,Delivery Delay,50.6,1,0
TKT704403,C103640,2025-01-21,Technical Support,22.5,1,0
TKT704404,C103641,2026-02-22,Account Access,6.9,2,0
TKT704405,C103641,2025-12-07,General Inquiry,1.3,4,0
TKT704406,C103642,2026-06-09,Account Access,20.4,4,0
TKT704407,C103643,2024-05-27,Return Request,8.2,3,1
TKT704408,C103644,2025-03-02,Return Request,9.5,1,0
TKT704409,C103644,2026-01-30,General Inquiry,20.9,4,1
TKT704410,C103645,2022-09-20,Account Access,8.3,1,0
TKT704411,C103645,2023-08-30,Return Request,46.6,1,0
TKT704412,C103646,2026-07-22,Product Defect,7.7,4,0
TKT704413,C103650,2024-08-27,Return Request,13.4,4,0
TKT704414,C103652,2023-05-29,Technical Support,42.9,4,0
TKT704415,C103655,2026-07-24,Product Defect,55.4,3,0
TKT704416,C103656,2025-08-17,Delivery Delay,59.1,1,0
TKT704417,C103656,2025-10-30,Technical Support,14.4,2,0
TKT704418,C103657,2025-07-18,Product Defect,18.2,2,0
TKT704419,C103658,2023-08-31,General Inquiry,5.0,5,0
TKT704420,C103658,2021-09-29,Refund Request,6.8,5,0
TKT704421,C103659,2024-10-16,General Inquiry,25.6,2,0
TKT704422,C103661,2026-07-25,Refund Request,25.4,5,0
TKT704423,C103663,2026-06-17,Technical Support,26.7,2,1
TKT704424,C103668,2022-09-29,Refund Request,5.0,4,0
TKT704425,C103668,2025-03-15,Billing Issue,13.8,1,0
TKT704426,C103668,2021-09-15,Refund Request,31.8,1,0
TKT704427,C103668,2021-11-20,Account Access,11.9,3,0
TKT704428,C103671,2026-07-04,Refund Request,13.7,1,0
TKT704429,C103673,2026-07-29,Account Access,13.2,1,0
TKT704430,C103675,2025-05-25,Refund Request,5.8,1,0
TKT704431,C103675,2024-09-07,Delivery Delay,11.3,2,0
TKT704432,C103676,2023-08-21,Product Defect,23.3,2,1
TKT704433,C103677,2026-03-07,Delivery Delay,12.1,5,0
TKT704434,C103678,2025-07-10,Billing Issue,14.2,2,0
TKT704435,C103680,2025-06-17,Account Access,7.4,1,0
TKT704436,C103681,2023-05-20,General Inquiry,7.5,1,0
TKT704437,C103681,2021-03-26,Delivery Delay,36.4,3,1
TKT704438,C103681,2025-03-22,Account Access,31.4,2,0
TKT704439,C103682,2026-06-30,Return Request,23.2,2,0
TKT704440,C103683,2026-07-18,Refund Request,12.5,2,0
TKT704441,C103683,2026-03-21,Account Access,40.4,2,1
TKT704442,C103685,2022-03-30,Return Request,16.3,2,1
TKT704443,C103687,2026-04-20,Refund Request,11.0,1,0
TKT704444,C103688,2025-01-31,Product Defect,22.8,2,0
TKT704445,C103689,2025-10-05,Billing Issue,24.2,1,0
TKT704446,C103689,2025-07-11,Product Defect,9.0,3,0
TKT704447,C103689,2024-11-28,Technical Support,18.1,3,0
TKT704448,C103691,2025-12-23,Technical Support,12.3,3,0
TKT704449,C103691,2025-11-27,Account Access,4.3,3,0
TKT704450,C103692,2025-06-22,Technical Support,22.6,3,0
TKT704451,C103692,2024-04-03,Technical Support,13.2,2,0
TKT704452,C103694,2023-07-05,Account Access,11.7,2,0
TKT704453,C103694,2023-10-01,Account Access,42.9,2,1
TKT704454,C103695,2026-05-01,Account Access,32.4,2,1
TKT704455,C103695,2026-02-25,Technical Support,2.2,2,0
TKT704456,C103696,2025-04-12,Billing Issue,20.1,1,0
TKT704457,C103696,2026-03-11,Product Defect,4.9,2,0
TKT704458,C103697,2023-08-17,Account Access,11.5,1,0
TKT704459,C103697,2025-04-27,General Inquiry,39.0,1,0
TKT704460,C103697,2025-11-02,Account Access,9.9,2,1
TKT704461,C103701,2026-03-26,General Inquiry,50.0,1,0
TKT704462,C103701,2026-04-30,Account Access,6.2,1,0
TKT704463,C103701,2026-07-05,Technical Support,24.1,1,0
TKT704464,C103702,2025-12-13,Delivery Delay,33.0,1,0
TKT704465,C103702,2026-03-14,Technical Support,15.7,1,1
TKT704466,C103703,2024-10-13,Account Access,31.6,1,0
TKT704467,C103703,2025-05-08,Billing Issue,26.4,1,0
TKT704468,C103703,2024-09-27,General Inquiry,31.0,1,0
TKT704469,C103703,2023-02-18,Technical Support,19.7,2,1
TKT704470,C103707,2024-06-16,Technical Support,11.0,2,1
TKT704471,C103707,2026-06-20,General Inquiry,0.6,2,0
TKT704472,C103708,2026-06-01,Refund Request,12.4,2,0
TKT704473,C103709,2026-01-23,Product Defect,8.4,3,0
TKT704474,C103711,2026-07-03,Delivery Delay,13.1,1,0
TKT704475,C103711,2026-06-03,Account Access,9.6,1,0
TKT704476,C103712,2026-06-02,General Inquiry,0.5,3,0
TKT704477,C103714,2024-06-04,Billing Issue,17.4,3,0
TKT704478,C103715,2025-07-07,Return Request,26.0,2,0
TKT704479,C103717,2025-05-27,Delivery Delay,12.6,3,0
TKT704480,C103717,2025-12-20,Billing Issue,41.3,3,0
TKT704481,C103717,2025-11-03,Return Request,2.7,3,0
TKT704482,C103719,2024-12-10,Billing Issue,22.5,1,0
TKT704483,C103720,2026-06-28,Account Access,6.6,2,0
TKT704484,C103721,2026-03-02,Billing Issue,13.2,1,1
TKT704485,C103721,2023-08-10,Billing Issue,13.8,2,0
TKT704486,C103722,2024-09-03,Account Access,39.0,1,0
TKT704487,C103723,2022-09-27,Return Request,22.9,2,1
TKT704488,C103723,2025-03-22,Billing Issue,5.5,2,1
TKT704489,C103724,2021-06-30,Billing Issue,7.3,3,0
TKT704490,C103725,2026-07-14,Billing Issue,8.9,1,0
TKT704491,C103725,2026-06-16,Delivery Delay,47.6,2,0
TKT704492,C103729,2024-08-16,General Inquiry,9.3,1,0
TKT704493,C103729,2023-02-22,Technical Support,20.9,1,1
TKT704494,C103729,2023-12-10,General Inquiry,21.6,1,0
TKT704495,C103730,2026-08-09,Delivery Delay,14.8,3,0
TKT704496,C103732,2026-05-10,Billing Issue,24.1,2,0
TKT704497,C103732,2026-05-17,Delivery Delay,62.5,1,0
TKT704498,C103733,2022-08-05,General Inquiry,28.8,1,0
TKT704499,C103733,2024-05-27,Billing Issue,36.3,1,1
TKT704500,C103733,2026-02-20,Refund Request,9.9,1,0
TKT704501,C103733,2025-05-27,Delivery Delay,11.5,1,0
TKT704502,C103733,2024-09-18,Return Request,25.1,1,1
TKT704503,C103734,2025-07-07,Refund Request,5.8,4,0
TKT704504,C103735,2024-12-01,Return Request,24.8,1,1
TKT704505,C103735,2026-03-03,Billing Issue,13.1,1,0
TKT704506,C103736,2023-06-10,Refund Request,3.1,3,0
TKT704507,C103738,2026-07-23,Billing Issue,19.8,1,0
TKT704508,C103739,2026-04-04,Product Defect,22.8,2,0
TKT704509,C103739,2024-02-20,Billing Issue,6.3,2,0
TKT704510,C103740,2025-08-17,Technical Support,15.2,5,0
TKT704511,C103741,2025-09-28,Product Defect,8.8,4,0
TKT704512,C103741,2026-01-09,Return Request,3.7,2,0
TKT704513,C103745,2021-11-08,Refund Request,21.3,3,0
TKT704514,C103745,2023-01-02,Refund Request,4.5,1,0
TKT704515,C103747,2026-05-30,Billing Issue,6.4,2,0
TKT704516,C103751,2026-06-28,General Inquiry,8.1,3,0
TKT704517,C103752,2025-12-05,Account Access,6.4,3,0
TKT704518,C103752,2026-05-04,Product Defect,8.4,3,0
TKT704519,C103752,2026-06-24,Technical Support,9.7,3,0
TKT704520,C103753,2021-11-02,Account Access,4.9,3,0
TKT704521,C103753,2023-02-13,Delivery Delay,9.4,3,0
TKT704522,C103757,2026-08-08,Product Defect,3.0,1,0
TKT704523,C103758,2026-07-25,General Inquiry,13.1,4,0
TKT704524,C103758,2025-12-01,General Inquiry,30.3,3,0
TKT704525,C103758,2026-07-22,Billing Issue,17.1,2,0
TKT704526,C103762,2026-06-01,General Inquiry,0.7,3,0
TKT704527,C103762,2026-02-05,Product Defect,2.0,3,0
TKT704528,C103764,2022-03-16,Delivery Delay,4.1,3,1
TKT704529,C103764,2022-04-29,Account Access,17.9,4,0
TKT704530,C103764,2022-07-24,Technical Support,6.1,1,0
TKT704531,C103764,2023-11-28,Account Access,20.9,2,0
TKT704532,C103765,2024-12-18,Billing Issue,10.5,5,0
TKT704533,C103766,2026-01-07,Product Defect,18.1,3,0
TKT704534,C103767,2026-04-24,Delivery Delay,8.0,2,0
TKT704535,C103767,2024-06-29,Technical Support,12.3,2,0
TKT704536,C103771,2025-11-21,Product Defect,3.1,3,0
TKT704537,C103771,2025-09-15,Billing Issue,18.1,3,0
TKT704538,C103772,2026-02-18,Delivery Delay,16.8,2,0
TKT704539,C103772,2022-01-07,Refund Request,4.9,2,0
TKT704540,C103773,2026-07-15,Product Defect,16.4,3,0
TKT704541,C103773,2026-04-01,Account Access,32.7,2,0
TKT704542,C103773,2025-12-10,Billing Issue,24.5,3,0
TKT704543,C103774,2025-06-12,Technical Support,8.6,3,0
TKT704544,C103774,2024-10-03,Return Request,39.6,1,0
TKT704545,C103774,2023-08-29,Delivery Delay,8.6,2,0
TKT704546,C103774,2022-12-24,Technical Support,12.6,1,0
TKT704547,C103775,2025-04-06,Product Defect,10.6,1,0
TKT704548,C103775,2025-09-14,Product Defect,12.5,1,0
TKT704549,C103776,2023-07-11,Delivery Delay,13.5,4,0
TKT704550,C103780,2026-06-17,General Inquiry,22.7,3,0
TKT704551,C103780,2026-06-21,Technical Support,5.7,1,0
TKT704552,C103781,2023-07-29,Return Request,12.4,3,0
TKT704553,C103782,2026-01-12,Account Access,4.6,2,0
TKT704554,C103784,2026-04-19,Technical Support,13.4,3,1
TKT704555,C103784,2026-08-11,Billing Issue,3.7,3,0
TKT704556,C103785,2024-06-09,Technical Support,8.9,2,0
TKT704557,C103785,2026-04-16,Delivery Delay,19.1,3,0
TKT704558,C103785,2025-12-18,Account Access,13.4,1,0
TKT704559,C103786,2026-04-14,General Inquiry,7.1,4,0
TKT704560,C103787,2025-05-01,Account Access,8.0,1,0
TKT704561,C103787,2024-03-03,Return Request,9.6,2,0
TKT704562,C103787,2024-12-25,Delivery Delay,23.9,2,1
TKT704563,C103789,2026-07-09,Product Defect,8.9,1,0
TKT704564,C103789,2025-04-04,General Inquiry,17.1,1,0
TKT704565,C103789,2025-04-06,Delivery Delay,32.3,1,0
TKT704566,C103789,2024-11-04,Product Defect,18.8,1,0
TKT704567,C103790,2026-07-14,Account Access,19.9,2,0
TKT704568,C103791,2025-07-28,Technical Support,4.7,1,0
TKT704569,C103793,2023-12-20,Product Defect,12.1,2,0
TKT704570,C103794,2024-05-19,General Inquiry,9.2,5,0
TKT704571,C103797,2023-11-09,Product Defect,15.5,3,0
TKT704572,C103797,2021-05-07,Refund Request,11.2,2,0
TKT704573,C103799,2024-02-10,Account Access,29.6,3,1
TKT704574,C103800,2025-05-25,Account Access,54.8,3,0
TKT704575,C103801,2026-06-03,Technical Support,23.1,3,0
TKT704576,C103802,2025-12-22,General Inquiry,6.5,2,0
TKT704577,C103802,2026-05-09,Account Access,13.5,4,0
TKT704578,C103803,2024-04-28,Account Access,13.9,2,1
TKT704579,C103803,2025-04-28,Account Access,11.6,3,0
TKT704580,C103805,2026-07-29,Refund Request,15.3,1,0
TKT704581,C103805,2025-06-21,Return Request,17.9,2,0
TKT704582,C103806,2026-07-24,General Inquiry,6.4,2,0
TKT704583,C103808,2024-12-26,General Inquiry,4.2,1,1
TKT704584,C103808,2024-09-29,Refund Request,3.1,4,0
TKT704585,C103809,2025-10-07,General Inquiry,12.3,4,1
TKT704586,C103809,2025-09-12,Refund Request,15.5,3,0
TKT704587,C103809,2024-09-20,Refund Request,6.7,3,1
TKT704588,C103809,2026-08-07,Delivery Delay,18.0,1,0
TKT704589,C103811,2026-06-13,General Inquiry,26.9,1,0
TKT704590,C103811,2026-03-23,Account Access,7.2,2,1
TKT704591,C103811,2026-02-26,Return Request,23.9,1,0
TKT704592,C103812,2025-09-27,General Inquiry,26.3,5,0
TKT704593,C103813,2026-06-24,Technical Support,22.0,1,1
TKT704594,C103814,2023-12-24,Return Request,52.0,1,0
TKT704595,C103814,2025-07-04,Delivery Delay,7.4,1,1
TKT704596,C103815,2026-05-03,Refund Request,8.6,2,0
TKT704597,C103816,2025-02-20,Refund Request,14.0,2,0
TKT704598,C103816,2023-07-24,Product Defect,30.9,4,0
TKT704599,C103818,2025-02-03,Account Access,14.9,4,0
TKT704600,C103819,2025-05-28,Product Defect,6.4,5,0
TKT704601,C103822,2024-03-02,General Inquiry,24.0,2,0
TKT704602,C103822,2024-10-21,Delivery Delay,17.2,1,1
TKT704603,C103822,2026-01-10,Product Defect,7.9,2,0
TKT704604,C103824,2025-01-16,Technical Support,13.2,2,0
TKT704605,C103824,2025-08-25,Technical Support,17.7,3,0
TKT704606,C103824,2025-03-20,General Inquiry,11.8,1,0
TKT704607,C103825,2025-10-01,General Inquiry,8.9,3,0
TKT704608,C103826,2026-08-06,General Inquiry,13.1,2,0
TKT704609,C103827,2026-07-01,Product Defect,4.8,1,0
TKT704610,C103827,2026-06-26,Return Request,14.7,1,0
TKT704611,C103828,2023-04-20,Billing Issue,5.6,2,1
TKT704612,C103829,2024-02-05,Account Access,1.8,2,0
TKT704613,C103832,2024-11-10,Refund Request,5.8,4,0
TKT704614,C103833,2026-07-29,Technical Support,12.5,2,0
TKT704615,C103835,2025-02-21,Delivery Delay,13.1,2,0
TKT704616,C103835,2022-02-20,Technical Support,19.0,2,0
TKT704617,C103835,2021-08-13,Product Defect,31.0,3,0
TKT704618,C103836,2024-10-05,Delivery Delay,6.7,2,1
TKT704619,C103837,2024-12-28,Technical Support,12.8,3,0
TKT704620,C103838,2025-11-05,Product Defect,4.8,2,0
TKT704621,C103838,2026-08-03,Refund Request,1.6,1,0
TKT704622,C103838,2024-10-20,Return Request,35.1,1,0
TKT704623,C103840,2025-03-25,General Inquiry,5.1,5,1
TKT704624,C103840,2025-02-04,Account Access,7.2,2,1
TKT704625,C103841,2021-08-27,Billing Issue,11.5,2,0
TKT704626,C103846,2023-08-02,Delivery Delay,2.8,5,0
TKT704627,C103847,2026-04-16,Refund Request,1.5,3,0
TKT704628,C103847,2026-06-18,General Inquiry,14.5,3,0
TKT704629,C103847,2025-04-18,Product Defect,11.3,3,0
TKT704630,C103848,2026-04-01,Account Access,23.4,5,0
TKT704631,C103848,2026-06-14,Account Access,16.3,4,0
TKT704632,C103849,2022-11-06,Return Request,4.1,4,0
TKT704633,C103850,2025-11-03,General Inquiry,3.7,4,0
TKT704634,C103851,2023-06-01,Refund Request,32.1,4,0
TKT704635,C103851,2026-02-11,Refund Request,5.2,4,0
TKT704636,C103852,2025-10-05,General Inquiry,22.9,1,0
TKT704637,C103852,2026-02-11,Technical Support,6.6,3,0
TKT704638,C103853,2026-07-06,General Inquiry,23.0,1,0
TKT704639,C103853,2026-07-23,Refund Request,27.5,1,0
TKT704640,C103853,2026-07-25,General Inquiry,14.3,1,0
TKT704641,C103854,2026-04-25,Billing Issue,13.1,2,0
TKT704642,C103857,2023-09-30,Product Defect,12.1,4,0
TKT704643,C103859,2023-11-27,Account Access,12.4,4,0
TKT704644,C103860,2024-07-09,Billing Issue,21.8,2,1
TKT704645,C103860,2025-05-01,Technical Support,13.3,2,0
TKT704646,C103860,2024-09-03,Technical Support,16.0,3,1
TKT704647,C103862,2024-07-20,Product Defect,3.0,2,1
TKT704648,C103862,2024-06-01,Account Access,3.6,3,0
TKT704649,C103862,2025-12-18,Return Request,6.2,1,0
TKT704650,C103864,2026-01-03,Product Defect,2.7,2,0
TKT704651,C103864,2024-11-23,General Inquiry,3.6,3,0
TKT704652,C103865,2025-01-05,Refund Request,2.0,2,0
TKT704653,C103865,2024-10-10,Product Defect,8.0,5,1
TKT704654,C103865,2025-04-18,Technical Support,9.4,2,1
TKT704655,C103866,2026-04-05,General Inquiry,10.4,4,0
TKT704656,C103866,2026-04-25,Billing Issue,2.4,1,0
TKT704657,C103867,2025-03-24,Product Defect,17.4,4,0
TKT704658,C103870,2024-09-14,Account Access,27.1,3,0
TKT704659,C103871,2025-08-30,General Inquiry,14.5,3,0
TKT704660,C103873,2025-07-03,Billing Issue,14.8,3,0
TKT704661,C103874,2026-04-24,Billing Issue,10.5,3,1
TKT704662,C103875,2024-12-13,Refund Request,11.4,5,0
TKT704663,C103876,2026-07-24,Delivery Delay,21.5,3,0
TKT704664,C103878,2026-07-01,Technical Support,7.7,5,0
TKT704665,C103879,2025-09-15,Product Defect,15.5,4,0
TKT704666,C103880,2026-05-03,Product Defect,30.0,2,0
TKT704667,C103880,2026-01-02,General Inquiry,5.9,3,0
TKT704668,C103880,2025-08-19,Delivery Delay,11.6,2,1
TKT704669,C103889,2023-06-07,Delivery Delay,11.8,2,0
TKT704670,C103889,2024-08-15,Return Request,17.5,1,1
TKT704671,C103890,2026-06-25,Billing Issue,8.4,1,0
TKT704672,C103890,2023-12-30,Product Defect,34.3,2,0
TKT704673,C103891,2024-12-28,Return Request,9.7,3,0
TKT704674,C103892,2023-01-01,Technical Support,16.1,3,0
TKT704675,C103893,2026-07-03,General Inquiry,11.0,2,0
TKT704676,C103894,2024-09-27,General Inquiry,40.1,2,0
TKT704677,C103894,2026-03-20,Account Access,8.5,4,0
TKT704678,C103896,2025-10-04,Account Access,16.5,2,0
TKT704679,C103896,2026-01-30,Billing Issue,28.4,2,0
TKT704680,C103897,2024-02-12,Technical Support,3.8,4,0
TKT704681,C103898,2026-03-31,Billing Issue,30.0,2,1
TKT704682,C103898,2026-08-03,Technical Support,17.7,2,0
TKT704683,C103899,2026-08-06,Billing Issue,3.8,1,0
TKT704684,C103900,2025-04-06,Refund Request,21.6,3,0
TKT704685,C103900,2025-11-23,Delivery Delay,27.1,2,0
TKT704686,C103902,2026-06-18,Return Request,7.9,2,0
TKT704687,C103902,2026-03-12,Return Request,2.9,3,0
TKT704688,C103902,2026-04-06,Delivery Delay,5.9,4,0
TKT704689,C103904,2024-02-15,Billing Issue,27.0,1,0
TKT704690,C103904,2026-06-23,General Inquiry,14.0,3,0
TKT704691,C103906,2025-03-24,Delivery Delay,0.8,2,0
TKT704692,C103906,2023-03-06,General Inquiry,6.8,2,0
TKT704693,C103908,2024-02-12,Product Defect,4.3,2,0
TKT704694,C103908,2023-09-27,Billing Issue,7.5,4,0
TKT704695,C103909,2026-01-03,Billing Issue,2.7,1,0
TKT704696,C103910,2026-06-07,Product Defect,3.8,5,1
TKT704697,C103911,2025-09-04,Delivery Delay,21.5,2,0
TKT704698,C103911,2022-05-06,Return Request,29.6,4,0
TKT704699,C103912,2026-03-12,Billing Issue,10.2,3,0
TKT704700,C103913,2026-05-09,Account Access,11.2,2,0
TKT704701,C103914,2024-02-15,Delivery Delay,25.4,1,0
TKT704702,C103914,2025-01-10,Technical Support,40.5,1,0
TKT704703,C103914,2025-08-24,Product Defect,26.0,1,0
TKT704704,C103914,2024-08-14,Billing Issue,24.4,1,1
TKT704705,C103914,2023-03-06,Billing Issue,22.7,1,0
TKT704706,C103915,2025-09-29,Refund Request,13.9,2,0
TKT704707,C103915,2026-07-06,Delivery Delay,10.3,3,0
TKT704708,C103916,2025-05-29,Refund Request,4.3,2,0
TKT704709,C103916,2025-09-10,Product Defect,13.0,3,0
TKT704710,C103917,2025-05-20,Technical Support,11.0,1,0
TKT704711,C103917,2025-09-10,Product Defect,19.2,1,1
TKT704712,C103922,2026-01-29,Billing Issue,3.6,2,0
TKT704713,C103922,2026-06-14,General Inquiry,24.8,2,0
TKT704714,C103926,2025-07-16,Product Defect,15.3,1,0
TKT704715,C103927,2023-10-25,Delivery Delay,35.8,1,0
TKT704716,C103929,2024-11-02,Account Access,22.6,4,0
TKT704717,C103929,2025-07-09,Billing Issue,23.7,2,0
TKT704718,C103932,2026-06-15,Delivery Delay,10.6,2,0
TKT704719,C103932,2026-07-22,Delivery Delay,4.7,3,0
TKT704720,C103933,2025-06-19,Technical Support,6.6,3,0
TKT704721,C103933,2026-03-19,Delivery Delay,5.2,2,0
TKT704722,C103934,2022-07-07,Technical Support,8.2,2,0
TKT704723,C103935,2025-05-20,General Inquiry,20.2,2,0
TKT704724,C103936,2026-02-14,Account Access,10.0,1,1
TKT704725,C103937,2025-07-18,Delivery Delay,6.2,1,0
TKT704726,C103937,2025-11-27,Technical Support,52.8,1,0
TKT704727,C103937,2026-02-15,Return Request,18.1,1,0
TKT704728,C103937,2026-01-29,General Inquiry,26.4,1,0
TKT704729,C103938,2024-07-26,Billing Issue,23.3,1,1
TKT704730,C103938,2022-11-04,Billing Issue,3.9,2,0
TKT704731,C103938,2025-08-13,Technical Support,15.4,1,1
TKT704732,C103943,2026-08-02,Account Access,38.6,1,0
TKT704733,C103944,2026-03-17,Technical Support,17.1,4,0
TKT704734,C103945,2026-06-30,Refund Request,12.8,1,0
TKT704735,C103945,2026-07-16,Billing Issue,13.1,1,1
TKT704736,C103945,2026-06-16,Account Access,9.1,3,1
TKT704737,C103947,2026-05-04,Technical Support,4.1,3,0
TKT704738,C103948,2025-01-14,Return Request,3.6,2,0
TKT704739,C103948,2025-10-09,General Inquiry,15.5,4,0
TKT704740,C103949,2023-07-29,Billing Issue,8.3,3,0
TKT704741,C103949,2025-07-29,Account Access,22.3,3,0
TKT704742,C103952,2024-04-20,Product Defect,19.9,5,0
TKT704743,C103953,2026-02-03,Refund Request,30.8,1,0
TKT704744,C103953,2026-08-10,Technical Support,10.8,2,0
TKT704745,C103955,2025-11-23,Account Access,15.4,4,0
TKT704746,C103957,2022-03-14,Technical Support,32.7,2,1
TKT704747,C103957,2023-02-23,Return Request,12.9,1,1
TKT704748,C103958,2026-08-04,Delivery Delay,13.5,5,0
TKT704749,C103958,2026-05-26,Account Access,39.1,4,1
TKT704750,C103962,2026-07-07,Technical Support,52.2,5,0
TKT704751,C103962,2022-09-12,Billing Issue,7.5,3,0
TKT704752,C103964,2026-03-20,Return Request,9.4,2,0
TKT704753,C103964,2022-12-11,Technical Support,4.9,1,0
TKT704754,C103964,2023-03-25,Delivery Delay,21.1,3,0
TKT704755,C103966,2025-06-21,Delivery Delay,26.7,1,0
TKT704756,C103966,2025-10-04,Return Request,6.1,2,0
TKT704757,C103969,2026-02-15,Technical Support,52.0,2,0
TKT704758,C103969,2025-05-29,Refund Request,28.3,3,0
TKT704759,C103969,2025-09-26,Delivery Delay,3.8,1,0
TKT704760,C103971,2026-07-18,Delivery Delay,3.2,3,0
TKT704761,C103974,2023-07-12,General Inquiry,1.8,4,0
TKT704762,C103975,2024-02-07,Technical Support,9.4,1,0
TKT704763,C103975,2024-04-04,General Inquiry,9.7,2,0
TKT704764,C103975,2026-03-25,Refund Request,26.3,1,0
TKT704765,C103975,2025-09-11,Delivery Delay,38.3,1,1
TKT704766,C103976,2026-08-08,Billing Issue,32.4,1,0
TKT704767,C103977,2024-12-27,Billing Issue,24.5,1,0
TKT704768,C103978,2026-04-07,Product Defect,14.0,2,1
TKT704769,C103980,2023-11-11,Account Access,14.9,2,0
TKT704770,C103981,2024-01-29,Return Request,17.8,5,0
TKT704771,C103984,2021-04-24,Billing Issue,2.8,4,0
TKT704772,C103985,2024-05-11,Product Defect,11.6,1,0
TKT704773,C103985,2024-05-10,Account Access,11.8,1,0
TKT704774,C103985,2025-06-27,General Inquiry,37.7,2,0
TKT704775,C103985,2025-09-10,Account Access,16.3,2,1
TKT704776,C103988,2024-05-29,General Inquiry,14.6,4,0
TKT704777,C103990,2024-08-02,Refund Request,15.0,1,0
TKT704778,C103990,2025-02-02,Return Request,3.9,1,0
TKT704779,C103992,2026-06-01,Return Request,10.8,3,0
TKT704780,C103992,2026-06-01,General Inquiry,6.9,2,1
TKT704781,C103993,2023-02-02,Product Defect,13.9,4,0
TKT704782,C103994,2022-10-01,Account Access,9.6,1,0
TKT704783,C103994,2024-10-14,Product Defect,3.8,1,0
TKT704784,C103994,2023-10-21,Technical Support,15.4,2,0
TKT704785,C103995,2022-02-05,Delivery Delay,17.4,3,0
TKT704786,C103996,2025-12-22,General Inquiry,11.0,2,0
TKT704787,C103997,2026-06-29,Account Access,6.1,2,0
TKT704788,C103997,2025-02-26,Technical Support,8.4,1,0
TKT704789,C103997,2025-06-22,Account Access,7.2,2,1
TKT704790,C103998,2026-08-12,Account Access,10.3,3,0
TKT704791,C103998,2026-08-09,Return Request,21.9,3,0
TKT704792,C103998,2026-08-10,Refund Request,6.5,3,0
TKT704793,C103999,2024-05-31,Refund Request,17.2,1,0
TKT704794,C104000,2025-06-02,Delivery Delay,24.5,2,1
TKT704795,C104001,2026-01-27,Return Request,22.9,3,0
TKT704796,C104003,2026-03-04,Account Access,8.8,2,0
TKT704797,C104004,2025-05-22,Product Defect,13.7,2,0
TKT704798,C104004,2025-04-07,General Inquiry,8.1,2,0
TKT704799,C104005,2025-12-29,Return Request,13.7,1,0
TKT704800,C104006,2026-01-29,Product Defect,1.0,3,0
TKT704801,C104007,2023-07-15,Return Request,17.8,4,0
TKT704802,C104008,2023-10-16,Billing Issue,8.7,1,0
TKT704803,C104008,2024-03-21,Billing Issue,34.2,3,0
TKT704804,C104008,2024-12-11,Return Request,2.8,1,0
TKT704805,C104009,2022-05-22,Billing Issue,18.2,1,0
TKT704806,C104009,2022-05-01,Technical Support,31.7,2,0
TKT704807,C104011,2025-11-26,Billing Issue,4.6,1,1
TKT704808,C104011,2026-02-24,Delivery Delay,10.8,1,0
TKT704809,C104011,2025-03-16,Technical Support,20.7,4,0
TKT704810,C104011,2024-05-25,Product Defect,16.1,3,0
TKT704811,C104013,2024-09-04,Refund Request,6.3,2,0
TKT704812,C104015,2024-11-17,Account Access,7.0,4,0
TKT704813,C104015,2024-03-13,Technical Support,3.8,4,0
TKT704814,C104017,2026-02-08,Account Access,11.6,1,0
TKT704815,C104017,2025-06-19,Billing Issue,31.2,3,0
TKT704816,C104019,2025-06-24,Return Request,16.6,2,1
TKT704817,C104023,2025-11-13,Return Request,5.7,3,0
TKT704818,C104025,2024-04-24,Account Access,11.9,1,0
TKT704819,C104025,2024-10-12,General Inquiry,78.7,1,0
TKT704820,C104025,2024-12-26,Return Request,18.7,1,0
TKT704821,C104027,2026-02-17,Billing Issue,6.1,1,0
TKT704822,C104029,2024-12-03,Refund Request,9.6,4,0
TKT704823,C104032,2023-03-02,Technical Support,11.7,4,0
TKT704824,C104034,2023-02-01,Billing Issue,29.8,5,0
TKT704825,C104036,2026-05-27,Refund Request,9.6,2,1
TKT704826,C104036,2026-04-24,Account Access,19.4,1,0
TKT704827,C104036,2025-12-31,Account Access,24.4,1,0
TKT704828,C104037,2024-08-24,Billing Issue,9.9,2,0
TKT704829,C104037,2025-10-19,Billing Issue,36.7,3,0
TKT704830,C104038,2023-02-11,Delivery Delay,26.3,1,0
TKT704831,C104038,2025-05-23,Billing Issue,23.2,1,0
TKT704832,C104041,2025-04-02,Billing Issue,20.1,3,0
TKT704833,C104042,2025-02-22,Return Request,26.3,2,0
TKT704834,C104043,2025-08-04,General Inquiry,19.5,1,0
TKT704835,C104043,2026-01-07,Technical Support,13.8,1,0
TKT704836,C104045,2025-05-07,Refund Request,23.3,3,0
TKT704837,C104045,2026-06-21,Billing Issue,29.5,1,0
TKT704838,C104046,2022-11-11,Delivery Delay,20.7,2,0
TKT704839,C104047,2023-12-27,Product Defect,19.9,1,0
TKT704840,C104051,2026-03-09,Delivery Delay,6.6,1,0
TKT704841,C104053,2026-07-13,Delivery Delay,11.7,1,0
TKT704842,C104053,2026-07-22,Product Defect,26.6,1,0
TKT704843,C104054,2024-12-29,Technical Support,7.1,3,0
TKT704844,C104057,2023-07-07,Product Defect,30.9,1,0
TKT704845,C104057,2026-07-31,Return Request,40.3,1,0
TKT704846,C104057,2023-12-08,Technical Support,7.3,1,1
TKT704847,C104059,2026-02-22,Technical Support,4.1,1,1
TKT704848,C104059,2025-11-22,Product Defect,17.8,1,0
TKT704849,C104059,2025-12-10,Billing Issue,31.3,1,1
TKT704850,C104059,2025-12-03,Account Access,38.0,1,0
TKT704851,C104059,2026-03-17,Billing Issue,27.9,1,1
TKT704852,C104060,2026-07-24,Delivery Delay,8.2,3,0
TKT704853,C104061,2025-03-07,Billing Issue,30.2,1,1
TKT704854,C104061,2024-12-04,Return Request,7.6,2,0
TKT704855,C104065,2025-09-24,Account Access,1.7,3,0
TKT704856,C104066,2025-08-18,Billing Issue,22.8,2,0
TKT704857,C104066,2024-08-30,Refund Request,10.0,4,0
TKT704858,C104067,2026-05-29,Account Access,3.1,2,0
TKT704859,C104067,2026-07-26,Billing Issue,4.5,4,0
TKT704860,C104068,2025-09-28,Account Access,30.9,1,0
TKT704861,C104071,2025-01-31,Delivery Delay,9.9,4,0
TKT704862,C104072,2026-01-26,Delivery Delay,6.1,4,0
TKT704863,C104073,2026-05-22,General Inquiry,6.9,2,0
TKT704864,C104073,2026-07-28,Product Defect,9.5,3,0
TKT704865,C104074,2025-11-08,Return Request,3.5,3,0
TKT704866,C104074,2025-11-07,Billing Issue,11.4,4,0
TKT704867,C104077,2025-03-14,Account Access,12.5,2,0
TKT704868,C104077,2026-02-09,Product Defect,41.1,2,0
TKT704869,C104077,2025-01-27,Refund Request,15.4,2,0
TKT704870,C104079,2024-02-19,Return Request,7.5,1,0
TKT704871,C104083,2023-02-22,General Inquiry,6.7,1,0
TKT704872,C104085,2025-11-20,Account Access,9.5,3,0
TKT704873,C104085,2024-06-20,General Inquiry,4.0,4,0
TKT704874,C104086,2026-04-19,Product Defect,3.9,4,0
TKT704875,C104086,2026-03-14,Refund Request,14.8,3,1
TKT704876,C104086,2026-07-22,Technical Support,26.8,3,0
TKT704877,C104087,2025-10-02,Billing Issue,2.0,4,0
TKT704878,C104088,2023-05-17,General Inquiry,26.7,1,0
TKT704879,C104088,2025-06-24,Technical Support,6.9,1,0
TKT704880,C104089,2025-09-09,Product Defect,8.6,4,0
TKT704881,C104090,2026-07-21,Return Request,4.0,2,0
TKT704882,C104091,2026-07-20,Return Request,8.4,3,0
TKT704883,C104091,2026-05-03,Refund Request,10.1,3,1
TKT704884,C104092,2022-02-13,Return Request,44.6,1,0
TKT704885,C104092,2021-12-14,Technical Support,9.3,3,1
TKT704886,C104092,2025-10-16,Product Defect,46.1,1,0
TKT704887,C104094,2025-02-13,Delivery Delay,4.7,1,0
TKT704888,C104094,2026-01-08,Return Request,3.7,2,0
TKT704889,C104097,2026-05-16,Delivery Delay,31.0,2,0
TKT704890,C104097,2025-03-26,Billing Issue,33.7,2,0
TKT704891,C104099,2025-11-05,General Inquiry,20.3,1,0
TKT704892,C104099,2025-08-08,General Inquiry,20.2,1,0
TKT704893,C104100,2023-12-21,Product Defect,13.9,4,0
TKT704894,C104101,2026-05-26,Product Defect,5.5,5,0
TKT704895,C104102,2025-09-13,Account Access,8.2,1,0
TKT704896,C104105,2025-06-15,Return Request,8.2,1,0
TKT704897,C104106,2023-12-07,Billing Issue,13.8,1,1
TKT704898,C104106,2024-03-26,Return Request,16.6,2,1
TKT704899,C104106,2024-10-07,Product Defect,22.4,1,0
TKT704900,C104106,2025-03-02,Billing Issue,15.0,1,0
TKT704901,C104107,2026-02-08,Return Request,26.9,3,0
TKT704902,C104107,2026-07-06,Delivery Delay,2.6,3,0
TKT704903,C104108,2025-09-14,Refund Request,9.0,1,0
TKT704904,C104109,2024-03-07,Refund Request,28.2,1,0
TKT704905,C104109,2026-01-25,Return Request,13.8,1,0
TKT704906,C104109,2024-02-02,Delivery Delay,23.1,1,0
TKT704907,C104110,2026-03-04,Delivery Delay,5.9,1,0
TKT704908,C104110,2026-04-22,Product Defect,6.4,2,0
TKT704909,C104110,2024-09-27,Billing Issue,1.4,1,0
TKT704910,C104111,2025-09-10,Delivery Delay,5.5,1,1
TKT704911,C104111,2024-08-02,Return Request,29.0,4,1
TKT704912,C104111,2025-05-25,Delivery Delay,24.8,5,0
TKT704913,C104112,2026-01-09,Product Defect,1.4,3,0
TKT704914,C104112,2026-04-22,Delivery Delay,4.0,2,0
TKT704915,C104112,2026-04-04,Delivery Delay,27.0,3,0
TKT704916,C104113,2025-07-24,Technical Support,19.3,1,0
TKT704917,C104113,2025-06-07,Product Defect,23.6,1,0
TKT704918,C104115,2024-12-24,Return Request,3.8,3,0
TKT704919,C104117,2026-07-29,Billing Issue,25.2,1,0
TKT704920,C104117,2026-08-07,Billing Issue,18.5,1,0
TKT704921,C104117,2026-08-01,Refund Request,30.9,1,1
TKT704922,C104117,2026-07-31,General Inquiry,20.1,1,0
TKT704923,C104118,2026-07-29,Delivery Delay,26.3,3,0
TKT704924,C104119,2026-05-22,General Inquiry,24.4,4,0
TKT704925,C104121,2024-04-03,Refund Request,22.7,1,0
TKT704926,C104121,2026-01-25,Return Request,7.7,1,0
TKT704927,C104121,2024-07-14,Refund Request,37.1,2,0
TKT704928,C104122,2024-05-16,Product Defect,55.6,2,0
TKT704929,C104122,2025-05-11,Account Access,3.6,2,0
TKT704930,C104122,2026-05-02,General Inquiry,11.2,1,0
TKT704931,C104123,2025-12-09,Return Request,37.0,2,1
TKT704932,C104123,2026-03-19,General Inquiry,3.1,1,1
TKT704933,C104125,2025-10-30,Technical Support,11.2,4,0
TKT704934,C104126,2026-05-22,Account Access,32.0,1,0
TKT704935,C104126,2024-11-12,Product Defect,11.1,3,0
TKT704936,C104128,2026-05-19,Refund Request,18.4,3,0
TKT704937,C104131,2026-05-29,Product Defect,23.2,3,0
TKT704938,C104131,2026-06-03,General Inquiry,23.6,1,0
TKT704939,C104132,2022-09-06,Product Defect,15.2,2,0
TKT704940,C104132,2022-11-20,General Inquiry,12.8,3,1
TKT704941,C104133,2023-11-18,Refund Request,40.8,1,0
TKT704942,C104134,2026-03-12,Product Defect,22.9,3,1
TKT704943,C104135,2025-02-03,Refund Request,33.8,1,0
TKT704944,C104135,2025-03-08,Refund Request,18.1,2,1
TKT704945,C104135,2025-03-17,Technical Support,11.4,2,0
TKT704946,C104136,2024-12-09,Refund Request,17.1,3,0
TKT704947,C104137,2025-01-01,Billing Issue,22.8,1,0
TKT704948,C104137,2026-07-27,Account Access,24.6,3,0
TKT704949,C104138,2026-04-19,Account Access,12.7,2,0
TKT704950,C104138,2025-09-09,Technical Support,3.0,3,0
TKT704951,C104138,2023-12-18,Technical Support,1.3,5,0
TKT704952,C104139,2025-01-21,Product Defect,6.5,1,0
TKT704953,C104139,2024-06-11,Product Defect,17.0,2,0
TKT704954,C104139,2026-02-23,Product Defect,10.5,1,1
TKT704955,C104140,2026-06-16,Return Request,3.9,1,0
TKT704956,C104140,2023-07-17,Product Defect,18.9,2,0
TKT704957,C104142,2025-09-23,Technical Support,9.4,5,0
TKT704958,C104144,2024-05-24,Account Access,13.2,1,0
TKT704959,C104144,2025-03-05,Product Defect,24.2,1,0
TKT704960,C104145,2025-10-19,Billing Issue,23.7,3,0
TKT704961,C104145,2025-07-04,Product Defect,17.8,2,0
TKT704962,C104147,2025-04-22,Product Defect,29.4,4,0
TKT704963,C104148,2026-06-01,Return Request,4.0,4,0
TKT704964,C104149,2023-08-30,Billing Issue,11.1,4,0
TKT704965,C104149,2024-12-12,Billing Issue,13.3,2,0
TKT704966,C104149,2025-07-21,Refund Request,20.4,4,0
TKT704967,C104150,2021-10-17,Delivery Delay,11.9,4,0
TKT704968,C104151,2026-01-23,Return Request,3.0,2,0
TKT704969,C104153,2026-05-21,Return Request,8.1,3,0
TKT704970,C104154,2022-09-27,Billing Issue,10.3,3,0
TKT704971,C104155,2023-08-05,Billing Issue,20.4,1,0
TKT704972,C104156,2025-04-18,Refund Request,10.7,1,1
TKT704973,C104156,2026-07-09,Return Request,24.6,2,0
TKT704974,C104156,2026-05-10,Product Defect,14.2,3,0
TKT704975,C104158,2025-12-03,Return Request,3.0,5,0
TKT704976,C104160,2026-07-31,Billing Issue,6.5,1,0
TKT704977,C104160,2026-07-24,Delivery Delay,19.7,1,0
TKT704978,C104160,2026-07-22,Return Request,20.6,1,0
TKT704979,C104161,2026-05-21,Return Request,10.3,3,0
TKT704980,C104161,2026-04-16,Delivery Delay,10.9,4,0
TKT704981,C104162,2026-02-25,General Inquiry,7.1,4,0
TKT704982,C104163,2026-05-20,Delivery Delay,18.8,3,0
TKT704983,C104164,2025-01-31,Product Defect,5.2,2,0
TKT704984,C104167,2024-09-04,Account Access,8.3,1,0
TKT704985,C104168,2026-01-15,General Inquiry,2.6,2,1
TKT704986,C104168,2026-02-04,Technical Support,30.8,1,1
TKT704987,C104170,2026-07-15,Account Access,3.0,1,0
TKT704988,C104170,2026-03-27,Delivery Delay,33.2,1,1
TKT704989,C104170,2025-04-04,Product Defect,0.4,3,0
TKT704990,C104170,2024-11-22,Technical Support,22.9,1,0
TKT704991,C104170,2024-02-11,Technical Support,10.7,3,0
TKT704992,C104172,2026-07-31,Product Defect,4.5,1,0
TKT704993,C104172,2026-05-27,Account Access,11.0,2,0
TKT704994,C104173,2024-09-06,Account Access,7.0,1,0
TKT704995,C104176,2024-06-21,Product Defect,6.7,4,0
TKT704996,C104177,2024-03-21,Technical Support,27.5,1,0
TKT704997,C104177,2025-03-20,General Inquiry,7.4,1,0
TKT704998,C104179,2025-10-08,Account Access,10.5,3,0
TKT704999,C104180,2024-08-14,Billing Issue,6.6,1,0
TKT705000,C104181,2026-03-30,Account Access,4.1,4,0
TKT705001,C104181,2026-07-30,Technical Support,9.1,2,0
TKT705002,C104182,2026-04-21,Account Access,6.5,4,0
TKT705003,C104183,2025-10-03,Technical Support,12.4,1,0
TKT705004,C104184,2026-08-02,Refund Request,22.7,3,0
TKT705005,C104184,2026-06-10,Technical Support,5.5,3,0
TKT705006,C104185,2025-09-21,Product Defect,20.7,3,0
TKT705007,C104186,2022-03-12,Billing Issue,12.5,4,0
TKT705008,C104186,2025-01-14,Product Defect,12.5,2,0
TKT705009,C104187,2026-04-03,General Inquiry,5.1,1,0
TKT705010,C104187,2026-06-07,Return Request,21.4,2,0
TKT705011,C104187,2025-10-24,Billing Issue,4.8,1,0
TKT705012,C104189,2025-02-15,Return Request,8.9,2,0
TKT705013,C104189,2023-09-16,Refund Request,8.4,1,0
TKT705014,C104190,2026-08-11,General Inquiry,14.3,1,0
TKT705015,C104190,2026-07-30,General Inquiry,3.8,2,0
TKT705016,C104192,2026-05-09,Billing Issue,24.9,2,0
TKT705017,C104192,2026-06-28,Product Defect,25.9,4,0
TKT705018,C104193,2025-06-30,Return Request,12.3,2,1
TKT705019,C104193,2023-10-15,Technical Support,15.7,4,0
TKT705020,C104195,2024-02-11,Refund Request,42.2,2,0
TKT705021,C104196,2026-01-30,Account Access,50.1,1,0
TKT705022,C104196,2026-07-09,Return Request,8.7,1,1
TKT705023,C104198,2025-03-06,General Inquiry,18.1,1,0
TKT705024,C104198,2022-09-25,Return Request,24.2,3,0
TKT705025,C104198,2022-07-21,Delivery Delay,3.3,1,0
TKT705026,C104198,2023-04-01,Product Defect,7.5,2,0
TKT705027,C104199,2026-03-16,General Inquiry,27.6,1,0
TKT705028,C104199,2025-09-22,Product Defect,38.2,1,0
TKT705029,C104199,2025-01-22,General Inquiry,19.2,1,0
TKT705030,C104202,2026-06-02,Return Request,26.5,1,1
TKT705031,C104202,2025-12-28,Delivery Delay,5.1,1,0
TKT705032,C104202,2026-08-01,Return Request,37.3,1,0
TKT705033,C104204,2025-05-18,Technical Support,4.8,5,0
TKT705034,C104205,2024-03-12,Product Defect,14.7,1,0
TKT705035,C104205,2024-04-24,Product Defect,9.3,2,1
TKT705036,C104205,2026-01-02,General Inquiry,32.2,1,0
TKT705037,C104205,2024-01-12,General Inquiry,26.1,2,0
TKT705038,C104205,2023-01-20,General Inquiry,17.4,1,0
TKT705039,C104207,2023-04-27,Delivery Delay,10.0,2,1
TKT705040,C104208,2026-07-09,Delivery Delay,5.3,2,0
TKT705041,C104209,2024-01-27,Return Request,31.0,1,0
TKT705042,C104209,2025-08-13,Delivery Delay,10.2,1,0
TKT705043,C104211,2026-07-01,Account Access,17.2,1,1
TKT705044,C104211,2026-08-01,Billing Issue,30.6,1,0
TKT705045,C104213,2025-06-08,Product Defect,4.8,2,0
TKT705046,C104216,2021-12-19,Technical Support,17.6,4,0
TKT705047,C104216,2026-05-28,Return Request,1.1,3,0
TKT705048,C104218,2025-12-30,Account Access,16.6,2,0
TKT705049,C104219,2026-06-23,Account Access,43.1,2,0
TKT705050,C104219,2024-08-04,Delivery Delay,39.5,2,0
TKT705051,C104220,2026-07-21,General Inquiry,8.8,2,0
TKT705052,C104220,2025-12-10,Billing Issue,8.6,3,0
TKT705053,C104220,2026-06-28,General Inquiry,29.7,3,0
TKT705054,C104220,2026-04-01,Billing Issue,9.3,4,0
TKT705055,C104222,2026-06-13,Billing Issue,6.9,1,0
TKT705056,C104222,2023-12-13,Account Access,21.8,4,0
TKT705057,C104222,2024-07-10,Return Request,3.6,2,1
TKT705058,C104223,2025-06-08,Account Access,36.9,4,0
TKT705059,C104223,2026-06-04,General Inquiry,16.7,2,0
TKT705060,C104224,2026-04-28,Delivery Delay,30.2,3,0
TKT705061,C104224,2026-02-12,Technical Support,9.6,4,0
TKT705062,C104227,2026-06-13,Billing Issue,6.0,3,0
TKT705063,C104228,2024-05-26,Refund Request,2.6,3,0
TKT705064,C104233,2024-12-10,Refund Request,22.4,3,0
TKT705065,C104234,2023-10-07,Refund Request,41.9,1,0
TKT705066,C104234,2022-02-02,Refund Request,11.5,1,0
TKT705067,C104235,2026-05-09,Refund Request,10.6,2,0
TKT705068,C104235,2026-07-20,Return Request,27.4,4,0
TKT705069,C104235,2026-05-30,Delivery Delay,34.4,3,0
TKT705070,C104235,2026-03-14,General Inquiry,7.6,2,0
TKT705071,C104238,2026-07-07,Technical Support,3.2,1,0
TKT705072,C104238,2024-08-26,Return Request,30.0,1,0
TKT705073,C104240,2022-12-18,Return Request,4.7,5,0
TKT705074,C104240,2022-08-20,Account Access,17.8,3,0
TKT705075,C104241,2024-09-22,Technical Support,3.1,2,0
TKT705076,C104241,2025-12-25,Technical Support,24.2,1,0
TKT705077,C104241,2024-11-28,Delivery Delay,16.1,1,0
TKT705078,C104242,2025-08-02,Technical Support,40.8,2,0
TKT705079,C104243,2026-08-04,Account Access,19.0,4,0
TKT705080,C104244,2026-05-25,Account Access,21.4,1,0
TKT705081,C104244,2025-01-16,Delivery Delay,7.0,1,1
TKT705082,C104244,2024-04-02,Technical Support,24.3,2,0
TKT705083,C104244,2025-12-09,Return Request,60.5,1,0
TKT705084,C104245,2023-06-25,Technical Support,24.8,1,0
TKT705085,C104245,2026-03-16,Delivery Delay,20.3,1,0
TKT705086,C104245,2023-10-17,Product Defect,31.3,1,0
TKT705087,C104245,2026-06-29,General Inquiry,23.0,1,0
TKT705088,C104246,2023-04-17,Delivery Delay,18.5,2,1
TKT705089,C104247,2024-05-19,Refund Request,17.7,1,0
TKT705090,C104247,2026-03-31,General Inquiry,19.8,2,0
TKT705091,C104247,2024-08-12,Return Request,4.1,2,0
TKT705092,C104250,2025-07-07,Billing Issue,22.5,1,0
TKT705093,C104252,2023-04-30,Refund Request,9.9,4,0
TKT705094,C104253,2026-03-14,Delivery Delay,7.0,3,0
TKT705095,C104254,2022-07-10,Return Request,10.5,4,0
TKT705096,C104254,2023-07-20,Product Defect,9.2,3,0
TKT705097,C104255,2026-06-22,Refund Request,3.1,3,0
TKT705098,C104258,2026-03-29,Product Defect,36.0,1,1
TKT705099,C104258,2026-06-07,Delivery Delay,14.9,1,0
TKT705100,C104258,2024-12-30,Refund Request,5.7,1,0
TKT705101,C104260,2024-09-24,Billing Issue,33.4,4,0
TKT705102,C104263,2025-03-13,Product Defect,6.5,4,0
TKT705103,C104264,2024-08-08,General Inquiry,9.3,1,0
TKT705104,C104265,2026-05-21,Refund Request,28.1,4,0
TKT705105,C104266,2022-03-15,Product Defect,16.5,3,0
TKT705106,C104266,2024-08-15,Technical Support,6.9,1,0
TKT705107,C104266,2024-11-21,Delivery Delay,8.1,1,0
TKT705108,C104268,2023-10-14,Technical Support,8.2,3,0
TKT705109,C104268,2024-11-13,Product Defect,5.2,3,0
TKT705110,C104270,2025-05-07,Account Access,6.4,4,0
TKT705111,C104271,2023-04-10,Account Access,8.6,2,0
TKT705112,C104271,2024-07-09,Return Request,16.1,3,0
TKT705113,C104275,2026-06-07,Product Defect,3.5,4,0
TKT705114,C104275,2025-10-12,Return Request,5.8,2,0
TKT705115,C104278,2026-06-13,General Inquiry,7.8,4,0
TKT705116,C104280,2025-06-27,Delivery Delay,45.2,1,0
TKT705117,C104280,2026-07-30,Delivery Delay,23.5,1,1
TKT705118,C104280,2026-06-29,Product Defect,33.7,1,0
TKT705119,C104280,2025-08-27,Refund Request,7.0,1,0
TKT705120,C104280,2026-01-25,General Inquiry,5.9,1,1
TKT705121,C104282,2025-02-21,Technical Support,38.8,5,0
TKT705122,C104283,2026-07-26,Technical Support,22.1,2,0
TKT705123,C104283,2026-04-01,Refund Request,10.9,1,1
TKT705124,C104286,2023-11-11,Technical Support,23.2,1,0
TKT705125,C104286,2023-01-02,Technical Support,19.2,4,0
TKT705126,C104287,2024-07-10,Product Defect,29.1,1,0
TKT705127,C104287,2024-12-12,Return Request,26.4,2,0
TKT705128,C104288,2024-08-30,Refund Request,19.2,2,0
TKT705129,C104288,2026-07-31,Return Request,7.0,3,0
TKT705130,C104290,2024-07-14,Billing Issue,70.4,1,0
TKT705131,C104290,2024-04-09,Delivery Delay,34.9,2,0
TKT705132,C104290,2022-12-27,Billing Issue,2.1,1,0
TKT705133,C104291,2025-06-21,Product Defect,3.4,4,0
TKT705134,C104291,2025-10-05,Return Request,7.6,3,0
TKT705135,C104291,2025-08-03,Refund Request,18.2,3,0
TKT705136,C104292,2025-10-24,Account Access,21.7,3,1
TKT705137,C104292,2026-07-19,Delivery Delay,3.7,4,0
TKT705138,C104292,2024-11-25,Account Access,1.6,2,0
TKT705139,C104294,2024-11-05,Product Defect,3.8,2,0
TKT705140,C104295,2022-05-03,Delivery Delay,11.4,1,0
TKT705141,C104298,2022-10-24,Product Defect,30.4,1,1
TKT705142,C104298,2025-06-05,Account Access,1.3,3,0
TKT705143,C104298,2021-12-25,Return Request,3.0,3,1
TKT705144,C104298,2025-11-15,Account Access,9.9,1,0
TKT705145,C104298,2023-07-15,Account Access,41.0,3,0
TKT705146,C104300,2024-10-17,Return Request,4.3,1,0
TKT705147,C104303,2026-01-05,Account Access,7.7,4,0
TKT705148,C104306,2026-04-02,Product Defect,36.5,1,0
TKT705149,C104306,2026-06-23,Return Request,10.0,1,1
TKT705150,C104306,2026-05-14,Return Request,31.2,1,0
TKT705151,C104307,2025-04-30,Delivery Delay,3.4,4,0
TKT705152,C104307,2026-02-03,Delivery Delay,4.5,3,0
TKT705153,C104308,2026-01-01,Product Defect,8.3,3,1
TKT705154,C104309,2025-04-01,Billing Issue,11.2,2,0
TKT705155,C104309,2021-12-16,Product Defect,5.3,3,0
TKT705156,C104310,2024-01-04,Refund Request,15.7,3,0
TKT705157,C104311,2026-07-13,Product Defect,14.6,1,0
TKT705158,C104311,2026-06-27,Technical Support,9.7,1,0
TKT705159,C104311,2025-04-11,General Inquiry,8.5,1,1
TKT705160,C104313,2024-07-10,Refund Request,3.9,3,0
TKT705161,C104314,2024-05-23,Billing Issue,53.8,2,0
TKT705162,C104314,2025-03-23,Return Request,4.3,2,0
TKT705163,C104316,2025-08-04,Return Request,4.1,3,0
TKT705164,C104317,2025-07-18,Refund Request,4.7,2,0
TKT705165,C104317,2025-11-06,Product Defect,48.0,1,0
TKT705166,C104318,2025-04-11,Refund Request,26.5,3,0
TKT705167,C104318,2025-08-11,Refund Request,14.6,3,0
TKT705168,C104319,2022-03-26,Product Defect,6.4,2,0
TKT705169,C104320,2026-05-07,Product Defect,1.9,2,0
TKT705170,C104320,2026-06-25,Billing Issue,20.3,1,0
TKT705171,C104320,2024-07-21,Delivery Delay,30.6,1,1
TKT705172,C104320,2026-05-17,Account Access,48.8,1,1
TKT705173,C104320,2026-08-05,Return Request,20.3,1,1
TKT705174,C104321,2023-07-30,Refund Request,17.4,3,0
TKT705175,C104323,2026-08-03,General Inquiry,1.4,1,1
TKT705176,C104323,2026-01-05,Account Access,2.3,3,0
TKT705177,C104323,2026-06-22,Technical Support,7.9,2,0
TKT705178,C104325,2026-03-09,Return Request,25.0,2,0
TKT705179,C104325,2024-06-12,Product Defect,27.4,3,0
TKT705180,C104325,2025-09-19,General Inquiry,24.3,3,0
TKT705181,C104326,2026-03-25,Technical Support,31.9,2,0
TKT705182,C104326,2025-08-09,Billing Issue,6.2,2,1
TKT705183,C104327,2026-07-28,Account Access,15.5,2,0
TKT705184,C104327,2026-05-23,Refund Request,31.7,2,0
TKT705185,C104329,2025-04-16,Refund Request,8.6,1,0
TKT705186,C104329,2024-11-24,Delivery Delay,33.0,1,0
TKT705187,C104330,2024-09-07,Return Request,7.2,1,0
TKT705188,C104330,2024-10-15,Refund Request,4.7,1,0
TKT705189,C104330,2023-06-02,Account Access,85.0,1,0
TKT705190,C104331,2026-03-30,Account Access,11.7,4,0
TKT705191,C104331,2025-03-20,Refund Request,6.1,2,0
TKT705192,C104331,2024-04-13,Product Defect,14.3,3,0
TKT705193,C104331,2026-04-21,Delivery Delay,12.0,4,0
TKT705194,C104331,2026-01-21,Delivery Delay,24.3,1,0
TKT705195,C104335,2025-04-02,General Inquiry,37.1,3,0
TKT705196,C104336,2026-02-22,Technical Support,25.7,1,0
TKT705197,C104337,2025-04-15,Product Defect,29.4,3,0
TKT705198,C104338,2024-07-13,Product Defect,26.2,1,0
TKT705199,C104339,2024-03-31,Refund Request,14.6,3,0
TKT705200,C104340,2024-07-06,Refund Request,5.3,3,0
TKT705201,C104340,2026-03-12,Technical Support,4.7,3,1
TKT705202,C104341,2026-02-08,Account Access,7.3,2,0
TKT705203,C104341,2024-11-15,Return Request,5.4,3,0
TKT705204,C104341,2026-01-12,Product Defect,27.4,2,0
TKT705205,C104342,2025-10-25,Delivery Delay,10.0,1,0
TKT705206,C104342,2025-12-06,Refund Request,4.5,2,0
TKT705207,C104343,2025-07-19,Billing Issue,44.9,1,0
TKT705208,C104343,2025-11-17,Account Access,23.5,1,0
TKT705209,C104343,2026-01-24,Delivery Delay,2.8,1,0
TKT705210,C104343,2025-09-21,Refund Request,15.4,1,0
TKT705211,C104343,2025-11-06,General Inquiry,18.8,1,1
TKT705212,C104345,2024-07-02,Technical Support,20.7,2,1
TKT705213,C104347,2025-05-27,Return Request,6.2,2,0
TKT705214,C104347,2024-04-17,Technical Support,4.8,2,0
TKT705215,C104348,2025-10-19,Billing Issue,10.5,1,0
TKT705216,C104350,2024-07-30,Refund Request,3.3,3,0
TKT705217,C104350,2024-01-31,Billing Issue,17.5,3,0
TKT705218,C104351,2026-07-21,General Inquiry,8.6,1,1
TKT705219,C104351,2025-04-17,Billing Issue,11.9,1,0
TKT705220,C104352,2026-04-28,General Inquiry,21.4,3,0
TKT705221,C104352,2023-09-17,Billing Issue,7.6,2,0
TKT705222,C104354,2025-08-04,Billing Issue,23.2,3,0
TKT705223,C104355,2024-09-30,General Inquiry,15.8,4,1
TKT705224,C104355,2022-07-28,Delivery Delay,4.2,1,0
TKT705225,C104355,2022-12-01,Product Defect,37.9,2,0
TKT705226,C104355,2025-08-05,General Inquiry,6.9,1,0
TKT705227,C104356,2022-12-13,Refund Request,17.7,2,0
TKT705228,C104356,2023-09-15,General Inquiry,8.8,1,0
TKT705229,C104356,2025-06-09,Technical Support,11.6,4,0
TKT705230,C104357,2026-07-07,Product Defect,4.0,1,0
TKT705231,C104357,2026-01-24,Billing Issue,50.3,2,1
TKT705232,C104358,2024-11-27,Product Defect,23.4,2,0
TKT705233,C104358,2025-06-05,Account Access,2.9,1,0
TKT705234,C104359,2025-08-04,Return Request,10.6,1,0
TKT705235,C104359,2021-09-23,Product Defect,25.1,1,1
TKT705236,C104359,2023-07-02,Product Defect,18.0,1,0
TKT705237,C104360,2026-06-04,Technical Support,10.6,3,0
TKT705238,C104360,2026-05-07,Return Request,18.7,2,0
TKT705239,C104361,2025-05-15,Delivery Delay,29.5,1,0
TKT705240,C104361,2024-06-14,Product Defect,9.9,3,0
TKT705241,C104361,2024-01-26,Product Defect,23.5,1,0
TKT705242,C104364,2026-07-14,Refund Request,0.9,3,0
TKT705243,C104364,2026-05-03,Product Defect,27.5,3,0
TKT705244,C104366,2022-12-18,Account Access,3.9,3,0
TKT705245,C104366,2022-02-04,Account Access,28.4,1,0
TKT705246,C104367,2025-10-30,Technical Support,10.4,4,0
TKT705247,C104370,2026-05-03,Billing Issue,4.1,3,0
TKT705248,C104370,2026-06-07,Technical Support,5.7,3,0
TKT705249,C104372,2026-03-13,Technical Support,18.4,3,1
TKT705250,C104372,2026-06-26,Technical Support,6.0,3,0
TKT705251,C104373,2023-03-30,Billing Issue,12.2,5,0
TKT705252,C104373,2022-11-26,Billing Issue,5.4,4,0
TKT705253,C104373,2024-04-05,Return Request,13.9,5,0
TKT705254,C104375,2025-04-05,Technical Support,15.3,2,0
TKT705255,C104375,2026-02-01,Delivery Delay,41.7,1,0
TKT705256,C104376,2026-01-09,Delivery Delay,15.8,2,0
TKT705257,C104376,2026-07-12,Refund Request,4.8,1,1
TKT705258,C104377,2023-11-02,Return Request,12.3,3,0
TKT705259,C104378,2024-03-29,Technical Support,14.7,2,0
TKT705260,C104378,2021-10-20,Delivery Delay,5.2,2,0
TKT705261,C104378,2021-10-16,Return Request,29.9,2,0
TKT705262,C104379,2025-07-27,Delivery Delay,49.4,2,0
TKT705263,C104379,2023-05-12,Account Access,4.0,3,0
TKT705264,C104379,2023-12-15,Delivery Delay,13.0,3,0
TKT705265,C104379,2026-06-04,Refund Request,12.9,2,1
TKT705266,C104380,2025-01-09,Technical Support,4.3,2,0
TKT705267,C104380,2025-12-27,Technical Support,10.0,1,0
TKT705268,C104380,2024-10-05,Technical Support,30.4,4,0
TKT705269,C104380,2025-09-29,Billing Issue,6.4,3,0
TKT705270,C104381,2026-06-22,Billing Issue,22.2,2,0
TKT705271,C104381,2026-02-23,General Inquiry,7.2,4,1
TKT705272,C104382,2025-01-25,General Inquiry,9.9,1,0
TKT705273,C104382,2025-03-18,Delivery Delay,33.1,5,0
TKT705274,C104383,2025-05-21,Delivery Delay,9.2,2,0
TKT705275,C104383,2025-05-22,Return Request,15.0,1,0
TKT705276,C104384,2026-04-24,Technical Support,7.3,2,0
TKT705277,C104384,2025-10-25,Technical Support,25.9,3,1
TKT705278,C104384,2026-06-06,General Inquiry,8.5,1,0
TKT705279,C104384,2024-03-28,Return Request,5.1,1,1
TKT705280,C104386,2025-04-29,Return Request,17.5,4,1
TKT705281,C104386,2025-05-16,Billing Issue,6.4,2,0
TKT705282,C104387,2026-05-31,Account Access,13.5,2,1
TKT705283,C104387,2024-04-19,Billing Issue,8.9,4,0
TKT705284,C104389,2025-05-25,Return Request,13.4,2,0
TKT705285,C104390,2024-10-22,General Inquiry,8.6,4,0
TKT705286,C104391,2025-04-02,Return Request,22.8,5,0
TKT705287,C104392,2026-06-04,General Inquiry,29.2,3,0
TKT705288,C104393,2025-10-03,Refund Request,10.0,2,0
TKT705289,C104394,2025-12-30,Delivery Delay,5.8,1,0
TKT705290,C104394,2024-12-11,General Inquiry,5.9,2,0
TKT705291,C104396,2026-04-25,Product Defect,6.0,3,1
TKT705292,C104399,2023-05-07,Return Request,55.8,1,1
TKT705293,C104399,2026-03-31,Account Access,1.3,1,0
TKT705294,C104401,2025-04-01,General Inquiry,8.7,4,0
TKT705295,C104401,2022-12-15,Return Request,6.1,4,0
TKT705296,C104403,2026-03-17,Product Defect,15.5,2,0
TKT705297,C104403,2026-04-01,Account Access,27.9,2,0
TKT705298,C104403,2026-05-27,Technical Support,42.7,1,0
TKT705299,C104403,2025-04-25,Account Access,9.1,1,0
TKT705300,C104403,2025-06-10,Refund Request,22.5,1,0
TKT705301,C104407,2026-06-16,Account Access,10.4,2,0
TKT705302,C104407,2026-05-27,General Inquiry,0.8,3,0
TKT705303,C104407,2026-07-04,Product Defect,10.5,4,0
TKT705304,C104408,2026-06-28,Delivery Delay,27.0,1,0
TKT705305,C104409,2023-09-26,Billing Issue,12.0,1,0
TKT705306,C104409,2022-07-18,Account Access,21.1,1,1
TKT705307,C104409,2024-05-17,Return Request,22.3,1,0
TKT705308,C104411,2025-11-08,Refund Request,20.3,1,0
TKT705309,C104411,2025-01-20,Account Access,8.5,1,0
TKT705310,C104411,2026-04-08,Return Request,9.3,1,0
TKT705311,C104412,2026-06-04,Product Defect,14.3,2,0
TKT705312,C104413,2023-04-13,Delivery Delay,5.8,3,0
TKT705313,C104413,2026-05-20,Billing Issue,9.9,3,0
TKT705314,C104414,2025-09-23,Technical Support,31.2,1,1
TKT705315,C104415,2025-03-02,Delivery Delay,10.0,2,1
TKT705316,C104415,2025-09-20,Refund Request,9.2,2,0
TKT705317,C104417,2026-05-19,Return Request,9.7,5,0
TKT705318,C104418,2025-10-10,Account Access,17.4,1,0
TKT705319,C104418,2024-06-28,Account Access,14.3,2,0
TKT705320,C104418,2025-09-01,Billing Issue,6.3,1,0
TKT705321,C104418,2026-07-07,Billing Issue,13.0,1,0
TKT705322,C104418,2026-04-17,Return Request,25.1,2,0
TKT705323,C104419,2024-02-21,Billing Issue,43.9,1,0
TKT705324,C104420,2026-03-10,Delivery Delay,9.6,4,0
TKT705325,C104421,2024-12-09,Refund Request,25.5,1,1
TKT705326,C104421,2026-05-10,Refund Request,22.4,2,0
TKT705327,C104421,2024-11-02,Product Defect,17.1,2,0
TKT705328,C104421,2024-12-04,Return Request,27.0,2,0
TKT705329,C104422,2026-01-15,General Inquiry,31.4,2,0
TKT705330,C104422,2025-05-21,Return Request,28.1,1,0
TKT705331,C104424,2023-06-25,Technical Support,10.9,4,0
TKT705332,C104425,2025-09-09,General Inquiry,14.8,3,0
TKT705333,C104427,2024-05-19,General Inquiry,13.2,1,1
TKT705334,C104428,2024-02-25,Return Request,19.6,4,0
TKT705335,C104429,2024-08-21,Return Request,11.1,3,0
TKT705336,C104430,2026-02-04,Billing Issue,5.1,1,0
TKT705337,C104430,2024-01-23,Delivery Delay,4.9,1,0
TKT705338,C104432,2024-09-09,Billing Issue,9.4,5,0
TKT705339,C104434,2026-06-06,Technical Support,35.7,1,0
TKT705340,C104434,2024-02-21,General Inquiry,2.8,1,0
TKT705341,C104435,2025-03-16,Technical Support,20.8,1,0
TKT705342,C104436,2026-02-16,Product Defect,21.4,4,0
TKT705343,C104437,2022-08-29,Billing Issue,12.2,2,0
TKT705344,C104437,2025-03-24,Technical Support,6.7,3,0
TKT705345,C104437,2023-10-19,Delivery Delay,1.3,2,0
TKT705346,C104440,2024-03-24,Technical Support,35.0,2,1
TKT705347,C104441,2026-03-11,Delivery Delay,18.6,3,0
TKT705348,C104441,2022-10-16,General Inquiry,10.7,3,0
TKT705349,C104442,2025-07-22,Account Access,15.4,1,0
TKT705350,C104442,2024-01-29,Billing Issue,1.2,2,0
TKT705351,C104442,2025-06-20,General Inquiry,8.8,1,1
TKT705352,C104443,2024-12-21,General Inquiry,13.8,1,0
TKT705353,C104443,2026-08-01,General Inquiry,23.4,2,0
TKT705354,C104444,2024-12-20,General Inquiry,7.8,4,0
TKT705355,C104445,2025-05-24,Account Access,39.1,2,0
TKT705356,C104446,2026-01-12,Product Defect,3.4,2,0
TKT705357,C104446,2023-10-13,Billing Issue,7.6,4,0
TKT705358,C104447,2025-05-16,Refund Request,39.5,2,0
TKT705359,C104448,2026-06-16,Delivery Delay,3.5,3,0
TKT705360,C104450,2026-04-27,Product Defect,5.8,2,0
TKT705361,C104450,2026-02-09,Technical Support,32.6,3,0
TKT705362,C104451,2026-03-20,Product Defect,26.4,1,0
TKT705363,C104451,2025-07-12,Refund Request,25.2,3,0
TKT705364,C104451,2022-12-08,Product Defect,45.6,2,0
TKT705365,C104451,2024-10-07,Refund Request,4.2,1,0
TKT705366,C104452,2025-08-22,Product Defect,16.3,4,0
TKT705367,C104453,2023-07-01,Technical Support,2.0,2,0
TKT705368,C104457,2024-10-26,Account Access,27.1,1,0
TKT705369,C104457,2023-02-23,Billing Issue,23.4,1,1
TKT705370,C104457,2024-07-02,Account Access,26.9,2,0
TKT705371,C104457,2023-05-15,Refund Request,14.2,1,0
TKT705372,C104458,2022-02-21,Product Defect,2.6,3,0
TKT705373,C104458,2022-06-25,Delivery Delay,1.3,5,0
TKT705374,C104459,2022-10-08,General Inquiry,5.3,2,0
TKT705375,C104462,2026-07-04,Return Request,21.1,3,0
TKT705376,C104462,2023-10-31,Account Access,6.1,3,0
TKT705377,C104462,2025-05-06,Return Request,5.2,1,0
TKT705378,C104463,2025-08-23,Delivery Delay,1.2,4,0
TKT705379,C104464,2026-02-21,Delivery Delay,38.8,3,0
TKT705380,C104464,2026-03-31,Billing Issue,8.9,1,0
TKT705381,C104464,2026-05-12,Billing Issue,6.1,1,0
TKT705382,C104467,2025-02-16,Billing Issue,12.1,1,0
TKT705383,C104467,2025-10-24,Delivery Delay,60.4,1,0
TKT705384,C104467,2024-10-13,General Inquiry,4.4,1,1
TKT705385,C104468,2025-12-19,Billing Issue,49.2,2,0
TKT705386,C104470,2023-01-01,Return Request,13.5,4,0
TKT705387,C104471,2023-10-17,General Inquiry,15.4,3,1
TKT705388,C104471,2024-09-15,Delivery Delay,3.8,5,0
TKT705389,C104473,2025-07-23,Return Request,11.7,3,0
TKT705390,C104473,2025-12-17,General Inquiry,13.0,2,0
TKT705391,C104473,2025-05-25,Account Access,5.6,3,0
TKT705392,C104474,2022-12-21,Return Request,2.8,3,0
TKT705393,C104475,2024-08-20,Account Access,10.0,4,1
TKT705394,C104475,2025-06-27,Refund Request,18.3,2,0
TKT705395,C104475,2023-03-02,Return Request,41.2,2,0
TKT705396,C104475,2024-08-04,Account Access,47.0,2,0
TKT705397,C104476,2026-08-01,General Inquiry,1.1,2,0
TKT705398,C104477,2025-04-20,Return Request,15.1,2,1
TKT705399,C104477,2024-02-03,Technical Support,9.4,3,0
TKT705400,C104477,2025-09-30,Billing Issue,6.5,2,0
TKT705401,C104477,2023-12-16,Account Access,57.8,2,0
TKT705402,C104478,2024-06-18,Account Access,7.6,2,0
TKT705403,C104479,2025-02-19,Product Defect,27.5,2,0
TKT705404,C104479,2024-01-20,Account Access,8.3,2,0
TKT705405,C104479,2025-04-20,Delivery Delay,38.1,2,0
TKT705406,C104479,2024-04-05,General Inquiry,5.0,4,0
TKT705407,C104480,2025-03-27,Return Request,5.0,3,0
TKT705408,C104481,2023-03-02,Return Request,12.2,1,1
TKT705409,C104481,2025-05-14,Delivery Delay,5.2,3,0
TKT705410,C104482,2024-12-01,General Inquiry,7.8,2,0
TKT705411,C104482,2023-10-16,Billing Issue,21.3,4,0
TKT705412,C104484,2026-03-07,Return Request,10.6,1,1
TKT705413,C104484,2025-06-01,Refund Request,31.4,2,0
TKT705414,C104484,2026-03-20,Account Access,29.1,1,0
TKT705415,C104484,2025-10-13,Return Request,16.8,1,0
TKT705416,C104486,2026-05-08,Return Request,26.7,1,0
TKT705417,C104487,2025-10-05,Account Access,4.5,1,1
TKT705418,C104487,2026-01-17,Refund Request,2.0,1,0
TKT705419,C104488,2025-11-21,Return Request,30.2,1,0
TKT705420,C104489,2023-12-30,Account Access,46.5,1,0
TKT705421,C104489,2025-05-29,Account Access,7.1,2,0
TKT705422,C104489,2026-06-13,Refund Request,16.4,2,0
TKT705423,C104489,2024-01-26,Product Defect,20.7,2,0
TKT705424,C104489,2026-04-22,Delivery Delay,9.4,3,0
TKT705425,C104489,2026-06-23,General Inquiry,4.8,2,0
TKT705426,C104491,2026-08-05,Refund Request,3.2,3,0
TKT705427,C104491,2025-09-16,Technical Support,29.7,3,0
TKT705428,C104491,2025-06-26,Technical Support,14.4,2,0
TKT705429,C104493,2026-04-25,General Inquiry,6.8,1,1
TKT705430,C104494,2025-07-13,Account Access,6.6,2,0
TKT705431,C104494,2024-12-22,Account Access,15.8,1,0
TKT705432,C104494,2026-04-25,Product Defect,5.3,1,0
TKT705433,C104494,2026-01-01,Technical Support,41.2,1,1
TKT705434,C104494,2024-12-26,Return Request,27.0,1,0
TKT705435,C104494,2026-08-12,Delivery Delay,15.2,1,0
TKT705436,C104494,2025-02-05,Technical Support,31.2,1,0
TKT705437,C104495,2026-07-01,Technical Support,20.8,2,0
TKT705438,C104495,2025-06-03,Product Defect,0.7,1,1
TKT705439,C104496,2026-06-17,Return Request,29.4,2,0
TKT705440,C104498,2026-07-18,Return Request,17.1,3,0
TKT705441,C104499,2024-08-01,Account Access,13.9,1,0
TKT705442,C104500,2026-04-15,Return Request,11.4,1,1
TKT705443,C104500,2026-05-13,Return Request,10.5,1,1
TKT705444,C104500,2026-05-14,Account Access,14.9,1,0
TKT705445,C104501,2025-05-01,General Inquiry,9.9,4,0
TKT705446,C104502,2026-02-10,Return Request,6.6,5,0
TKT705447,C104503,2023-04-07,Account Access,12.9,4,0
TKT705448,C104504,2026-05-21,General Inquiry,11.8,3,0
TKT705449,C104504,2026-03-29,Account Access,11.0,1,0
TKT705450,C104505,2024-10-16,Refund Request,8.7,4,0
TKT705451,C104505,2026-05-10,Billing Issue,43.6,1,0
TKT705452,C104506,2025-11-27,Billing Issue,9.1,2,0
TKT705453,C104506,2026-04-01,General Inquiry,11.4,1,0
TKT705454,C104507,2026-04-03,Refund Request,31.6,2,0
TKT705455,C104507,2026-03-18,Return Request,17.1,2,0
TKT705456,C104508,2024-12-12,Account Access,13.6,3,0
TKT705457,C104508,2026-08-02,Billing Issue,11.5,2,0
TKT705458,C104508,2025-09-02,Return Request,16.4,3,0
TKT705459,C104512,2026-07-07,Account Access,29.1,1,0
TKT705460,C104512,2026-06-14,Product Defect,19.7,1,0
TKT705461,C104513,2026-02-05,Refund Request,25.9,5,0
TKT705462,C104515,2026-07-05,Account Access,19.5,1,0
TKT705463,C104515,2026-07-09,Account Access,10.2,2,1
TKT705464,C104516,2026-04-03,Billing Issue,11.0,3,1
TKT705465,C104517,2024-10-04,Technical Support,5.0,2,0
TKT705466,C104519,2025-12-01,Billing Issue,7.4,4,0
TKT705467,C104521,2026-07-21,Product Defect,8.4,1,1
TKT705468,C104522,2025-08-04,Technical Support,3.1,3,0
TKT705469,C104523,2025-01-02,Technical Support,10.0,3,0
TKT705470,C104524,2026-07-14,Delivery Delay,31.5,2,0
TKT705471,C104524,2026-05-01,General Inquiry,19.8,1,0
TKT705472,C104524,2026-07-06,Account Access,7.3,1,0
TKT705473,C104525,2025-01-09,Account Access,13.2,3,0
TKT705474,C104526,2025-10-14,General Inquiry,12.4,2,0
TKT705475,C104527,2026-07-01,Product Defect,4.0,2,0
TKT705476,C104528,2025-07-18,Product Defect,3.4,5,0
TKT705477,C104529,2023-01-22,Delivery Delay,23.6,3,0
TKT705478,C104529,2022-05-30,Product Defect,14.9,2,0
TKT705479,C104530,2026-07-01,Billing Issue,26.5,3,0
TKT705480,C104530,2026-07-09,Technical Support,9.9,2,0
TKT705481,C104532,2025-05-31,Billing Issue,15.4,3,0
TKT705482,C104533,2024-04-16,Delivery Delay,0.6,1,1
TKT705483,C104533,2025-08-09,Delivery Delay,22.2,1,0
TKT705484,C104533,2023-08-24,Technical Support,16.7,1,0
TKT705485,C104534,2025-11-13,Delivery Delay,4.9,1,0
TKT705486,C104534,2026-04-26,Delivery Delay,12.0,2,0
TKT705487,C104534,2025-07-07,Delivery Delay,17.7,5,0
TKT705488,C104534,2025-08-13,Delivery Delay,24.6,2,0
TKT705489,C104534,2025-10-03,Account Access,4.2,4,0
TKT705490,C104534,2025-06-28,Return Request,2.7,3,0
TKT705491,C104535,2024-02-20,Product Defect,21.1,1,1
TKT705492,C104535,2026-03-06,Refund Request,5.1,1,0
TKT705493,C104535,2025-03-22,Billing Issue,40.6,2,1
TKT705494,C104535,2026-01-17,Delivery Delay,9.2,1,1
TKT705495,C104537,2026-07-22,Delivery Delay,17.3,2,0
TKT705496,C104537,2026-07-03,Billing Issue,42.5,1,0
TKT705497,C104537,2026-07-05,Product Defect,11.3,1,0
TKT705498,C104538,2025-11-04,Delivery Delay,14.8,2,0
TKT705499,C104542,2026-03-29,Refund Request,41.8,2,0
TKT705500,C104542,2026-07-09,General Inquiry,7.8,3,0
TKT705501,C104542,2026-08-12,Billing Issue,17.5,2,1
TKT705502,C104542,2026-01-23,Technical Support,37.9,1,1
TKT705503,C104542,2026-02-22,Delivery Delay,11.1,3,0
TKT705504,C104543,2021-09-10,Refund Request,8.5,3,0
TKT705505,C104543,2026-05-21,Technical Support,24.7,3,0
TKT705506,C104543,2022-05-25,Technical Support,17.4,1,0
TKT705507,C104544,2024-12-27,General Inquiry,16.9,4,0
TKT705508,C104546,2026-01-08,Return Request,7.7,1,0
TKT705509,C104546,2025-11-05,Product Defect,8.3,2,1
TKT705510,C104546,2025-07-06,General Inquiry,46.3,1,0
TKT705511,C104547,2022-03-31,Product Defect,9.9,2,0
TKT705512,C104547,2024-02-14,Technical Support,37.0,3,0
TKT705513,C104547,2024-04-09,Account Access,13.0,3,0
TKT705514,C104547,2025-04-04,Return Request,4.6,2,0
TKT705515,C104548,2024-09-07,Delivery Delay,6.7,2,0
TKT705516,C104549,2026-03-23,Account Access,22.4,2,1
TKT705517,C104549,2026-07-26,Refund Request,4.4,2,1
TKT705518,C104549,2026-01-22,Return Request,4.2,3,0
TKT705519,C104551,2026-04-25,Refund Request,21.6,2,0
TKT705520,C104552,2026-07-28,Refund Request,19.3,1,0
TKT705521,C104553,2025-01-19,Account Access,30.4,1,0
TKT705522,C104553,2023-02-27,Delivery Delay,21.1,1,0
TKT705523,C104554,2026-07-12,Refund Request,3.1,2,0
TKT705524,C104556,2024-12-14,Account Access,16.2,1,0
TKT705525,C104557,2025-10-16,Delivery Delay,46.1,2,0
TKT705526,C104557,2025-11-21,General Inquiry,13.8,2,1
TKT705527,C104557,2025-02-09,Technical Support,33.2,1,0
TKT705528,C104559,2024-08-20,Product Defect,11.2,2,0
TKT705529,C104559,2024-02-25,Product Defect,6.1,5,0
TKT705530,C104559,2024-07-10,Return Request,9.6,2,0
TKT705531,C104561,2025-02-09,Billing Issue,5.9,1,0
TKT705532,C104561,2024-07-28,Return Request,11.1,2,0
TKT705533,C104561,2025-06-19,Refund Request,13.5,2,1
TKT705534,C104562,2026-02-20,Billing Issue,16.8,2,0
TKT705535,C104563,2026-03-14,General Inquiry,9.0,1,0
TKT705536,C104563,2026-07-09,Return Request,8.3,2,0
TKT705537,C104563,2026-03-03,Product Defect,27.5,1,0
TKT705538,C104563,2026-05-26,Delivery Delay,22.2,1,0
TKT705539,C104563,2026-01-16,General Inquiry,15.0,1,0
TKT705540,C104564,2022-06-14,Billing Issue,16.3,4,0
TKT705541,C104565,2026-03-24,Product Defect,9.5,1,0
TKT705542,C104565,2026-06-10,Refund Request,31.0,1,0
TKT705543,C104565,2026-05-26,Billing Issue,3.9,2,0
TKT705544,C104567,2026-05-29,Delivery Delay,9.0,3,0
TKT705545,C104571,2025-02-12,Refund Request,33.5,1,1
TKT705546,C104571,2024-11-23,Billing Issue,4.7,2,0
TKT705547,C104571,2025-12-20,General Inquiry,34.3,1,0
TKT705548,C104573,2023-11-09,General Inquiry,16.3,2,0
TKT705549,C104574,2026-03-21,Return Request,18.4,1,0
TKT705550,C104574,2025-03-23,Account Access,9.0,1,0
TKT705551,C104574,2025-10-25,Account Access,32.4,1,0
TKT705552,C104574,2023-09-09,General Inquiry,37.2,1,0
TKT705553,C104577,2026-07-02,General Inquiry,6.2,5,0
TKT705554,C104579,2026-02-26,General Inquiry,29.4,1,1
TKT705555,C104580,2026-07-28,Return Request,16.6,2,1
TKT705556,C104581,2023-02-05,Product Defect,36.7,1,0
TKT705557,C104582,2025-09-12,Billing Issue,13.5,1,0
TKT705558,C104583,2025-05-24,Delivery Delay,12.8,1,1
TKT705559,C104583,2025-04-13,Delivery Delay,15.6,1,0
TKT705560,C104583,2026-07-18,Billing Issue,13.0,2,0
TKT705561,C104583,2025-04-01,Return Request,4.9,1,1
TKT705562,C104583,2024-10-04,General Inquiry,9.2,1,0
TKT705563,C104584,2024-09-10,Technical Support,36.1,1,1
TKT705564,C104585,2024-11-03,Product Defect,9.8,2,0
TKT705565,C104585,2024-06-02,Technical Support,38.0,2,0
TKT705566,C104587,2025-11-07,Account Access,3.1,2,0
TKT705567,C104587,2026-07-15,General Inquiry,13.3,2,0
TKT705568,C104592,2025-02-06,Return Request,50.6,2,1
TKT705569,C104592,2026-02-10,Technical Support,8.2,2,0
TKT705570,C104593,2023-06-13,Account Access,11.4,2,0
TKT705571,C104593,2024-05-02,Return Request,7.8,2,1
TKT705572,C104595,2026-03-28,Delivery Delay,3.7,1,0
TKT705573,C104595,2026-02-03,Technical Support,16.6,3,0
TKT705574,C104595,2026-02-04,Delivery Delay,13.1,2,0
TKT705575,C104598,2024-02-02,General Inquiry,32.4,1,0
TKT705576,C104598,2023-08-30,General Inquiry,24.3,1,0
TKT705577,C104599,2024-12-04,Product Defect,32.9,1,0
TKT705578,C104600,2024-12-26,Return Request,46.1,2,0
TKT705579,C104601,2026-08-04,Delivery Delay,27.7,4,0
TKT705580,C104602,2026-05-08,Account Access,12.6,2,0
TKT705581,C104602,2026-05-15,Billing Issue,7.9,3,0
TKT705582,C104603,2025-03-18,Account Access,10.0,3,0
TKT705583,C104604,2023-06-03,Product Defect,10.8,2,0
TKT705584,C104604,2025-11-11,Refund Request,1.1,2,0
TKT705585,C104604,2025-07-18,Technical Support,16.7,2,0
TKT705586,C104604,2025-12-14,Return Request,12.1,2,0
TKT705587,C104604,2025-09-02,Account Access,62.6,3,0
TKT705588,C104604,2024-01-03,Delivery Delay,28.1,2,0
TKT705589,C104605,2024-09-20,Technical Support,24.8,1,0
TKT705590,C104605,2024-01-22,Delivery Delay,10.6,1,1
TKT705591,C104605,2025-03-26,Technical Support,14.3,1,1
TKT705592,C104607,2026-06-06,Technical Support,9.8,3,0
TKT705593,C104608,2026-04-06,Delivery Delay,7.1,2,0
TKT705594,C104610,2023-07-25,Technical Support,19.4,2,0
TKT705595,C104611,2026-07-02,Technical Support,15.5,2,0
TKT705596,C104611,2026-03-17,Technical Support,34.1,2,0
TKT705597,C104612,2026-07-23,Billing Issue,3.6,1,1
TKT705598,C104612,2026-08-02,Return Request,18.0,1,0
TKT705599,C104612,2026-06-12,Refund Request,19.1,1,0
TKT705600,C104614,2025-09-04,Delivery Delay,10.3,4,0
TKT705601,C104615,2025-11-16,General Inquiry,19.7,1,0
TKT705602,C104617,2025-09-27,Delivery Delay,8.6,1,0
TKT705603,C104617,2023-03-08,Return Request,29.8,1,0
TKT705604,C104618,2025-11-24,Account Access,5.7,3,0
TKT705605,C104619,2023-05-08,Refund Request,4.7,4,0
TKT705606,C104619,2025-06-29,General Inquiry,2.1,3,0
TKT705607,C104620,2026-05-17,Product Defect,8.4,1,0
TKT705608,C104620,2026-06-09,Technical Support,36.6,1,0
TKT705609,C104620,2026-06-13,Technical Support,4.0,1,0
TKT705610,C104620,2026-04-11,Product Defect,12.4,1,0
TKT705611,C104621,2026-01-19,Account Access,22.3,1,0
TKT705612,C104621,2026-05-20,General Inquiry,26.7,2,0
TKT705613,C104621,2024-04-12,Product Defect,17.2,1,0
TKT705614,C104622,2025-12-19,Refund Request,15.1,1,0
TKT705615,C104623,2026-02-26,Technical Support,4.8,3,0
TKT705616,C104624,2023-10-10,Delivery Delay,7.6,3,0
TKT705617,C104626,2026-05-02,Account Access,2.1,1,0
TKT705618,C104626,2024-11-09,General Inquiry,15.5,1,1
TKT705619,C104626,2025-05-04,Billing Issue,3.4,1,0
TKT705620,C104627,2022-01-30,Technical Support,11.5,2,1
TKT705621,C104627,2026-07-18,General Inquiry,17.3,3,0
TKT705622,C104627,2024-09-26,Refund Request,23.5,5,0
TKT705623,C104629,2025-02-17,General Inquiry,26.0,2,0
TKT705624,C104630,2025-11-28,Delivery Delay,24.6,1,0
TKT705625,C104632,2026-08-06,Account Access,35.6,1,0
TKT705626,C104632,2025-01-30,Return Request,29.4,1,1
TKT705627,C104633,2025-01-22,Technical Support,5.3,1,0
TKT705628,C104633,2026-04-03,Delivery Delay,15.7,2,0
TKT705629,C104633,2026-01-21,Return Request,23.5,4,0
TKT705630,C104635,2025-10-16,Refund Request,9.4,4,0
TKT705631,C104635,2024-07-07,Product Defect,8.8,3,0
TKT705632,C104638,2026-04-04,Billing Issue,8.4,3,0
TKT705633,C104638,2023-09-14,Billing Issue,11.8,4,0
TKT705634,C104638,2025-02-03,Delivery Delay,3.0,2,1
TKT705635,C104638,2024-06-25,Billing Issue,15.9,4,0
TKT705636,C104640,2024-08-09,Account Access,4.2,3,0
TKT705637,C104641,2026-08-11,Refund Request,24.1,2,0
TKT705638,C104641,2025-05-19,Product Defect,12.2,4,0
TKT705639,C104642,2026-07-06,Refund Request,5.3,3,0
TKT705640,C104642,2026-07-22,Billing Issue,12.2,1,0
TKT705641,C104642,2026-07-07,Delivery Delay,31.0,2,0
TKT705642,C104642,2026-08-12,Refund Request,3.2,2,0
TKT705643,C104645,2025-09-27,Technical Support,12.1,2,0
TKT705644,C104646,2025-06-19,Return Request,12.5,2,0
TKT705645,C104646,2024-09-02,Billing Issue,46.1,1,0
TKT705646,C104646,2025-01-17,Billing Issue,14.7,2,0
TKT705647,C104646,2024-09-11,Technical Support,4.0,2,0
TKT705648,C104648,2021-08-25,Delivery Delay,4.7,3,0
TKT705649,C104649,2026-08-09,Account Access,13.9,1,0
TKT705650,C104650,2026-04-19,Billing Issue,7.7,3,0
TKT705651,C104651,2026-06-15,Technical Support,27.9,2,0
TKT705652,C104651,2026-07-03,Delivery Delay,3.6,2,0
TKT705653,C104651,2026-08-04,Product Defect,7.7,4,0
TKT705654,C104651,2026-06-19,Billing Issue,6.5,3,0
TKT705655,C104651,2026-07-06,General Inquiry,18.3,3,1
TKT705656,C104652,2025-12-14,Delivery Delay,13.3,4,0
TKT705657,C104652,2024-03-15,Account Access,30.9,3,0
TKT705658,C104655,2025-06-19,Delivery Delay,5.8,2,0
TKT705659,C104655,2025-08-21,Billing Issue,9.7,1,0
TKT705660,C104656,2026-04-15,Account Access,7.6,5,0
TKT705661,C104657,2025-04-05,Account Access,13.4,1,0
TKT705662,C104657,2025-02-24,Account Access,51.2,1,0
TKT705663,C104657,2024-07-06,General Inquiry,6.3,1,0
TKT705664,C104658,2025-07-04,Refund Request,12.0,3,0
TKT705665,C104658,2026-08-08,Refund Request,12.4,4,1
TKT705666,C104659,2025-12-20,Delivery Delay,7.0,2,0
TKT705667,C104659,2023-04-14,Account Access,24.1,3,0
TKT705668,C104660,2026-04-13,Technical Support,43.8,4,0
TKT705669,C104660,2025-10-04,Product Defect,17.8,1,0
TKT705670,C104660,2026-07-15,Return Request,27.5,1,0
TKT705671,C104660,2026-06-27,Billing Issue,25.1,1,1
TKT705672,C104662,2023-03-31,Account Access,3.8,1,0
TKT705673,C104662,2023-07-25,Account Access,7.1,2,0
TKT705674,C104663,2022-04-02,Return Request,5.9,3,0
TKT705675,C104664,2024-06-21,Delivery Delay,5.1,1,0
TKT705676,C104666,2024-11-22,Technical Support,33.0,1,0
TKT705677,C104666,2025-01-18,Product Defect,12.3,4,0
TKT705678,C104667,2022-03-18,General Inquiry,10.2,1,0
TKT705679,C104669,2022-12-27,Billing Issue,1.5,1,0
TKT705680,C104671,2026-01-11,Product Defect,18.8,2,0
TKT705681,C104671,2026-02-25,Product Defect,12.8,4,0
TKT705682,C104672,2024-11-16,Billing Issue,4.1,3,1
TKT705683,C104672,2025-02-20,Delivery Delay,2.0,2,0
TKT705684,C104675,2023-09-01,Delivery Delay,12.6,4,0
TKT705685,C104676,2023-11-26,Product Defect,12.2,3,0
TKT705686,C104679,2024-09-24,Billing Issue,8.0,3,0
TKT705687,C104679,2024-07-09,Technical Support,23.8,1,1
TKT705688,C104679,2024-02-29,Refund Request,8.6,2,0
TKT705689,C104679,2026-07-08,Delivery Delay,17.1,2,0
TKT705690,C104679,2026-06-09,Account Access,4.7,3,0
TKT705691,C104683,2025-08-12,Return Request,3.3,2,0
TKT705692,C104684,2025-08-27,Refund Request,7.0,2,0
TKT705693,C104684,2025-04-05,Product Defect,48.1,1,0
TKT705694,C104685,2024-01-23,Billing Issue,18.0,3,0
TKT705695,C104685,2025-04-06,Account Access,17.1,4,0
TKT705696,C104686,2026-02-20,Account Access,17.2,2,0
TKT705697,C104686,2023-11-10,Technical Support,9.2,2,0
TKT705698,C104688,2025-09-28,Delivery Delay,3.8,4,0
TKT705699,C104689,2026-01-07,Technical Support,5.7,2,0
TKT705700,C104693,2026-03-17,Delivery Delay,9.7,3,1
TKT705701,C104693,2026-06-24,Account Access,26.3,3,0
TKT705702,C104693,2026-02-23,Account Access,17.3,1,0
TKT705703,C104694,2026-06-05,Technical Support,7.2,3,0
TKT705704,C104695,2026-06-20,Product Defect,25.3,2,0
TKT705705,C104696,2025-10-31,Billing Issue,32.4,2,0
TKT705706,C104697,2024-10-25,Billing Issue,12.9,2,0
TKT705707,C104698,2025-04-11,Return Request,8.1,4,0
TKT705708,C104698,2025-05-14,Return Request,4.7,5,0
TKT705709,C104699,2026-07-03,Return Request,5.7,1,0
TKT705710,C104699,2026-08-07,Product Defect,8.6,2,1
TKT705711,C104700,2023-05-04,Technical Support,7.6,1,1
TKT705712,C104700,2025-01-23,Technical Support,19.7,2,1
TKT705713,C104700,2026-01-23,Account Access,10.4,1,0
TKT705714,C104701,2023-05-14,Return Request,5.6,3,0
TKT705715,C104702,2024-04-20,Technical Support,16.3,4,0
TKT705716,C104703,2023-06-18,Product Defect,19.0,1,0
TKT705717,C104704,2023-06-29,General Inquiry,25.7,1,1
TKT705718,C104706,2025-03-03,Technical Support,28.8,2,0
TKT705719,C104707,2026-04-21,Technical Support,18.8,4,0
TKT705720,C104708,2026-04-14,Product Defect,5.2,2,0
TKT705721,C104709,2025-10-27,Refund Request,8.4,2,0
TKT705722,C104709,2024-03-31,Billing Issue,5.9,3,0
TKT705723,C104712,2024-05-18,Product Defect,4.3,2,0
TKT705724,C104713,2026-02-21,Delivery Delay,12.0,1,0
TKT705725,C104714,2026-05-26,Account Access,19.5,1,0
TKT705726,C104714,2026-07-27,Technical Support,10.0,1,1
TKT705727,C104714,2025-10-15,Return Request,27.5,3,0
TKT705728,C104716,2026-06-01,Product Defect,6.9,1,0
TKT705729,C104716,2025-12-22,Delivery Delay,4.3,1,0
TKT705730,C104719,2024-06-26,Technical Support,14.5,2,0
TKT705731,C104722,2026-08-05,Return Request,18.4,5,0
TKT705732,C104722,2024-06-14,Technical Support,9.6,2,0
TKT705733,C104722,2025-03-04,Return Request,4.6,4,0
TKT705734,C104722,2024-01-08,Technical Support,1.6,2,0
TKT705735,C104723,2026-07-08,Return Request,17.3,2,0
TKT705736,C104724,2026-04-21,Product Defect,5.8,2,1
TKT705737,C104726,2026-02-27,Product Defect,6.5,4,0
TKT705738,C104726,2025-10-24,Refund Request,6.9,2,0
TKT705739,C104726,2025-03-05,Product Defect,7.9,1,0
TKT705740,C104728,2024-02-20,Technical Support,25.8,4,0
TKT705741,C104728,2026-06-06,General Inquiry,8.8,3,1
TKT705742,C104728,2024-07-12,Product Defect,0.6,2,0
TKT705743,C104731,2026-08-06,General Inquiry,1.6,3,0
TKT705744,C104732,2022-08-11,Refund Request,11.9,5,0
TKT705745,C104732,2024-05-14,Refund Request,10.8,1,0
TKT705746,C104735,2026-05-24,Technical Support,17.0,2,0
TKT705747,C104736,2022-08-07,Return Request,11.4,2,0
TKT705748,C104737,2026-07-16,Delivery Delay,8.8,2,0
TKT705749,C104737,2026-04-21,Return Request,3.1,1,0
TKT705750,C104737,2023-02-27,Technical Support,20.0,4,0
TKT705751,C104738,2021-08-23,General Inquiry,5.7,1,0
TKT705752,C104739,2026-05-27,Product Defect,12.3,2,1
TKT705753,C104739,2026-05-24,General Inquiry,1.9,3,0
TKT705754,C104739,2026-05-20,Account Access,4.1,1,0
TKT705755,C104740,2025-03-13,General Inquiry,10.3,3,0
TKT705756,C104741,2023-02-10,Technical Support,6.8,3,0
TKT705757,C104743,2026-03-05,General Inquiry,13.3,2,0
TKT705758,C104743,2026-01-15,Technical Support,22.1,1,0
TKT705759,C104745,2024-09-06,Billing Issue,2.9,2,0
TKT705760,C104746,2026-04-18,Technical Support,25.7,2,0
TKT705761,C104747,2024-03-23,Account Access,26.7,2,0
TKT705762,C104747,2025-05-18,Product Defect,11.6,2,0
TKT705763,C104750,2026-03-20,Return Request,15.3,1,0
TKT705764,C104750,2026-02-07,Billing Issue,9.1,3,0
TKT705765,C104751,2021-10-23,Billing Issue,7.0,2,0
TKT705766,C104751,2024-04-20,Account Access,5.4,3,0
TKT705767,C104751,2024-10-09,Billing Issue,19.2,2,0
TKT705768,C104752,2024-06-16,Return Request,19.1,1,0
TKT705769,C104752,2024-01-24,Billing Issue,25.4,2,0
TKT705770,C104752,2026-06-02,Technical Support,2.6,2,0
TKT705771,C104752,2026-03-20,Technical Support,3.5,2,0
TKT705772,C104752,2025-01-12,General Inquiry,30.5,1,0
TKT705773,C104759,2024-02-25,Account Access,16.9,2,0
TKT705774,C104763,2022-08-10,Delivery Delay,32.0,3,0
TKT705775,C104763,2022-04-01,Billing Issue,22.2,3,0
TKT705776,C104765,2023-10-03,Product Defect,10.4,1,0
TKT705777,C104765,2025-06-23,Product Defect,31.1,3,0
TKT705778,C104765,2024-09-06,General Inquiry,24.6,2,0
TKT705779,C104767,2022-09-23,Delivery Delay,18.0,2,1
TKT705780,C104768,2025-11-30,Delivery Delay,12.9,1,1
TKT705781,C104768,2026-02-06,General Inquiry,27.4,1,0
TKT705782,C104770,2026-06-28,Delivery Delay,1.3,3,0
TKT705783,C104770,2026-06-23,Account Access,14.7,1,0
TKT705784,C104771,2024-11-18,General Inquiry,9.3,2,0
TKT705785,C104771,2022-11-12,Technical Support,7.5,2,1
TKT705786,C104773,2024-08-12,Product Defect,4.5,2,1
TKT705787,C104774,2025-08-21,Billing Issue,9.0,4,1
TKT705788,C104775,2026-07-13,Product Defect,16.4,2,0
TKT705789,C104776,2026-07-14,General Inquiry,12.0,2,0
TKT705790,C104776,2026-04-22,Refund Request,10.2,2,0
TKT705791,C104776,2026-05-26,Billing Issue,23.6,2,0
TKT705792,C104776,2026-06-30,Account Access,7.0,3,0
TKT705793,C104778,2026-02-26,Technical Support,9.5,1,0
TKT705794,C104778,2026-06-30,Account Access,20.3,2,0
TKT705795,C104778,2026-03-03,Billing Issue,8.8,1,0
TKT705796,C104778,2026-04-03,Technical Support,8.6,1,1
TKT705797,C104778,2026-06-29,Delivery Delay,15.8,2,0
TKT705798,C104779,2025-05-15,Account Access,11.3,1,0
TKT705799,C104779,2025-11-21,Return Request,12.6,1,0
TKT705800,C104781,2025-07-20,Billing Issue,6.3,2,0
TKT705801,C104781,2025-04-13,Billing Issue,14.6,2,0
TKT705802,C104783,2024-12-29,Account Access,7.0,5,0
TKT705803,C104784,2026-03-04,Return Request,9.8,1,0
TKT705804,C104784,2023-08-24,Delivery Delay,13.4,1,1
TKT705805,C104786,2026-03-20,General Inquiry,17.4,2,0
TKT705806,C104788,2026-08-07,Product Defect,21.9,1,0
TKT705807,C104788,2026-08-05,Refund Request,11.9,1,0
TKT705808,C104789,2026-01-14,Refund Request,11.4,2,0
TKT705809,C104789,2025-08-27,Technical Support,3.3,3,0
TKT705810,C104794,2024-03-08,Technical Support,15.6,5,1
TKT705811,C104795,2026-04-20,Delivery Delay,8.6,4,0
TKT705812,C104795,2024-11-25,Product Defect,16.6,4,1
TKT705813,C104796,2026-04-05,Refund Request,15.5,1,0
TKT705814,C104798,2026-04-26,General Inquiry,4.8,1,0
TKT705815,C104799,2026-06-22,General Inquiry,6.2,1,0
TKT705816,C104799,2026-02-06,Refund Request,11.6,2,1
TKT705817,C104801,2025-07-27,Return Request,4.3,1,0
TKT705818,C104804,2025-09-14,Refund Request,15.6,2,1
TKT705819,C104804,2023-07-06,Billing Issue,11.9,2,0
TKT705820,C104805,2026-01-21,Refund Request,4.5,3,1
TKT705821,C104806,2024-06-28,General Inquiry,8.2,2,0
TKT705822,C104806,2026-05-22,Refund Request,5.1,1,0
TKT705823,C104808,2026-07-07,General Inquiry,1.7,3,0
TKT705824,C104808,2021-10-30,General Inquiry,15.8,4,0
TKT705825,C104810,2024-03-06,Product Defect,22.1,2,0
TKT705826,C104810,2025-03-15,Account Access,65.1,1,0
TKT705827,C104811,2024-07-29,General Inquiry,21.4,1,0
TKT705828,C104811,2023-02-18,Delivery Delay,7.1,2,0
TKT705829,C104812,2025-09-17,Delivery Delay,2.3,3,0
TKT705830,C104813,2021-05-20,Product Defect,1.8,2,0
TKT705831,C104814,2026-08-11,Billing Issue,32.5,4,0
TKT705832,C104814,2026-08-11,Account Access,6.3,2,0
TKT705833,C104815,2022-05-03,Account Access,3.9,2,0
TKT705834,C104815,2024-08-20,Account Access,41.1,2,0
TKT705835,C104818,2026-08-05,Billing Issue,20.1,2,0
TKT705836,C104820,2022-04-04,Refund Request,14.2,2,1
TKT705837,C104820,2025-01-01,Technical Support,5.5,2,0
TKT705838,C104820,2025-01-18,Technical Support,3.4,3,1
TKT705839,C104821,2023-08-17,Technical Support,6.3,2,0
TKT705840,C104822,2023-09-01,Billing Issue,19.3,3,0
TKT705841,C104822,2025-01-19,Refund Request,14.1,5,0
TKT705842,C104823,2024-05-28,Refund Request,12.0,3,1
TKT705843,C104825,2026-04-27,Return Request,12.7,3,0
TKT705844,C104825,2026-07-31,Product Defect,19.3,3,0
TKT705845,C104826,2026-07-21,General Inquiry,17.7,1,0
TKT705846,C104826,2026-03-23,Product Defect,34.1,1,0
TKT705847,C104828,2025-04-27,Billing Issue,21.9,1,0
TKT705848,C104828,2025-02-10,General Inquiry,12.4,1,0
TKT705849,C104829,2026-07-31,Delivery Delay,35.8,1,0
TKT705850,C104829,2025-07-06,General Inquiry,23.7,1,0
TKT705851,C104832,2026-06-27,Return Request,23.3,1,0
TKT705852,C104832,2026-04-01,Return Request,18.1,2,0
TKT705853,C104833,2023-04-06,Delivery Delay,15.0,5,0
TKT705854,C104834,2026-05-11,Refund Request,74.3,1,0
TKT705855,C104834,2024-04-08,Technical Support,5.9,1,0
TKT705856,C104834,2025-01-17,Product Defect,34.3,1,0
TKT705857,C104835,2026-03-13,General Inquiry,11.8,1,0
TKT705858,C104837,2024-09-19,Refund Request,15.4,2,0
TKT705859,C104839,2026-05-05,General Inquiry,6.3,2,0
TKT705860,C104843,2024-09-21,Refund Request,17.3,4,0
TKT705861,C104843,2026-01-25,Delivery Delay,6.3,2,0
TKT705862,C104845,2026-05-09,General Inquiry,15.9,1,0
TKT705863,C104845,2026-06-08,Technical Support,29.3,1,0
TKT705864,C104845,2023-08-22,General Inquiry,8.3,2,1
TKT705865,C104845,2023-10-21,Account Access,8.0,1,0
TKT705866,C104845,2023-12-04,Refund Request,2.1,3,0
TKT705867,C104845,2023-04-04,Technical Support,6.5,2,0
TKT705868,C104848,2022-01-25,Technical Support,4.8,3,0
TKT705869,C104848,2024-02-22,Delivery Delay,12.2,4,0
TKT705870,C104849,2026-06-14,Account Access,23.5,3,0
TKT705871,C104849,2025-08-08,Account Access,29.3,3,0
TKT705872,C104850,2024-06-10,Technical Support,9.6,2,0
TKT705873,C104851,2026-07-14,Account Access,9.9,2,0
TKT705874,C104851,2026-05-31,Refund Request,20.2,1,0
TKT705875,C104851,2026-03-17,Refund Request,29.6,3,0
TKT705876,C104851,2026-05-09,Refund Request,9.7,1,0
TKT705877,C104853,2022-03-13,Technical Support,6.3,1,0
TKT705878,C104856,2023-10-04,Product Defect,8.8,2,0
TKT705879,C104857,2026-07-28,General Inquiry,27.3,2,0
TKT705880,C104857,2026-04-20,Return Request,7.3,1,0
TKT705881,C104858,2025-05-13,Product Defect,13.1,1,0
TKT705882,C104858,2025-01-10,Technical Support,9.6,2,1
TKT705883,C104859,2022-12-19,Delivery Delay,32.9,4,0
TKT705884,C104859,2026-06-28,Product Defect,18.3,3,0
TKT705885,C104859,2026-03-15,Billing Issue,11.6,4,0
TKT705886,C104860,2025-08-24,General Inquiry,4.6,2,0
TKT705887,C104861,2024-09-09,Technical Support,8.1,2,0
TKT705888,C104862,2026-07-26,Delivery Delay,30.4,4,0
TKT705889,C104862,2024-05-14,Technical Support,11.9,2,0
TKT705890,C104863,2025-12-22,Product Defect,9.8,1,0
TKT705891,C104863,2026-02-22,Return Request,4.8,1,0
TKT705892,C104864,2025-01-16,Account Access,15.8,2,0
TKT705893,C104865,2024-08-09,Product Defect,26.4,3,0
TKT705894,C104866,2025-10-14,Delivery Delay,2.7,3,0
TKT705895,C104868,2026-07-09,Account Access,6.3,2,0
TKT705896,C104868,2026-07-06,Account Access,16.7,4,0
TKT705897,C104870,2023-11-08,Technical Support,49.8,2,0
TKT705898,C104870,2024-03-28,Billing Issue,84.2,1,0
TKT705899,C104871,2025-01-12,Return Request,13.8,2,0
TKT705900,C104871,2026-07-08,Billing Issue,12.2,1,0
TKT705901,C104871,2026-05-15,Account Access,13.0,2,1
TKT705902,C104873,2026-05-11,Return Request,6.0,2,0
TKT705903,C104873,2026-05-17,Account Access,7.7,1,0
TKT705904,C104876,2026-03-23,Technical Support,4.6,2,0
TKT705905,C104877,2025-12-11,Return Request,5.2,3,0
TKT705906,C104880,2026-02-07,Refund Request,12.6,3,0
TKT705907,C104881,2023-07-26,Delivery Delay,11.0,2,0
TKT705908,C104881,2023-07-11,Account Access,26.3,1,1
TKT705909,C104881,2023-06-08,Technical Support,6.0,4,0
TKT705910,C104882,2026-06-06,Return Request,31.9,2,0
TKT705911,C104884,2026-02-09,Refund Request,11.7,3,0
TKT705912,C104885,2025-03-04,General Inquiry,6.5,3,0
TKT705913,C104886,2021-04-18,Delivery Delay,16.0,1,0
TKT705914,C104886,2024-05-07,Delivery Delay,77.8,1,0
TKT705915,C104888,2024-09-22,Return Request,7.6,3,0
TKT705916,C104889,2026-03-02,General Inquiry,11.0,1,0
TKT705917,C104889,2026-06-12,Refund Request,13.6,1,0
TKT705918,C104889,2025-09-08,Billing Issue,21.7,1,0
TKT705919,C104889,2025-06-12,Product Defect,9.2,1,1
TKT705920,C104890,2026-03-20,Delivery Delay,9.7,1,0
TKT705921,C104890,2024-11-17,Billing Issue,7.4,3,0
TKT705922,C104891,2026-05-28,Technical Support,24.6,1,0
TKT705923,C104892,2026-07-16,Return Request,18.0,3,0
TKT705924,C104892,2026-05-28,Return Request,17.0,3,0
TKT705925,C104898,2023-05-14,Return Request,5.9,3,0
TKT705926,C104898,2025-12-16,Billing Issue,16.3,3,0
TKT705927,C104900,2026-08-07,Return Request,4.0,2,0
TKT705928,C104900,2026-05-05,Billing Issue,24.9,2,0
TKT705929,C104900,2026-08-09,Account Access,2.7,2,0
TKT705930,C104902,2026-07-09,Delivery Delay,14.8,2,1
TKT705931,C104902,2026-05-02,Account Access,6.4,1,0
TKT705932,C104902,2026-05-19,Refund Request,19.8,1,0
TKT705933,C104903,2025-05-03,Product Defect,6.5,5,0
TKT705934,C104903,2024-06-02,Technical Support,2.8,5,0
TKT705935,C104904,2022-02-01,Return Request,6.1,3,0
TKT705936,C104905,2026-03-20,Refund Request,32.7,1,1
TKT705937,C104905,2026-08-04,Return Request,11.1,2,0
TKT705938,C104909,2026-04-05,General Inquiry,11.5,3,0
TKT705939,C104910,2025-10-04,Billing Issue,11.7,2,0
TKT705940,C104912,2025-05-30,Delivery Delay,56.3,1,0
TKT705941,C104912,2023-12-19,Return Request,13.4,2,0
TKT705942,C104913,2024-04-04,Return Request,7.9,1,0
TKT705943,C104914,2025-01-25,Billing Issue,11.4,1,0
TKT705944,C104916,2025-06-25,Delivery Delay,17.3,3,0
TKT705945,C104916,2024-06-20,Billing Issue,11.0,4,0
TKT705946,C104916,2025-02-18,Refund Request,25.2,4,0
TKT705947,C104916,2026-08-09,Return Request,14.3,3,0
TKT705948,C104916,2026-03-11,Billing Issue,8.2,2,0
TKT705949,C104917,2025-08-19,Delivery Delay,21.9,2,1
TKT705950,C104919,2024-12-27,Product Defect,7.8,5,0
TKT705951,C104919,2024-12-15,Return Request,21.5,3,1
TKT705952,C104919,2025-07-16,Product Defect,37.5,3,0
TKT705953,C104920,2024-07-20,General Inquiry,14.0,2,0
TKT705954,C104920,2024-12-21,Return Request,2.8,1,0
TKT705955,C104921,2024-09-17,General Inquiry,22.5,2,0
TKT705956,C104922,2026-03-21,Return Request,16.6,2,0
TKT705957,C104925,2025-07-24,Return Request,5.5,1,0
TKT705958,C104925,2024-11-05,General Inquiry,21.5,1,0
TKT705959,C104925,2024-11-01,Return Request,20.2,2,0
TKT705960,C104925,2026-05-03,Refund Request,1.5,2,1
TKT705961,C104925,2024-08-12,Product Defect,17.3,2,1
TKT705962,C104927,2026-01-23,Account Access,3.6,2,1
TKT705963,C104928,2026-05-16,Delivery Delay,24.2,3,0
TKT705964,C104928,2026-05-20,Refund Request,14.3,2,0
TKT705965,C104930,2024-04-07,Refund Request,6.5,3,0
TKT705966,C104931,2024-07-29,Product Defect,9.8,1,1
TKT705967,C104933,2026-07-11,Delivery Delay,6.1,4,0
TKT705968,C104935,2024-08-11,Product Defect,28.7,3,0
TKT705969,C104936,2026-04-14,Product Defect,9.6,3,1
TKT705970,C104936,2026-04-28,Refund Request,12.8,2,0
TKT705971,C104936,2026-08-03,Return Request,23.3,1,0
TKT705972,C104937,2024-06-21,Technical Support,1.1,3,0
TKT705973,C104938,2026-04-29,Product Defect,4.3,1,0
TKT705974,C104938,2026-03-09,Product Defect,49.6,2,0
TKT705975,C104939,2024-03-05,Product Defect,12.8,5,0
TKT705976,C104940,2026-08-12,Refund Request,16.3,1,0
TKT705977,C104944,2024-11-23,Delivery Delay,22.7,5,0
TKT705978,C104946,2026-05-23,Return Request,2.0,3,0
TKT705979,C104948,2026-04-20,Account Access,3.7,3,0
TKT705980,C104949,2024-12-03,Return Request,5.2,3,0
TKT705981,C104950,2024-03-03,Account Access,17.5,1,0
TKT705982,C104950,2023-04-01,Technical Support,7.3,2,0
TKT705983,C104951,2024-03-16,Technical Support,6.5,3,0
TKT705984,C104951,2024-06-24,Delivery Delay,7.2,3,0
TKT705985,C104951,2023-08-20,Delivery Delay,6.8,4,0
TKT705986,C104954,2025-05-30,Technical Support,13.0,2,0
TKT705987,C104955,2023-03-13,Account Access,5.2,3,0
TKT705988,C104956,2026-07-24,Refund Request,6.3,4,1
TKT705989,C104958,2024-10-22,Product Defect,16.0,1,0
TKT705990,C104959,2025-09-09,Product Defect,11.9,1,0
TKT705991,C104959,2023-04-18,Return Request,18.6,2,0
TKT705992,C104960,2024-08-16,Return Request,8.4,2,0
TKT705993,C104960,2024-06-14,Product Defect,10.7,4,0
TKT705994,C104961,2025-01-11,Delivery Delay,15.4,3,0
TKT705995,C104962,2026-08-05,Account Access,34.4,1,0
TKT705996,C104962,2026-08-01,Refund Request,11.6,1,0
TKT705997,C104964,2025-11-26,Refund Request,17.5,2,0
TKT705998,C104965,2025-09-04,Billing Issue,3.2,3,0
TKT705999,C104966,2021-11-05,Technical Support,14.5,3,0
TKT706000,C104968,2025-07-25,Return Request,1.0,2,0
TKT706001,C104968,2024-06-16,Technical Support,14.4,5,0
TKT706002,C104969,2025-06-05,Return Request,16.0,1,0
TKT706003,C104969,2026-06-15,Technical Support,7.3,3,0
TKT706004,C104969,2026-06-10,Billing Issue,27.5,2,1
TKT706005,C104970,2025-10-02,Technical Support,12.3,4,1
TKT706006,C104971,2026-08-09,Account Access,30.8,2,0
TKT706007,C104971,2026-01-14,Technical Support,8.9,2,0
TKT706008,C104972,2026-03-04,Delivery Delay,14.9,1,0
TKT706009,C104972,2026-01-11,General Inquiry,3.4,2,1
TKT706010,C104974,2026-07-23,Return Request,41.6,2,0
TKT706011,C104974,2025-05-07,Billing Issue,15.5,2,0
TKT706012,C104974,2025-12-26,Return Request,10.3,1,0
TKT706013,C104974,2026-02-27,Product Defect,11.4,1,0
TKT706014,C104975,2024-08-12,Technical Support,2.5,3,0
TKT706015,C104977,2026-04-12,Billing Issue,0.5,4,0
TKT706016,C104978,2026-06-01,General Inquiry,22.8,1,0
TKT706017,C104978,2026-04-20,General Inquiry,31.6,1,0
TKT706018,C104978,2026-03-27,Billing Issue,7.3,2,0
TKT706019,C104980,2025-09-18,Technical Support,9.0,2,0
TKT706020,C104980,2024-01-24,Delivery Delay,5.9,2,1
TKT706021,C104982,2025-03-03,Delivery Delay,21.8,3,0
TKT706022,C104982,2025-04-03,Delivery Delay,12.3,1,1
TKT706023,C104983,2024-07-14,Account Access,16.3,4,0
TKT706024,C104983,2024-12-23,Refund Request,13.5,3,0
TKT706025,C104984,2026-07-22,Product Defect,28.5,4,0
TKT706026,C104984,2026-07-08,Refund Request,4.0,3,1
TKT706027,C104985,2025-11-14,Product Defect,11.0,3,0
TKT706028,C104985,2025-07-16,Delivery Delay,6.7,3,0
TKT706029,C104989,2025-10-10,Billing Issue,18.2,2,0
TKT706030,C104991,2026-03-10,Technical Support,13.7,3,1
TKT706031,C104991,2025-05-09,Return Request,7.9,3,0
TKT706032,C104992,2026-07-30,Technical Support,33.1,3,0
TKT706033,C104992,2026-06-02,Return Request,7.2,1,0
TKT706034,C104993,2026-07-25,Refund Request,3.5,3,0
TKT706035,C104994,2025-11-22,Return Request,6.5,4,0
TKT706036,C104994,2026-04-23,Account Access,47.3,5,0
TKT706037,C104999,2026-07-30,Technical Support,42.4,2,0
